Codigo;produto;QTD.;Vlr Unit.
14259;  ALWAYS PINK NOTURNO L16P14 ;8;20,0000
20541;  CR. HID. MUNDIAL PES E MAOS 2;8;10,0000
27432;  FORRACAO ORTOP. GEL PARA CADE;1;172,0000
16565;  FUM QUETIAPINA 100MG BIO;3;56,0000
27957;  H SPRAY CHARMING 150ML FORTE;4;31,0000
17173;  ISDIN FOTOPROT FPS 99+FL 50ML;1;150,0000
8714;  MORDED CLEAN C/ ESTR AZUL;1;9,5000
25679;  OLEO LAVANDA CAB CORPO 100ML;1;9,0000
28719;  ROUPA INT BIGFRAL FEM MOVIME ;4;26,0000
29981;  SAB VITAMINA C ANTI IDADE;2;10,0000
35876; (P02275) OLEO MILAGROSO SUPER;1;22,0100
35687; (VA4026) LOCAO PARA AFINAR OS;5;11,0000
35688; (VA4027) SABONETE FACIAL VIT C;2;33,0000
35692; (VA4035) GEL SECATIVO PARA ACN;3;36,0000
35693; (VA4036) BASTAO SECATIVO PARA;1;29,0000
35701; (VA4062) ESFOLIANTE VANILLA FA;2;36,0000
36115; - PROT SOLAR SUNDOWN FPS50 100;3;42,5000
36801; 10 BI IMUNE 30CPR   MOME SS;1;201,0000
17620; 20 BI 335MG 30CAP;1;337,0000
30121; 401E PANTURRILHA EXTRA GRANDE;2;193,0000
15265; AAS INF.100MG C/30 COM;2;29,2200
9741; AAS PROTECT C/ 30 COMPR;10;24,1300
4427; ABC CREME 20G ( CLOTRIMAZOL );4;14,1500
8337; ABC SPRAY 30ML(CLOTRIMAZOL);7;33,0000
4385; ABLOK 25MG C/30 COMP;2;16,5400
2214; ABLOK 50MG C/ 30 COMP;1;41,9300
3269; ABLOK PLUS 100/25MG C/30 CPS;1;81,6500
17528; ABLOK PLUS 25/12,5MG 60 CO;1;54,8400
5819; ABLOK PLUS 25/12,5MG C/30 COMP;3;27,4000
3127; ABLOK PLUS 50/12,5MG C/30 CPS;1;50,6100
37362; ABRYFLUI XPE 7MG/ML 100ML + CO;3;14,9900
14675; ABS ALWAYS C/ABA NOT 16UN;1;18,0000
14441; ABS ALWAYS PINK NOT L8P7C/ABAS;12;11,0000
19159; ABS ALWAYS SECA C/ 32 UN;1;16,0000
35575; ABS BIGFRAL REG PLUS TAM UNI C;7;21,0000
2053; ABS CAREFRE BRISA S/PERFUME C/;3;10,5000
4613; ABS CAREFRE ORIGINAL C/15 UNID;7;10,5000
15855; ABS CAREFREE C/ 40UN FLEXI;5;20,0000
15854; ABS CAREFREE C/80UN FLEXI;4;33,0000
17049; ABS CLINOFF C/ABAS C/8 UN.;520;4,0000
31785; ABS COTTON SUAVE C/16 A/ABAS;22;8,0000
14223; ABS INTIMUS GEL NOT C/AB 8UNI;1;8,0000
24806; ABS INTIMUS NORTUNO SECA C/ABS;6;27,0000
23888; ABS INTIMUS NOTURNO 30UN;13;27,0000
15044; ABS INTM GEL C/16P14 C/ABAS;10;8,5000
33797; ABS LIBRE PURESEN ULTRAF DIA 1;1;6,5000
37188; ABS LIBRE PURESEN ULTRAF NOTUR;1;11,0000
12058; ABS MAXI GERIATRIC C/ 20UNI;48;25,0000
33934; ABS MODESS 8 UND MALHA SUAVE C;85;4,0000
34533; ABS NAT 16 UND C/ ABAS;6;8,0000
9567; ABS OB MEDIO C/10 UNID;1;14,0000
7721; ABS OB SUPER C/10;5;14,0000
26709; ABS P SEIOS CREMER 12UN NOVO;2;15,0000
26710; ABS PARA SEIOS CREMER 24 UNI N;2;28,5000
19743; ABS S LIVRE ABA 32UN JOHN;7;22,0000
8879; ABS S LIVRE FIT C/A L16P14 ;7;13,0000
15236; ABS S LIVRE HIG  SECA C/ABA 8;6;10,5000
18451; ABS S LIVRE HIG NOT SUAVE ABA;4;20,0000
30438; ABS SEIOS 12UN POLYFARMA;5;10,0000
1501; ABS SEMPE LIVRE S/ABAS C/8 UNI;12;5,5000
6835; ABS SEMPRE LIVRE ADAPT C/8 UNI;10;6,5000
13651; ABS SEMPRE LIVRE C/8 C/ABAS ES;7;5,5000
6461; ABS SEMPRE LIVRE C/ABAS C/16;3;10,5000
15853; ABS SEMPRE LIVRE NOT 32UNI;5;34,0000
5532; ABS SEMPRE NOTURNO C/ABAS C/8;7;10,5000
31563; ABS SYM SUAVE C/ABAS C/8;346;4,0000
37189; ABS TENA LADY DISCREET FLEX 15;1;11,0000
31465; ABS.COTTON LINE SUAVE C/ABAS C;1;4,0000
34056; ABS.INTIMUS NOTURNO 45 UNIDADE;5;33,0000
34055; ABS.INTIMUS NOTURNO EX.PROT.SU;10;33,0000
23551; ABSORVENTE INTERNO MEDIO INTIM;3;13,0000
23197; ABSORVENTE INTIMUS INTERNO MIN;5;13,0000
23866; ABSORVENTE INTIMUS SUAVE COM A;3;16,0000
23357; ABSORVENTE NOTURNO ABAS L32P24;4;34,0000
17142; ABSORVENTES MULTIUSO CONFOR 20;38;18,0000
19938; ACEBROFILINA XPE ADU 50MG 120M;9;18,0000
6414; ACEBROFILINA XPE INF 120ML EUR;5;21,8000
20685; ACECLOFENACO 30G CRM;1;39,7700
33040; ACEFLOR 2BLTX6 COM REV-NQ;3;15,0000
2829; ACERATUM SOL OTOL 10ML;1;28,4000
36490; ACET CIPRO+ETINIL 2,0+0,035 MG;4;11,0000
29067; ACET CLORMA +ETINIL ( GEN BELA;3;28,2300
14617; ACETATO DE HIDROCORTISONA 15G;3;16,5800
17433; ACETILCISTEINA XPE ADT 40MG/ML;14;20,0000
14351; ACETILCISTEINA XPE PED 120ML;3;26,0000
22464; ACETONA 100ML;9;5,0000
5055; ACHEFLAN AEROSOL 54GR;1;94,6100
4307; ACHEFLAN CREME 30GR;1;75,2600
14975; ACICLOVIR 200MG C/ 25 COMP SAN;2;24,5600
17775; ACICLOVIR 200MG. C/25 CPRS;5;22,0000
28625; ACICLOVIR 400MG C/30 LEG;1;75,2300
17278; ACICLOVIR CRE DERM 10G;1;10,0000
8436; ACICLOVIR CREME 10G PRATI-DONA;6;13,3500
26290; ACID HIALUR HIDRADERM 30ML;2;53,0000
36976; ACIDIFICANTE ELIXIR BEAUTY COL;1;24,0000
37306; ACIDIFICANTE FIO RESTORE 120ML;3;34,0000
31822; ACIDO ACETILSAL 100MG 30CP REV;4;14,5600
20703; ACIDO ACETILSALICILICO INF 100;5;14,9700
34253; ACIDO HIALURONICO 150MG 30CPR;1;76,0000
13442; ACIDO TRANEXAMICO 250MG C/ 12 ;2;58,2300
2403; ACIDO TRANEXAMICO 250MG C/12 E;3;50,6400
435; ACNEZIL GEL 20G;2;20,0000
16338; ACNEZIL GEL SECATIVO BG 10 G;2;20,0000
32682; ACNEZIL SABONETE BARRA PELE A;4;11,0000
31087; ACNEZIL SABONETE BARRA PELE OL;3;11,0000
17480; ACNEZIL SABONETE LIQUIDO FACIA;1;29,0000
35989; ACQUA KIDS CREM PENT 3EM1 FRAM;1;18,5000
35990; ACQUA KIDS CREM PENT 3EM1 MANG;1;18,5000
35991; ACQUA KIDS CREM PENT 3EM1 MELA;1;18,5000
35992; ACQUA KIDS CREM PENT 3EM1 MORA;3;18,5000
35983; ACTINE AQUAFLUID F60 40G SEM C;1;89,0000
28634; ACTINE GEL DE LIMPEZA 140ML;2;58,0000
30936; ACTINE SAB LIQ 140ML;1;58,0000
35067; ACU FRESH G SOL OFT. 5MG/ML +;4;23,5900
17499; ACULAR LS 0,4% COL 5 ML;1;82,7000
3151; AD-MUC POMADA 10GR;1;71,1200
9397; AD-TIL SOL 20ML;1;23,5300
8024; ADACNE CLIN 45G;1;83,8100
23370; ADAPTIS FRESH 0,4%;1;93,0000
23362; ADAPTIS GEL OFT 2MG 10G;2;90,5200
23802; ADAPTIS SOL OFT 0,5% 10ML  OUT;3;31,0000
24064; ADAPTIS SOL OFT 1% 10ML;1;84,0000
22181; ADDERA 2000 30CAPS MOLES;1;84,4200
26734; ADDERA CAL 2000UI C/30 COMP;1;125,0400
23999; ADDERA D3 1.000UI 5ML;1;80,8000
24992; ADDERA D3 1.000UI C/30;1;77,5500
20169; ADDERA D3 10000UI C/4 CAP;1;72,7100
26334; ADDERA D3 14000UI 4CPS;1;81,8300
16329; ADDERA D3 50000UI 4CAP;1;151,6000
23010; ADDERA D3 7.000UI C/30 CAPS GE;1;183,7500
16059; ADDERA D3 7000 UI C/4 CAP GEL;1;46,6300
29679; ADDERA MAX 30CPR;1;105,0200
7; ADEFORTE ORAL AMP 3ML;4;33,0000
34619; ADEFORTE TURBO C/2 AMPOLAS;2;57,0000
25421; ADESIVO PARA REMOCAO DE CRAVOS;3;22,5000
3921; ADINOS 0.5MG GEL 15G;1;23,6200
11304; ADINOS GEN CREME C/ 30 G ;2;55,4700
14483; ADIPEPT 20MG C/28 COMP;1;63,3100
14181; ADIPEPT 40MG C/ 28 COMP;1;62,6300
37082; ADOC LINEA LIQ 100ML SACARINA(;2;9,0000
27827; ADOC LINEA XILITOL  60ML;2;18,5000
35623; ADOC ZERO CAL LIQ 065ML XILITO;2;17,0000
7803; ADOCANTE LINEA 25ML;7;8,0000
9108; ADOCANTE LINEA 75 ML SUCRALOSE;12;15,0000
16244; ADOCANTE STEVIA LIQUIDO LINEA ;6;8,0000
24807; ADOCANTE ZERO CAL SUCRALOSE 10;2;14,0000
28; ADOLESS C/28 CPS;1;55,8100
26017; ADVIL 400MG 8CAPS;1;18,6000
13380; ADVIL 400MG ENV 3 CAPS;1;10,2300
11; AERODINE SPRAY C/200 DOSES;143;21,2300
2183; AEROLIN 5MG C/10 ML;3;25,0100
14; AEROLIN SPRAY 200 DOSES;10;27,8300
36598; AFCALM SPRAY BUCAL 30ML (BIOLA;1;36,2600
24571; AFFER SPRAY 0,04% 30ML;1;100,0000
10666; AFTINE GOTAS SABOR MENTA 20ML;4;24,0000
36363; AG PROT SOL CPO FPS70 ALTA PRO;1;50,0000
37504; AGIIGRIP DUO C/6 CP ENV;50;4,0000
22886; AGUA BORICADA 100ML UNIPHAR;27;4,0000
20; AGUA DESTILADA P/INJECAO 10ML;199;2,0000
27987; AGUA MICELAR 200ML FARMAX;8;20,0000
25084; AGUA MICELAR BIFASICA 200ML;1;34,0000
37086; AGUA MICELAR CONTROL NIVEA 200;1;35,0100
30264; AGUA MICELAR DERMA CHEM VIT C;5;12,5000
27085; AGUA MICELAR GARNIER ANTIOLISA;2;50,0000
17945; AGUA MICELAR HIDRADERM 200ML F;1;16,0000
15771; AGUA MICELAR LOREAL 200ML;3;34,0000
25085; AGUA MICELAR LOREAL EF/MAT200M;1;34,0000
28707; AGUA MICELAR MATTE HIDRADERM 2;2;16,0000
29975; AGUA MICELAR ROSA MOSQUETA ION;5;12,5000
22875; AGUA OX 10 1L BEAUTY;1;27,0000
26901; AGUA OX 10 VOL FARMAX SPRAY ;3;6,0000
16786; AGUA OX DESCOL FARMAX 40VL;8;2,5000
36539; AGUA OXIG 10VL SPRAY 100ML (UN;11;6,5000
28783; AGUA OXIG ALYNE 20 VOL 100ML;2;2,5000
25255; AGUA OXIG CREM 10VOLBEAUTY;4;5,0000
19302; AGUA OXIG MARCIA 900ML 10V ;1;16,0000
9948; AGUA OXIG. CREMOSA 20VOL 70ML;12;2,5000
2682; AGUA OXIG. CREMOSA 30V 70ML;287;2,5000
9852; AGUA OXIG. CREMOSA 40 C/70ML;18;2,5000
20099; AGUA OXIGENADA 1000ML 30V;9;27,0000
20098; AGUA OXIGENADA 1000ML 40V;4;27,0000
19344; AGUA OXIGENADA 10VOL 100ML;10;4,0000
14984; AGUA OXIGENADA 30 90ML FARMAX;7;3,0000
17390; AGUA OXIGENADA 30VOL 900ML MAR;7;16,0000
17389; AGUA OXIGENADA 40VOL 900ML MAR;4;16,0000
25647; AGUA OXIGENADA BEAUTY COLOR 20;3;5,0000
25648; AGUA OXIGENADA BEAUTY COLOR 30;1;5,0000
25649; AGUA OXIGENADA BEAUTY COLOR 40;2;5,0000
22024; AGUA OXIGENADA FARMAX  90ML 10;7;3,0000
14646; AGUA OXIGENADA VOL10 ML FARMA;1;4,0000
3977; AGUA RABELO 150ML;3;18,0000
23; AGUA RABELO 250ML;4;28,0000
32; AGUA RABELO 500ML ;3;35,0000
15150; AGUA RABELO 500ML C/ROMA ;3;38,0000
14589; AGUA RABELO C/ROMA 150ML;3;18,0000
14590; AGUA RABELO C/ROMA 250ML;3;28,0000
23881; AGUA RABELO SPRAY 6EM1 45ML;6;18,0000
24855; AGUA RABELO SPRAY ZR ACUCAR ;6;18,0000
33516; AGUARDENTE ALEMA 100ML (LAPON);7;10,0000
33863; AGULHA 13MMX0,45MM*HYPODERMIC;34;0,4000
1891; AGULHA DESC 25X7;375;0,4000
34665; AGULHA DESCARTAVEL C/1 UNIDADE;18;0,3000
36830; AGULHA DESCARTAVEL C/1 UNIDADE;80;0,3100
24548; AGULHA P CANETA 5MM G TECH;4;65,0000
25211; AGULHA P INSULINA G.TCH 4MM;2;60,0000
26822; AGULHA PARA INSULINA G-TECH 6M;3;53,0000
13159; AIDE 3 VIT. GOTAS C/ 10 ML;1;73,0000
22770; AIRES 600MG SACHES;2;109,5000
37434; AKABE 500ML NATUBIO;20;42,0000
9799; AKINETON 4MG C/30COMPRIMIDOS;1;36,0200
1367; ALBEL SUSP.10ML ;16;5,0000
31235; ALBENDAZOL 400 MG COM 1 COMPRI;3;5,0000
16601; ALBENDAZOL 400MG 1CPR;134;5,0000
34962; ALBENDAZOL 400MG C/ 3CP MASTIG;5;14,9900
31; ALBOCRESIL SOLUCAO;2;45,6000
6480; ALCOOL 70% 1L ITAJA;56;13,0000
21025; ALCOOL 70% 50ML (IMEC);23;5,0000
22819; ALCOOL 70% 50ML UNIPHAR;2;4,0000
36491; ALCOOL ETILICO 70% 50ML SPRAY;1;7,0000
19247; ALCOOL GEL 70 ANTISSEPITICO C/;3;20,0000
69; ALDACTONE 25MG C/30 CPS;1;46,8400
27841; ALEKTOS  20MG C/20COMP.;1;80,1000
35050; ALEKTOS DERM LOC HID 200ML;1;120,0000
28771; ALEKTOS2,5MG SOL ORAL 120ML;1;96,5200
33937; ALEMA LAPAN 30ML;37;5,0000
20820; ALENDRONATO 70MG 4 CPR CELLERA;16;8,2500
18385; ALENDRONATO DE SODIO 70MG 4CPR;8;8,2500
16330; ALENDRONATO DE SODIO 70MG C/4 ;3;8,2500
3132; ALENIA 12/400MCG C/60 CAPS REF;4;167,2500
5261; ALENIA 12/400MG C/60 CAPS+INAL;5;211,0900
3164; ALENIA 6/200MG C/60 CAPS REFIL;4;124,3300
17135; ALEVO 500MG 7CPR ;1;111,8600
26498; ALGESTONA+ESTRADIOL 1AMP INJ;22;17,0000
13672; ALGI ARTICULAR C/ 30 COMP;1;90,0000
18086; ALGI OSSEO 30CPR;1;115,0000
21590; ALGIE 150MG 10CPR;5;59,5100
34955; ALGILIVE 160 MG CAP DURA LIB P;3;35,2200
34956; ALGILIVE 320 MG CAP DURA LIB P;2;62,2300
4484; ALGINAC 1000MG C/15 COMP REV;2;39,0000
6907; ALGINAC 5000 INJ 2ML C/3 AMP;2;38,7800
13307; ALGINAC RETARD C/ 10 COMP;2;77,5200
22369; ALGODAO BOLA FLOC 25G;6;1,7000
28108; ALGODAO CREMER BOLA 50 GR;6;6,5000
27346; ALGODAO CREMER BOLA 95G;15;11,5000
22964; ALGODAO CREMER DISCO 50UNIDADE;3;12,0000
25177; ALGODAO CREMER DISCO LV100PG85;2;18,0000
30440; ALGODAO DISCOS 100 UN;1;12,0000
35291; ALGODAO NATHY 25G;16;1,8000
1963; ALGODAO NEVOA 25GR;25;2,0000
35023; ALGODAO TOPZ 100UN DISCO L100P;1;13,5000
35766; ALGODAO TOPZ BOLAS 25G(E);8;2,0000
28109; ALGODAO TOPZ DISCO 1X50UN;4;9,5000
35240; ALGY FLANDERIL 600MG 10 CPS MO;2;20,0000
29245; ALICATE UNHA ENOX REF691;1;37,5000
20728; ALIMENT INF SILIC NET AZUL;3;20,5000
20729; ALIMENT INF SILIC ROSA 7360;3;20,5000
36672; ALIMENTADOR FREEZYNG POUCH F 7;2;25,0000
5418; ALIVIUM 100MG/ML GOTAS 20ML;9;50,6400
3681; ALIVIUM 50MG/ML GOTAS 30ML;4;54,3200
17592; ALIVIUM 600MG C/ 10 CAPS MOLES;1;53,5200
28015; ALIVIUM GC 200MG/ML SUSP GTS20;1;67,4900
6774; ALLEGRA 180MG C/10 COMP;1;92,1600
13302; ALLEGRA 60MG C/ 10 COMP;1;47,3000
5626; ALLEGRA D 60MG C/10 COMP;1;75,6000
7289; ALLEGRA PEDIATRICO 60ML;1;41,1000
25436; ALLESTRA  20 CAIXA C/63 COMP;2;100,0700
13255; ALLESTRA 30 CAIXA C/ 63 COMP;3;99,8800
34396; ALLESTRA CONTI 75MCG+30MCG 28C;1;50,2100
26120; ALLEVIA CREME 200G;2;79,0000
23587; ALLEXOFEDRIN 120MG 1BLTC/10 CO;1;26,5600
4483; ALLEXOFEDRIN D 60MG+120MG C/10;4;64,8900
25714; ALMEIDA PRADO 35 C/60 CP;2;23,2200
31640; ALMEIDA PRADO N46 60CP;2;43,3200
28236; ALMOFADA GEL REDONDA C/ORIFICI;1;185,0000
32817; ALONG-C 450MG 30CAP;1;206,0000
10536; ALOPURINOL 100MG C/ 30 COMP;1;9,0000
16184; ALOPURINOL 100MG C/30 COM;2;12,0000
16905; ALOPURINOL 300MG C/ 30 COMP;1;22,0000
13920; ALOPURINOL 300MG C/ 30COMP;2;25,4800
45; ALPHAGAN COL 5ML;2;146,3900
5179; ALPHAGAN Z SOL OFT 5ML;1;76,7100
15217; ALPRAZOLAM 0,25MG 30CPR GERMED;4;8,6600
10472; ALPRAZOLAM 0,5 MG 30 CPR GERME;6;9,7300
10327; ALPRAZOLAM 0,5 MG C/30 COMP;12;11,2900
2629; ALPRAZOLAM 1MG 30CPR GERMED;19;13,2100
36794; ALPRAZOLAM 2MG 30 CPR GN B1 TE;2;20,0000
1459; ALPRAZOLAM 2MG C/30 COMP GENER;1;16,5200
22101; ALTA D 15.000 UI 4CAPS;2;62,3900
23394; ALTA D 50.000 UI 4 CAPS;1;101,2000
28713; ALTA D 500UI 10ML;1;104,0000
22433; ALTA D 7.000 UI 4 CAPS;2;21,3200
28414; ALTA D CAL 1000MG 60CPR;1;221,0000
3307; ALTIVA 120MG C/10 COMP;1;70,0200
56; ALTIVA 180MG C/10 COMP;1;106,9000
558; ALUMIMAX SUSP 100ML;5;15,0000
17664; ALURAX 2MG C/30 COM;1;72,5500
19429; ALWAYS BASICO M.SUAVE C/16;1;8,0000
14063; ALWAYS PINK L32P28 NORMAL;3;20,0000
36440; AM0003 P COMPACTO AMM BEAUTY P;14;15,0000
36441; AM0005 COLORSTAY BASE LQUIDA A;13;26,0000
36442; AM0008 LIP GLOSS AMM BEAUTY PR;6;12,0000
36821; AM0014- SUPER COLA PARA CLIOS;8;15,0000
27611; AMACIADOR CUT REPOS 900ML;1;44,0000
3362; AMATO 100MG C/60 COMP;1;271,8600
1031; AMATO 25MG C/60 COMP;1;67,8400
6299; AMATO 50MG C/60 COMP;1;134,4900
926; AMBROXMEL XPE PED 120ML;5;20,0000
34579; AMBROXOL 15MG 100ML;5;12,1500
24541; AMBROXOL AD NATIVITA 100 ML;12;16,0000
32616; AMBROXOL XPE AD 100ML AIRELA;19;12,0000
36698; AMEND COND DOADOR DE VOLUME 25;1;46,4900
32188; AMEND COND MILLEN INDIAN 300ML;1;56,0000
30708; AMEND COND MILLEN MARROQ 300ML;1;62,0000
26071; AMEND CR PENT POS PROGR 180G;1;44,0000
30490; AMEND MASC BUTTER MILLEN 300G;1;62,0000
32385; AMEND MASC INTENSI MILLEN 300G;2;57,0000
26234; AMEND MASC NUTRICAO;1;60,0000
24362; AMEND SH AMARULA 250ML;1;44,0000
32729; AMEND SH COBRE EFFECT 250ML;1;50,0000
36697; AMEND SHAMPOO DOADOR DE VOLUME;1;53,0000
37091; AMICACINA 500MG/ML  AMPOLA 2ML;14;14,0000
17321; AMIORON 200MG C/30 COMP;3;45,5300
29881; AMITRIPTILINA 25 MG C/30 G MED;91;10,0500
28264; AMMY 4MG C 28 CPR;4;137,4100
21167; AMONIA FARMAX 100ML ;6;3,5000
36097; AMORA 2+0,03MG C 63 COMP REV;1;137,1200
33903; AMOX+CLAV POT 875+125MG 14CP R;2;72,3000
3689; AMOXIC + CLAVUL POT 875MGC/14;1;72,3600
13168; AMOXICI+CLAV 400/5MG/ML+57/5MG;3;40,0000
2542; AMOXICILIN+CLAVPOT 500+125 21C;3;86,5600
19332; AMOXICILINA + CLAVULANATO 875;16;60,8900
1267; AMOXICILINA 400MG 100ML EURO;4;32,1200
15786; AMOXICILINA+CLAV POTAS 400+57M;1;43,7000
24281; AMP OLEO DE RICINO SKAFE;4;2,0000
2225; AMPLICTIL 100MG 20CPS;5;16,2700
61; AMPLICTIL 25MG C/20 CPS;4;10,9000
73; AMPLICTIL GTS 4% 20 ML;5;13,2200
21383; AMPLIUM G 30 MG G CR 40G 7 ;1;44,8900
37464; AMPOLA NATUHAIR 12 EM 1 10ML;21;2,0000
36688; AMPOLA NATUHAIR ANTIQUEDA DP;13;2,0000
36689; AMPOLA NATUHAIR BABOSA DP/24;3;2,0000
36690; AMPOLA NATUHAIR CRESCIM.FORTAL;8;2,0000
37465; AMPOLA NATUHAIR D-PANTENOL DP/;18;2,0000
36691; AMPOLA NATUHAIR OLEO DE COCO D;18;2,0000
23821; AMPOLA SKAFE CONCENTRADO 10ML;4;2,0000
23823; AMPOLA SKAFE JABORAND 10ML;22;2,0000
33905; AMPOLAS PARA CRONOGRAMA CAPILA;5;46,0000
1384; AMYTRIL 10MG C/30COMP;5;21,6500
14346; AMYTRIL 25MG C/ 30;4;53,3600
8056; AMYTRIL 75MG C/20COMP;1;106,1500
19856; ANADOR 500MG C 4;9;5,5000
31950; ANASTROZOL 1MG 30CP EURO;1;232,0000
26849; ANCORON 100MG 60CPR;2;45,0500
26850; ANCORON 200MG 60CPR;2;88,7300
37172; ANDADOR DESMONT ALUMINIO PRETO;4;200,0000
23026; ANDES 50MG 30CP;1;95,8100
18497; ANDOLBA AEROSOL 43G ;1;43,3300
29355; ANDRUM DORZOLAMIDA 2% COL.5ML;2;64,9100
9743; ANGIPRESS 25MG C/30 COMP;2;26,3400
67; ANGIPRESS 50MG C/30 CPS;2;42,5800
22389; ANLODIPINO 5MG 30CPS NQ;1;6,0000
5201; ANNITA 500MG C/6 COMP;1;87,7000
16577; ANORO 62,5/25MCG 30DS;1;439,4000
25187; ANSITEC 10MG C/90 COMP;1;274,9900
26041; ANSITEC 5MG C/ 60 COMP C1;1;128,0400
34316; ANTARA 100MG/ML SOL OR FR 150M;1;139,4500
10496; ANTI ALCOOL C/ 30ML;8;85,0000
23532; ANTI SEPTICO BUCAL BLUE MINT 2;1;9,5000
23533; ANTI SEPTICO BUCAL MENTA PLUS ;8;9,5000
10454; ANTI SEPTICO C/ APLICADOR C/30;5;14,0000
34978; ANTISEPT COLG PLAX ODOR CONT;5;16,0000
2929; ANTISEPTICO SPRAY 50ML;7;21,2300
35528; ANTISSEP BUCAL LISTERINE 1000M;1;35,0000
36898; ANTISSEP SPRAY 50ML ECOFITUS;4;19,0000
36515; ANTISSEPTICO BUCAL DENTRAT 1LT;2;26,0000
36517; ANTISSEPTICO BUCAL DENTRAT 250;3;9,0000
36518; ANTISSEPTICO BUCAL DENTRAT 250;2;9,0000
36519; ANTISSEPTICO BUCAL DENTRAT 250;1;9,0000
37212; ANTISSEPTICO BUCAL DENTRAT 500;2;13,0000
37213; ANTISSEPTICO BUCAL DENTRAT 500;1;13,0000
37214; ANTISSEPTICO BUCAL DENTRAT 500;1;13,0000
36524; ANTISSEPTICO BUCAL DENTRAT 60M;1;4,0000
23582; ANTISSEPTICO ICE FRESH 250ML O;6;9,5000
29187; ANTIVIRAX 400MG 30CP;3;76,4500
13752; ANTROFI CR VAG C/20 APLIC 30G;2;108,8500
3338; ANTUX GOTAS 20ML;1;64,9800
112; ANTUX XPE 120ML;6;50,4500
36715; AP BARBA BIC COMFORT 2 SENSIVE;2;11,0000
36716; AP BARBA PREST 3 OS CARVAO;12;6,0000
15170; AP BIC COMFORT3 BLACK 1UNI;4;5,5000
35532; AP DEP BIC SOLEIL CLIC SENSITI;1;31,0000
35533; AP DEP BIC SOLEIL ESCAPE VERDE;1;23,0000
35534; AP DEP BIC SOLEIL SHAVE TRIM R;1;13,0000
36135; AP DEP VENUS 3 PELE SENSIVEL P;1;28,0000
36136; AP DEP VENUS 3 SUAVE OS;11;6,0000
31361; AP DEP VENUS3 INTIMA 4U;2;35,0000
31122; AP GILLETE CORPO;3;20,0000
31266; AP PRESSAO OMROM DIG PULSO 618;1;128,0000
17301; AP PREST 3 SENSE CARE 2UNI GIL;8;20,0000
26930; AP PRESTO BARBA ULTR FEM  1 UN;28;3,5000
34684; AP. PRESTOB 3 SUAVE;13;6,0000
12262; APA BIC 3 ACQUA C/ 1 UN;2;2,6000
23644; APAR BARB GILLETE MACH3 ACQUA ;4;29,0000
17550; APAR BIC COMF 3 C/ 4UNI P3;1;19,0000
15496; APAR BIC COMFORT 3 SENS C/1UN;1;5,5000
28801; APAR BIC COMFORT NORMAL LV4PG3;1;19,0000
13646; APAR BIC CONFORT C/1 UNI;7;2,5000
18265; APAR BIC INTENSITY 3 C/ 01 UNI;32;3,0000
6107; APAR GILLETE MACH3 SENSITIVE;5;36,0000
10190; APAR GILLETTE SIMP VENUS 2 UNI;4;19,0000
6341; APAR MACH 3 REGULAR;1;28,5000
16860; APAR PRESSAO DIG PREMIUM;3;142,0000
18359; APAR PREST GILLETTE L4P3 SENSE;5;33,0000
17310; APAR PREST ULTRAGRIP 3 1UNI;9;7,0000
5975; APAR PRESTOBARBA MASC.C/3 LAMI;4;20,0000
27378; APAR.VENUS3 TROPICAL 3UN;3;39,0000
24499; APARELHO BIC COMFORT 3  P.NORM;10;5,5000
19300; APARELHO PRESSAO DIG AUTO DE B;3;150,0000
33200; APARELHO VENUS INTIMA;3;21,5000
1220; APEVITIN BC SUSP 240ML;3;20,0000
30870; APINIL GEL MASSAGEADOR PTD SEB;1;6,5000
32995; APINIL SABONETE INTIMO BABBALO;7;6,5000
10707; APINIL SEBO D/CARNEIRO GEL;2;10,0000
12797; APIS FRESH ROMA SPRAY C/35ML;2;8,0000
22568; APIS FRESH SPRAY MEL PROP;8;8,0000
33757; APIXABANA 2,5MG 60CPR SANDOZ;2;92,6900
34637; APIXABANA 2.5MG 60CPR;1;96,2300
10125; APLAUSE 20MG C/30 COMP;1;164,3400
33610; APO RETO OLEO 50ML;1;46,0000
15342; APRESOLINA 25MG 20DRG;2;11,0300
31521; APRESOLINA 25MG C/60;2;33,1200
34776; APRESOLINA 50MG 60COMP RVST;2;44,2900
13326; APRESOLINA 50MG C/ 20 DRAGEAS;2;14,9100
7864; APTAMIL PREMIUM 1 400G;1;54,0000
12685; APTAMIL PREMIUM 1 800G;1;86,0000
8668; APTAMIL PREMIUM 2 400G;2;51,0000
13744; APTAMIL PREMIUM 2 800G;2;92,0000
809; APTAMIL PREMIUM 3 800G;1;76,0000
30504; APTAMIL PRO FUTURA 1 800G;2;136,0000
13274; APTAMIL S/LACTOSE 400G;1;123,0000
37674; AQUARELA 1MG SUSP 150ML C1;1;234,8900
3890; ARADOIS 25MG C/30 CPS;2;62,3400
6660; ARADOIS 25MG C/60 COMP;3;110,6500
6933; ARADOIS 50MG C/60 COMP;2;26,0000
19175; ARADOIS H 100/25 C/ 90 COMP;1;262,5800
7271; ARADOIS H 50/12,5MG C/60 COMP;1;154,4300
3351; ARADOIS H 50/125MG C/30 CPS;4;114,8000
9736; ARCOXIA 60MG C/7 COMP;2;80,9100
17992; ARIA 10MG C/30 COMP;1;79,3500
20218; ARIA 4MG C 30 ;1;79,3500
26210; ARIPIPRAZOL 10MG 30CPR;3;85,2100
32112; ARIPIPRAZOL 10MG 30CPR GEN / G;2;81,2300
37559; ARIPIPRAZOL 15MG 30CPR GN C1 U;1;60,1300
30639; ARIPIPRAZOL MULTILAB 10MG 30CO;2;89,2200
33606; ARISTAB 10 MG COM CT BL C/ 60;1;333,4900
24515; ARISTAB 1MG/ML 150ML;2;234,8800
9643; ARLIVRY XPE CEREJA 100ML;1;16,2300
9379; ARLIVRY XPE MEL 100ML;1;19,8500
28340; ARNICA LIQUIDA POWER 30ML;1;11,0000
28211; ARPADOL 400MG 60CPR;2;240,9800
3947; ARTELAC COLIRIO 10ML;1;32,1700
11209; ARTROLIVE C/ 30 ENV SACHES 4G;1;151,7100
10714; ARTROLIVE C/ 90 COMP;1;371,2200
2404; ARTROLIVE C/30 CAPS;1;125,8200
6628; ARTROSIL 160MG C/10 CAPS;2;42,0800
7116; ARTROSIL 320MG C/10 CAPS;1;69,2100
24556; ARTROTOP 50G CR;1;69,0000
526; ASEA - HCT 40+12,5MG C/ 30COMP;2;99,0800
7526; ASEA - HCT 40+25MG C/ 3O COMP;2;99,0800
25159; ASEA 20MG C/ 30CPR;3;54,3400
24296; ASEPXIA GEL SECATIVO ANTIACNE ;1;22,0000
20205; ASEPXIA SAB DETOX 80G;4;17,0000
16032; ASEPXIA SAB ENXOFRE 90G;4;14,0000
16186; ASEPXIA SAB FORTE 85G;4;14,0000
37612; ASEPXIA SAB NEUTRO DERMA 85G;1;10,0100
3567; ASMOFEN C/120ML XPE;3;15,8900
36627; ASPDIP 500MG/ML GTS;1;21,0400
9599; ASPIRADOR NASAL LILLO AZUL;2;14,0000
17750; ASPIRADOR NASAL LOLLY ROSA;2;13,0000
3648; ASPIRINA PREVENT C/30 CPS;2;25,3700
12913; ASSERT 25MG C/ 30 COMP MOMENTA;2;79,1100
4007; ASTRO 500MG C/3 CPS;5;27,9700
85; ASTRO 600MG SUSP C/9ML;2;62,3200
5333; ASTRO 900MG SUSP;3;88,7500
1903; ATAD DE CREPON 15 X 1,8M;4;6,5000
8068; ATAD ELASTICA MERCUR;6;38,0000
33753; ATADURA CREPOM CREMER 10CM;1;5,0000
35972; ATADURA DE CREPOM JADE 12,0CMX;3;2,5000
35974; ATADURA DE CREPOM JADE 8,0CMX1;12;1,5000
15381; ATAK CLAV 875/125MG C/14 COMP;4;80,6600
15380; ATAK CLAV 875/125MG C/20 COMP ;2;107,2100
14837; ATAK CLAV SUSP 70 ML;6;48,6300
10984; ATENOLOL +CLORTA. 50/12,5MG 30;1;12,0000
189; ATENOLOL 25MG C/ 30 COMP GENER;283;3,3000
7291; ATENOLOL 25MG C/ 30 COMP MEDLE;176;3,3000
13361; ATENOLOL 50MG C/ 30 COMP SANDO;8;7,5000
19147; ATENOLOL+CLORTALIDONA 50MG+12,;1;14,1200
5118; ATENSINA 100MG C/30 COMP;3;11,1800
32281; ATENTAH 10MG 30CAPS C1;1;36,6500
34647; ATENTAH 18MG 30CAPS C1;1;63,4600
33237; ATENTAH 25MG 30CAPS C1;1;88,1700
33086; ATENTAH 40MG 30CAP;2;141,0700
13505; ATEROMA 20MG 30 COMP;2;106,0800
32302; ATHIVIE CREME BARRIER 100G;2;71,0000
35247; ATIV CACHOS INOAR 200ML MEU CA;1;27,0000
17053; ATIVADOR CACHOS SALON LINE SOS;3;21,0000
15227; ATIVADOR DE CACHOS INTENSO 300;3;22,0000
14961; ATIVADOR DE CACHOS NUTRI 300ML;2;22,0000
26245; ATIVADOR DE CACHOS SALON LINE ;4;21,0000
14960; ATIVADOR DE CACHOS SOS 300ML;1;22,0000
16958; ATIVADOR DE CAHOS SALON 300ML ;1;21,0000
33759; ATIVB 1000MCG 90CPR;1;85,3000
31705; ATIVB C/30 COMPRIMIDOS SUBLING;1;34,0400
5285; ATORVASTATINA 10MG C/ 30 COMP ;3;20,0000
7702; ATORVASTATINA 20MG C/ 30 COMP;11;24,1200
17690; ATORVASTATINA 40 MG 30;1;40,2600
16145; ATORVASTATINA 40MG C/30;2;37,2600
35278; ATORVASTATINA CALC 40MG COMP R;5;28,9100
31477; ATORVASTATINA CALCICA(GEN) 20M;7;16,2600
4164; ATOSSION XPE ADULTO 100ML;1;27,9500
2810; ATOSSION XPE PED 60ML;2;18,5900
25005; ATRACE C/10 COMP;1;40,8500
14803; ATROPINA 0,5% C/ 5ML ;2;12,8600
95; ATROVENT SOL P/INAL 20ML;1;33,1500
26662; ATROVERAN DIP C/10CP;1;17,3200
26091; ATTENZE 10MG C 30 COMP ;1;55,7200
97; ATURGYL AD GTS 0,5MG/ML 15ML;1;19,7200
21207; ATV DE CACHOS RICINO 300ML ;1;21,0000
30799; AUSTRALIAN FPS 30 CORPORAL 200;2;50,0000
30599; AUTO LANCETA MINI 28G 100UNI;5;35,0000
87; AVAMYS 27,5MCG SPRAY NASAL 120;6;79,0000
31778; AVENTAL MANGA LONGA GRAMATURA;29;6,0100
17756; AVIDE 100MG 9CAP;8;58,3400
34710; AXETILCEFUROXIMA 500MG 10 CP G;3;65,8900
12049; AXONIUM 10MG C/ 30 COMP;2;171,2800
6488; AZITROMICINA 500MG C/ 3 COMP;16;10,0000
9502; AZITROMICINA 600MG SUSP+DIL9ML;7;36,0000
27844; AZITROMICINA 900MG 15ML;4;40,1200
33247; AZITROMICINA DI-HIDRATADA 900;4;37,4700
10608; AZITROMICINA SUSP. 200/5 MG/ML;1;35,0000
4224; AZOPT SUSP OFT 5ML;1;117,8900
22535; AZORGA 6ML;3;141,2600
7266; AZORGA SUSP COL 5ML;1;117,7100
20222; AZOX 20MG/ML SUSP 45ML;2;32,2000
32966; AZOX 500MG C/6;2;58,9700
1198; AZUKOM MR 30MG C/30 COMP;2;26,3100
21142; AZUKON MR 30MG 60CA;3;50,0100
2301; AZULFIN 500MG C/60 CPS;1;143,3500
37304; B.T.X EVIDY LISOS FIO RESTORE;3;44,0000
37305; B.T.X EVIDY SOLTA CACHOS  FIO;3;64,0000
37109; BABOSA MIL C/ 60 CAPSULAS;6;45,0000
1225; BABYMED ROSA CREME 45GR;3;11,0000
111; BACFAR C/20 CPS;2;28,5800
103; BACFAR F C/10 COMP;1;31,1500
4595; BACFAR F SUSP 100ML;1;41,3200
36257; BACINA (BACIT+NEO)POMADA 15G B;1;6,0000
18511; BACINA POM 10G LOTES ;7;6,0000
224; BACLOFEN 10MG C/10 COMP;3;10,2100
104; BACTRIM C/20 CPS;2;41,1000
113; BACTRIM F SUSP 100ML;2;62,9900
25630; BACTRIM SUSP 100ML;1;31,5000
31792; BALA DE GENGIBRE ZERO ACUCAR;4;8,0000
30742; BALA FINI BANANAS 35G;3;3,5000
30743; BALA FINI BEIJOS DE MORANGO 10;3;3,5000
36137; BALA GELATINA TUBES FINI 35G M;4;3,5000
35536; BALA GELATINA TUBES FINI 80G M;1;7,5000
22008; BALA GENGIBRE C/ROMA UNID;13;3,5000
27897; BALA GENGIBRE EXTRA FORTE UND;1;3,5000
23632; BALARAMA MEL/PROPOLIS C/40G;8;3,5000
22007; BALARAMA TRADICIONAL C/40G;5;3,5000
26886; BALAS DE GENGIBRE COM CRAVO E;2;3,5000
27133; BALAS DE GENGIBRE COM HORTELA;10;3,5000
23934; BALAS GENGIBRE C/ACEROLA 40G;5;3,5000
34116; BALM LABIAL ROSA MOSQUETA 10G;1;19,0000
127; BALSAMO BENGUE  AEROS C/85ML;2;50,9900
118; BALSAMO BENGUE POM 20GR;3;30,3600
15556; BALSAMO BENGUE POM 60G;2;51,4500
119; BAMIFIX 300MG C/20 DRAG;3;47,4300
120; BAMIFIX 600MG C/20 COMP;1;76,3800
1428; BAND AID REDONDO 1 UNIDADE;106;0,7000
1427; BAND-AID CAIXA C/40 UNI;7;17,0000
26510; BANDAGEM PROTAPE AZUL;4;58,0000
29350; BANDAGEM PROTAPE ROSA ;1;58,0000
16756; BANHO DE CR BIO EXT ABAC 500G;1;51,0000
16757; BANHO DE CR BIO EXT ABACA 250G;3;39,0000
27788; BANHO DE CREME BIO EXTRATUS 1K;2;53,0000
3742; BANHO DE CREME JABORANDI 500G;6;58,0000
8719; BANHO DE CREME NEUTRO 500G ;1;51,0000
36649; BARRA FITZEI CARAMELO 12G;5;8,0000
34804; BARRA PROTEIN BAR;4;9,0000
34369; BARRA PROTEIN COOKES 45G;7;9,0000
34951; BARRA PROTEIN LEITE NINHO 45G;4;9,0000
16126; BART H 150MG+12,5MG C/30 C;1;163,0100
28255; BART H 300/12,5MG 30CPR;1;163,0100
32836; BASE LIQ. MEGA TONS MATTE HD 3;3;15,0000
37244; BASE MATTE PAYOT 030ML ALTA CO;1;47,0100
37245; BASE MATTE PAYOT 030ML ALTA CO;3;47,0100
37246; BASE MATTE PAYOT 030ML ALTA CO;3;47,0100
37247; BASE MATTE PAYOT 030ML ALTA CO;3;47,0100
34856; BASE MEGA BASE LIQ V150 26ML;1;29,0000
34853; BASE MEGA BASE LIQ V170 26ML;2;29,0000
34854; BASE MEGA BASE LIQ V180 26ML;1;29,0000
37395; BASILICAO BAZELIN 10G;2;8,0000
36755; BASTAO EM MADEIRA 1MT   CARCI;1;72,0100
35066; BATERIA DURACELL 2032 UNI;2;9,0000
17793; BATERIA PANASONIC 3V CR2032 1U;13;6,0000
34613; BATOM LIQUIDO PERFECT LIPS;11;13,0000
18647; BB CREAM BASE 2.0 30ML;2;45,0000
18648; BB CREAM BASE MEDIA 30ML;1;45,0000
26655; BB CREAM MATTE LOREAL CLARA;1;45,0000
12804; BC BIO EXTRATUS NEUTRO 1KG;2;53,0000
3372; BC JABORANDI 250GR BIOEXTRATUS;6;39,0000
4422; BC NEUTRO 250G BIOEXTRATUS;1;32,5000
22899; BD AGULHA ULTRA-FINE III 4MM;1;116,0000
30880; BEAUTIFUL HAIR;56;58,0000
8088; BEAUTY COLOR CR TON N 2.11;1;21,0000
5460; BEAUTY COLOR CR TONAL N. 7.0;1;21,0000
3049; BEAUTY COLOR CR TONALIZ CAST E;2;21,0000
10820; BEAUTY COLOR CR TONALIZ. 6.0;4;21,0000
5694; BEAUTY COLOR CR TONALIZ. 7.1;3;21,0000
5199; BEAUTY COLOR CR TONALIZ.CAST C;3;21,0000
3050; BEAUTY COLOR CR TONALIZ.CAST N;5;21,0000
7600; BEAUTY COLOR CREME 6.34 CHOCOL;3;18,0000
2968; BEAUTY COLOR TINT CREME N.366;1;18,0000
4156; BEAUTY COLOR TINT CREME N.466;1;18,0000
6298; BEAUTY COLOR TINT CREME N.6.1;4;18,0000
2812; BEAUTY COLOR TINT CREME N.7.1;4;18,0000
8800; BEAUTY COLOR TINT CREME N.9.1;2;18,0000
3580; BEAUTY COLOR TINTURA CR 6.35;3;18,0000
4139; BEAUTY COLOR TINTURA CR N.6.7;2;18,0000
5237; BEAUTY COLOR TINTURA CREME N.2;5;18,0000
7401; BEAUTY COLOR TINTURA CREME N.2;5;18,0000
5308; BEAUTY COLOR TINTURA CREME N.3;6;18,0000
5586; BEAUTY COLOR TINTURA CREME N.4;2;18,0000
5877; BEAUTY COLOR TINTURA CREME N.5;2;18,0000
7127; BEAUTY COLOR TINTURA CREME N.5;1;18,0000
7128; BEAUTY COLOR TINTURA CREME N.5;2;18,0000
3898; BEAUTY COLOR TINTURA CREME N.7;3;18,0000
7047; BEAUTY COLOR TINTURA CREME N.7;3;18,0000
1117; BEAUTY COLOR TINTURA CREME N.8;5;18,0000
7129; BEAUTY COLOR TINTURA CREME N.8;1;18,0000
8870; BEAUTY COLOR VERM PICANT 66.46;1;18,0000
9562; BEBE CONDICIONADOR 250ML;2;20,0000
32807; BEBE LIMP TOALHA UMED PREMIUM;3;11,0000
21708; BEBE SABONETE REFIL LIQ 250ML;2;21,0000
31789; BECLOMETASONA  200MG C/200DOSE;15;57,5400
29484; BECLOMETASONA 250MCG SOL AERO;9;60,0100
29734; BECLOMETASONA 50MG C/200DOSES;18;37,7100
29308; BEDOZE 5MG INJ CX C/2;36;46,0900
37514; BEEF PROTEIN CHOCOLATE 900G;1;194,0000
31898; BELA COR 2.0 PRETO;6;11,5000
33231; BELA COR 6.7 CHOCOLATE;1;11,5000
31961; BELA COR 7.1 LOURO CINZA;5;11,5000
32828; BELA COR 8.0 LOURO CLARO;3;11,5000
24533; BELAMY GEL HIDRAT 8 APLIC;1;131,0000
34736; BELFAR MICOSBEL EMU DERM 30ML;2;20,0000
24082; BELL CORPUS GEL JOGADOR 200GRS;4;10,5000
36480; BELLA-OIL OLEO DE OLIBANO 30ML;2;26,0000
13835; BELMIRAX 100MG C/ 6 COMP;4;5,0000
13834; BELMIRAX SUSP 30 ML BELFAR;3;7,0000
27261; BEMOVE COM CT BL AL AL X 30;1;266,0000
22087; BENATUX PAST. MEL LIMAO C/12;1;15,0000
11017; BENATUX SB FRANBOESA 12 PAST;3;15,0000
32735; BEND OIL 3 EM 1;2;16,0000
1413; BENEGRIP ENV C/6 CPS;26;17,0000
14293; BENEGRIP MULTI C/240ML FRUTAS ;2;46,1200
149; BENERVA 300MG C/30 CPS;2;36,9800
34713; BENERVA 30MG 60COMP;1;68,2600
25070; BENEUM 300 MG C/ 30 CP REV;9;26,2400
26988; BENGALA ALUMINIO 4 PONTAS INDA;2;130,0000
37507; BENGALA ALUMINIO C/ APOIO 4 PO;1;127,0000
37597; BENGALA TIPO T C/ REGULAGEM PR;2;80,0000
13140; BENGUE GEL C/ 20G;1;28,8300
12915; BENICAR 20MG C/ 30 COMP;2;90,7000
1183; BENICAR 40 MG C/ 30 COMP;2;95,3600
11842; BENICAR ANLO 40/10MG C/ 30 COM;2;108,6900
10059; BENICAR ANLO 40/5MG C/ 30 COMP;2;108,6900
7722; BENICAR ANLO C/30 COMP;2;96,1400
851; BENICAR HCT 20MG/12.5MG C/30 C;2;102,3200
13377; BENICAR HCT 40/25MG C/ 30 COMP;2;116,5600
1754; BENICAR HCT 40MG/12.5MG 30CPR;1;116,5300
132; BENZETACIL 1200MG AMP;4;22,4500
18581; BENZIFLEX LIS 125MG + 5MG C/15;1;23,0000
10174; BENZIN 100MG/G C/60G;2;14,0000
33713; BENZINA CELESTE 100ML;8;13,0000
14091; BENZODERM C/ 100ML EMULSAO TOP;4;18,0000
21662; BEPANTOL BABY 30+15G OFF;2;28,0000
16241; BEPANTOL BABY CR 120G;2;78,5000
2364; BEPANTOL DERMA CR 20G;2;42,0000
25382; BEPANTOL DERMA PROTETOR LABIAL;5;53,3800
35941; BEPANTOL DERMA ROSA MOSQUETA 2;1;42,0000
34602; BEPANTRIZ 50 MG/G POM 30 GR UN;3;12,0000
36836; BEPANTRIZ DERMA CREME PT 450G;1;42,0000
16781; BEPANTRIZ DERMA LABIAL 7,5ML;5;16,0000
21634; BEPANTRIZ TATTOO CREM BG 20G;3;19,0000
36805; BEPANTRIZ UREIA 10% LOCAO BG 1;1;40,0000
33769; BERITIN KIDS 240ML;10;18,0000
19250; BESILATO DE ANLODIPINO 10MG C/;3;10,5400
23667; BESILATO DE ANLODIPINO 5MG C/3;1;6,0000
8016; BET+ACIDO SALICIL POM 30G EMS;5;14,5600
29001; BETACORTAZOL CREME 30GR;3;12,0000
25274; BETADINE XR 48MG C/30;2;91,4300
12099; BETAISTINA 24 MG 30COMP EURO;24;21,0000
144; BETALOR 5/50MG C/30 CAPS;2;94,2500
21201; BETAMETASONA 0,5MG/G 30 EMS;3;37,3500
19333; BETAMETASONA 1MG/G CR 30G;1;18,0000
18314; BETAMETASONA DIP+FOS 5+2MG 1UN;60;12,8500
19941; BETAMETASONA+AC FUSIDICO CR 15;1;70,4800
3450; BETASERC 24MG C/30 COMP;1;77,1100
23974; BETNOVATE PDA 30G;2;61,8300
35505; BETRAT 5000MCG+100+100MG 42CPR;1;124,0200
17535; BETRICORT (CETO+BETA+NEOMI) CR;4;14,0000
17534; BETRICORT (CETO+BETA+NEOMI) PO;2;16,0000
9627; BEUATY COLOR 4,20 VERM INT;1;18,0000
30659; BEXAI 35MG COM 10CPS;1;69,2600
36862; BEZAFIBRATO 200MG C 20 COMP GM;3;43,0200
26544; BHENA 10MG;1;93,5900
2781; BI-PROFENID 150MG C/10 CPS;1;91,5500
29181; BICARBONATO DE SODIO 50G;3;5,0000
9829; BICARBONATO DE SODIO FARM 100G;21;7,0000
20683; BICERTO 150MG C/ 10COM;1;59,4900
12824; BICO DE MAMADEIRA LOLLY ESSENC;2;9,0000
6378; BICO LOLLY ORTO.SILIC.;17;8,0000
6319; BICO LOLLY SILIC.;19;6,0000
20309; BICO LOLLY T2 0068-01;9;11,5000
2918; BICO SUPERMAMADEIA LTX C/1;1;15,0000
37235; BIFILAC GER 4BI+5ML C 5 LAR+MO;1;44,3600
1793; BIGEM CHOCOLATE 67;5;14,0000
1510; BIGEN CAST CLARO 46;8;14,0000
1508; BIGEN CAST ESCURO 48;1;14,0000
1509; BIGEN CAST MEDIO 47;8;14,0000
1505; BIGEN PRETO 57;3;14,0000
1506; BIGEN PRETO AZULADO 59;5;14,0000
1507; BIGEN PRETO NATURAL 58;7;14,0000
36778; BILASTINA 20MG C 15 COMP BST;4;40,2300
22823; BIMATOPROSTA COLIRIO 3ML;2;48,7400
35673; BIO GG 10BI C 30 CAPS;2;178,0000
183; BIO-C 1G ZERO ACUCAR 10CP EFER;2;14,0000
23270; BIO-C 1G ZERO ACUCAR 30 CP EFE;3;28,0000
20720; BIO-OIL 60ML ;2;62,0000
196; BIO-VAGIN CR 40G C/10 APLIC;1;81,7800
29481; BIOCOLOR HOMEM CASTANHO CLARO;3;32,5000
29664; BIOCOLOR HOMEM LOURO ESCURO;2;32,5000
24784; BIOEXT MASCARA MAIS BRILHO;2;38,0000
24789; BIOEXT SH MAIS BRILHO;2;37,0000
26424; BIOEXTRAT BANHO CREME MEL 250G;2;35,0000
26426; BIOEXTRAT COND MEL 250ML;2;38,0000
26428; BIOEXTRAT FINALIZADOR MEL 150G;3;37,0000
34555; BIOLAGRIMA 0,15% GTS 10ML;7;52,0000
36761; BIOLME H 40MG 25MG C 30 CPRV;1;75,8100
29878; BIOTINA C/ 60 CAPS;6;40,0000
24061; BIOTINA TIARAJU 60 CAPS;1;24,0000
162; BIOTONICO 400ML;2;50,7700
19192; BIOTONICO FONTOURA MORANGO 400;2;50,7700
19848; BIOTONICO FONTOURA UVA 400L;2;50,7700
29222; BIOVICERIN 6 FLAC 5ML;1;50,0900
35652; BIOVITON ACAFRAO+GENG SAB LARA;2;52,2400
35219; BIOVITON AMORA MIURA 30GOMAS;3;42,0000
37145; BIOVITON FERRO+VIT C SAB LARAN;3;43,0000
34800; BIOVITON MELATONINA+TRIPT SAB;1;42,0000
37146; BIOVITON VIT C SAB LARANJA 30G;2;46,0000
37147; BIOVITON VIT D3 SAB LARANJA 30;2;42,0000
30236; BIOZINC KIDS GTS 10MG/ML 15ML;2;38,4500
14345; BIOZINC KIDS GUARANA 75ML;1;45,0000
3944; BISMU-JET GTS 20ML;4;33,0000
19868; BISOLVON XPE EXP PED 120ML;1;33,3500
32624; BISOPROLOL 1,25 MG C/30CPR GMD;1;31,5600
31401; BISOPROLOL 10 MG C/30 CPR GMD;10;34,7800
34036; BISOPROLOL 10MG CT BL X 30 CPR;1;34,7800
33496; BISOPROLOL 2,5MG CX 30 COMP;4;42,1200
31779; BISOPROLOL GERMED 5MG 30CPR;5;28,9000
7275; BISURAN XPE ADT C/ 120 ML ;8;16,0000
7691; BISURAN XPE INF C/ 120 ML;4;14,5900
33142; BIVOLET 5MG 30CPR;1;66,2000
35731; BIXLYN 20MG 15CPR   ACHE SS;1;44,9300
6125; BLEPHAGEL DUO GEL 40GR+LENCO;1;185,6800
33790; BLIND ANTIFRIZZ ELIXIR 150ML;1;48,5000
29681; BLUMEL HEDERA XPE 100ML;1;40,9000
32947; BLUMEL IMUNE KIDS 30 GOMAS;1;47,0000
21030; BODY FIRMADORA Q10 PLUS 400ML ;3;47,0000
20182; BODY MILK FIRM Q10 200ML ;5;36,5000
20119; BODY SOFT MILK 400ML NIVEA;2;30,5000
35821; BODY SPLASH BELL CORPUS 200ML;1;21,0000
35824; BODY SPLASH BELL CORPUS 200ML;1;21,0000
36866; BODY SPLASH CIA NATUREZA 200ML;2;31,0000
36867; BODY SPLASH CIA NATUREZA 200ML;2;31,0000
36868; BODY SPLASH CIA NATUREZA 200ML;2;31,0000
36871; BODY SPLASH CIA NATUREZA 210ML;1;31,0000
35080; BODY SPLASH CIA NATUREZA 240ML;3;27,0000
35081; BODY SPLASH CIA NATUREZA 240ML;4;27,0000
37662; BODY SPLASH CIA NATUREZA 240ML;3;27,0000
36546; BODY SPLASH DESO VANILLA 190ML;1;27,0000
37028; BODY SPLASH EKOPURE FRAMBOESA;3;20,0000
37029; BODY SPLASH EKOPURE MELANCIA 2;3;20,0000
37027; BODY SPLASH EKOPURE MIWI 200ML;2;20,0000
37026; BODY SPLASH EKOPURE NINA 200ML;2;20,0000
37489; BODY SPLASH FACE BEAUT 200ML A;2;16,0000
37490; BODY SPLASH FACE BEAUT 200ML A;1;16,0000
37595; BODY SPLASH FACE BEAUT 200ML A;1;16,0000
37098; BODY SPLASH GELLUS GLOW 200ML;2;23,0000
37094; BODY SPLASH GELLUS LOVE 200ML;1;23,0000
37095; BODY SPLASH GELLUS OBSESSION 2;1;23,0000
37096; BODY SPLASH GELLUS TREASURE 20;1;23,0000
31812; BODY SPLASH GIOVANNA BABY BLAN;1;30,0000
31989; BODY SPLASH GIOVANNA BABY DESO;3;30,0000
35825; BODY SPLASH LILY JOY 200ML JAN;1;21,0000
37587; BODY SPLASH MURIEL SKIN AMEIXA;2;23,0000
37588; BODY SPLASH MURIEL SKIN LAVAND;2;23,0000
37586; BODY SPLASH MURIEL SKIN MAMMY;2;23,0000
35861; BODY SPLASH S.LINE XEROSA BAUN;1;30,0000
35859; BODY SPLASH S.LINE XEROSA GLAM;1;30,0000
36748; BODY SPLASH S.LINE XEROSA MISS;2;32,0000
36746; BODY SPLASH S.LINE XEROSA PODE;1;32,0000
36747; BODY SPLASH S.LINE XEROSA PODE;2;30,0000
35858; BODY SPLASH S.LINE XEROSA ROSE;2;30,0000
35857; BODY SPLASH S.LINE XEROSA VIBE;2;30,0000
28839; BOLSA COLETORA DE URINA FECHAD;5;11,0000
37449; BOLSA P/ COLOSTOMIA 30MM C/10;10;15,0000
30573; BOLSA P/ COLOSTOMIA 50MM C/10;4;15,0000
29121; BOLSA P/ COLOSTOMIA 63MM C/10;6;18,0000
9637; BOLSA TER. AGUA QUENT TAM P;1;56,0000
34588; BOLSA TERMICA GEL MULTIUSO P M;3;10,5000
30568; BOLSA TERMICA GEL P UNID;4;12,0000
36224; BOMBA TIRA LEITE AUTOMATICA G-;1;230,0000
1430; BOSTON SIMPLUS SOL MULT 120ML;1;99,7800
34969; BOTA DE UNA 10,2CM;2;58,0000
37092; BOTA IMOBILIZADORA ROBOFOOT CU;1;185,0000
29768; BOTA ORTO ROBOFOOT CURTA G;4;190,0000
28332; BOTA ORTO ROBOFOOT CURTA M;3;190,0000
30711; BOTA ORTO ROBOFOOT M;1;185,0000
28807; BOTA ORTO ROBOFOOT NOVA GERACA;5;190,0000
32013; BOTA ORTO ROBOFOOT NOVA GERACA;1;190,0000
37515; BRACADEIRA TAM G P/ APAR.PRESS;2;89,0000
35110; BRACADEIRA UNIVERSAL P/ APAR.P;1;70,0000
13813; BRASART 160MG C/ 30COMP;1;57,7700
20200; BRASART 80MG C/ 30 COMP;1;60,9000
13812; BRASART BCC 160/5MG C/60 COMP;1;236,7500
14596; BRASART BCC 160MG+5MG C/30COMP;5;132,3000
15010; BRASART BCC 320+5MG C/ 30 COMP;1;141,4900
15784; BRASART BCC 320MG+10MG 30CP;4;156,3500
36861; BRASART HCT 160 12,5MG C 90 CO;1;253,9100
7732; BRASART HCT 160+12,5MG C/30 CP;2;108,0800
14637; BRASART HCT 160+25MG C/ 30 COM;2;124,8100
15396; BRASART HCT 320+12,5MG 30CPR;1;117,2200
16579; BRASART HCT 320/25MG 30C;2;126,4500
11066; BRAVAN 160 MG C/ 30 COMP;2;55,2900
35750; BRAVAN DUO 160+10MG C 30CPR;1;76,0600
28438; BRAVAN DUO 160MG + 5MG, CAIXA ;3;74,2300
23621; BRAVAN HCT 160+125MG CX 30 COM;1;88,9800
24269; BRAVAN HCT 160MG 30 CPR;2;88,9800
24620; BRAVAN HCT 80+125MG CX 30 COMP;1;88,9800
26094; BRIMONIDINA TART.2MG SOL OFT 5;5;21,3000
37654; BRINCO ARGOLINHA FOLHEADO OURO;92;20,0000
26129; BRINCO STUDEX 1UN;85;29,0000
21780; BROM CITALOPRAM 20MG C/30;9;14,0000
16000; BROM. IPRATR 0,25MG C/ 20ML BI;2;8,0900
10171; BROMAZEPAM (6MG 3 BL X 10 CPR);1;21,7800
10027; BROMAZEPAM 3MG 30COMP GERMED;14;11,9700
10976; BROMAZEPAM 3MG C/ 30 COMP;1;9,8200
10328; BROMAZEPAM 3MG C/ 30 COMP MEDL;2;10,2000
10404; BROMAZEPAM 6MG C/ 30COMP;2;15,7700
13399; BROMELIN S C/ 100ML XPE;1;80,0000
1816; BROMELIN SPRAY C/PROP 50ML;1;68,0000
5294; BROMELIN SUSP 100ML;2;80,3000
36864; BROMOPRIDA 10 MG COM X 20;2;12,0000
31923; BROMOPRIDA 4MG GTS 20ML (GEN);7;8,9900
36510; BROMOPRIDA 4MG/ML GTS - 20ML;1;10,0100
18143; BROMOPRIDA 4MG/ML SOL. ORAL 20;1;8,0000
23760; BROMOPRIDA G TEUTO 250/120 20C;8;12,0000
36694; BRONCOMUCOL 10MG/ML 120ML + CO;4;16,0100
169; BRONDILAT XPE AD 120ML;1;67,0600
170; BRONDILAT XPE PED 120ML;3;51,9000
32921; BRONF+FENILEFRINA C/12;2;24,5600
37477; BRONFENI + FENILEF 120ML XPE A;3;21,0000
31194; BRONFENIRAMINA FENIL XPE 120ML;7;26,0000
3393; BUCLIPLEX COMP C/ 30 COMP;1;58,9900
10798; BUCLIPLEX INF. C/ 120 ML;1;57,3500
21081; BUDESONIDA 32MCG SPRAY NASAL 1;3;29,2300
21082; BUDESONIDA 64MCG SPRAY NASAL 1;4;51,2300
16377; BUFALULBIZ C/30;13;80,0000
19819; BUONA 150MG C 30 CAPS;1;185,8700
29971; BUP XL 300MG C/30CP ;1;150,9700
13092; BUPROPIONA 150MG C/ 30COMP NQ;3;48,2100
27601; BUPROPIONA 150MG C/30 COMP LP;1;98,6600
37347; BUPROPIONA 150MG C/60 CP;1;79,9000
4780; BUPROVIL 300MG C/30 COMP;4;12,0000
9891; BUPROVIL 600MG C/ 20 COMP;100;10,0000
1529; BUSCOFEM C/10 CAPS;1;35,8600
1401; BUSCOPAN C/20 DRAGEAS;11;30,2400
176; BUSCOPAN COMPOSTO C/20 CPS;18;30,2200
177; BUSCOPAN COMPOSTO GTS 20ML;14;31,2600
26571; BUSCOPAN GOTAS 20 ML;8;30,2200
18144; BUSCOPLEX COMPOSTO GTS 20ML;4;20,8400
6272; BUSONID 100MCG C/120DOSES;1;100,7100
187; BUSONID AQU/NAS 32MCG 120DS;13;34,1200
3082; BUSONID AQU/NAS 50MCG 120DS;8;50,0800
10150; BUSONID CAPS 400MCG C/60CAPS ;1;99,0900
27563; BUTACID C/10 ENV;21;10,0000
28360; BYE BYE FEVER BEBES C 2UN;4;19,0000
28070; BYE BYE FEVER CRIANCA C/2UN-DE;1;15,0000
20908; C-KADERM GEL 20G ;1;252,0000
24197; CABERGOLINA 0,5 C/ 2 COMP ;2;79,5500
24948; CABERGOLINA 0,5MG C 8 COMP EUR;2;201,2600
29588; CABERGOLINA 0,5MG C/ 2 COMP ;1;25,1200
29589; CABERGOLINA(GEN) 0,5MG COM CT;1;85,4500
29159; CACHO GELATINA BABOSA VOLUMAO;1;31,0000
26838; CACHOS KIDS DEFINICAO ATIVADOR;3;21,5000
26837; CACHOS KIDS DEFINICAO CONDICIO;1;23,5000
26834; CACHOS KIDS DEFINICAO SHAMPOO ;2;22,0000
37497; CADEIRA DE BANHO D30 100KG;2;280,0000
30718; CADEIRA DE RODAS PL 001;1;715,0000
37093; CADEIRA DE RODAS PRATICA 100KG;1;570,0000
31082; CAFEINA 200MG LAVITAN 100CPS;2;83,0000
37078; CALADRYL GEL POS SOL REFRESC.;1;33,9900
36767; CALADRYL REPELENTE 100ML;4;14,9900
14339; CALCANHEIRA SIL SO PES G;1;108,0000
37416; CALCI BD3 60CP;2;30,0000
36185; CALCI GEST 60CP;8;35,0100
36832; CALCI MDK 75CP;3;44,0000
32651; CALCIO+MAGNESIO DUOM 60CPS;2;35,0100
36602; CALCIPLEX LIQUIDO 240ML CEREJA;3;30,0000
1847; CALCITRAN B-12 LIQ 150ML;1;47,0000
3308; CALCITRAN D3 C/30 COMP;1;56,0000
35653; CALCIUM MAXX ARTRO CALCIO + AS;1;82,0000
37640; CALCIUM MAXX MDK (CALCIO + VIT;1;85,0000
6448; CALDE C/60 COMP;2;141,0000
20522; CALDE KM C/ 30 COMP;1;160,0000
29166; CALDE MAX 2000UI 30CPR;1;254,0000
27926; CALDE MDK 2000UI C/30;1;196,9200
19660; CALKADE 600MG C/ 60 CPR;2;45,0000
31407; CALKADE CALCIO MDK 60 CPR REV;4;65,0000
198; CALMAN C/20 DRAGEAS;6;65,0000
18724; CALOTRAT (AC LATICO+ACSAILIC) ;7;18,0000
37396; CALOTRAT PLANTAR (SALICILICO);2;39,5600
36172; CAMISA MANGA CURTA CRIANCA;1;1,0000
4737; CAMOMILINA-C C/20 CAPS;1;68,0300
15078; CAMONIME C BABY 20CAPS ARTE;5;17,0000
202; CANDICORT CREME 30G;3;48,8800
201; CANDICORT POMADA 30G;2;48,8800
37472; CAOSSO 60 CP;4;110,0100
36958; CAPA BANCO PERSONALIZADA POP B;1;1,0000
33855; CAPA PROTETORA CONDOR C/ 3 UND;7;9,0000
24297; CAPS OLEO/ ALHO 250 MG C/120 C;1;27,0000
7991; CAPTOPRIL 25 MG C/ 30 COMP GLO;41;3,0000
19036; CAPTOPRIL 25MG C/ 30 COMP TEUT;135;3,0000
34552; CAPTOPRIL 25MG C/30 COMP;3;2,9900
8372; CAPTOPRIL 50MG 30CPR GERMED;6;10,0000
17980; CARBAMAZEPINA (C1) 400MG C/30 ;6;30,0000
19948; CARBAMAZEPINA 200MG (C1) COMP ;4;13,0000
1752; CARBAMAZEPINA 20MG XPE 100ML G;3;32,1000
12716; CARBIDOL 25+250MG C/ 30 COMP;4;30,3000
37603; CARBIDOPA+LEVODOPA 25+250MG 30;6;34,8900
27935; CARBOLITITIUM 300 MG C/60 COMP;1;68,8000
27851; CARBOLITIUM CR 450MG C/60;2;159,7800
28023; CARBONATO DE LITIO 300MG 60CP;1;47,0000
34702; CARBONATO DE LITIO 300MG 90CP;1;60,1700
9111; CARDILOL 25MG C/30COMP;1;86,5400
7827; CARDILOL 6,25MG CX 60 COMP;1;96,7400
28907; CARE LISS HAIR SPRAY FIX 150ML;1;21,0000
14422; CARE LISS HAIR SPRAY FOR 400ML;4;31,0000
14424; CARE LISS HAIR SPRAY NOR 400ML;2;29,5000
36138; CARGA VENUS 3 PELE SENSIVEL 2U;1;27,9900
36139; CARGA VENUS 3 PELE SENSIVEL 4U;2;51,0000
36140; CARGA VENUS 3 SKIN COMFORT SPA;2;44,0000
35770; CARMED BODY SPLASH FR 200ML NA;4;36,0000
32750; CARMED DOCE DE LEITE 10G CIMED;1;22,0000
34074; CARMED ENXAG BUC FR 250ML MINH;14;14,9900
31842; CARMED HID LAB BG 10G BARBIE C;4;27,0000
31843; CARMED HID LAB BG 10G BARBIE R;1;30,0000
35762; CARMED HID LAB BG 10G COCA COL;14;15,0000
35763; CARMED HID LAB BG 10G COCA COL;9;15,0000
35764; CARMED HID LAB BG 10G COCA COL;7;15,0000
36505; CARMED HID LAB BG 10G SPRITE;2;19,0000
29965; CARMED MACA DO AMOR;2;24,0000
33869; CARMED PROT LABIAL FPS 30 BG 1;8;14,9900
18109; CARVEDILOL 12,5MG C/30 COM;10;13,0400
18110; CARVEDILOL 25MG C/30 COM;15;14,2100
18800; CARVEDILOL 6,25MG C/30;7;13,2300
33951; CARVEROL 250MG 20CP (CARVAO VE;3;45,0000
34905; CASTING 823 LOURO ROS. GO. HIG;1;33,0000
14874; CASTING CR GLOSS 100 PRETO NOI;2;33,0000
6238; CASTING GLOSS 210 PRETO AZULAD;9;33,0000
1492; CASTING GLOSS 300 CAST ESCURO;5;33,0000
220; CASTING GLOSS 400 CASTANHO NAT;5;33,0000
10009; CASTING GLOSS 426 BORGONHA;4;33,0000
4127; CASTING GLOSS 500 CASTANHO CLA;5;33,0000
7566; CASTING GLOSS 535 CHOCOLATE;2;33,0000
1010; CASTING GLOSS 700 LOURO NATURA;3;33,0000
3865; CASTING GLOSS N.600 LOURO ESCU;6;33,0000
6599; CASTING PRETO N.200;2;33,0000
3083; CATAFLAM AEROSOL 60GR;1;57,9800
2907; CATAFLAM EMULGEL 30GR;3;33,2800
217; CATAFLAM EMULGEL 60GR;1;57,4100
12780; CATAFLAM EMULGEL C/150G NOVO;1;91,9200
12433; CATAFLAM PRO XT C/100G GEL;1;95,7300
10760; CATAFLAM SPORT ICE 60G AEROS.;4;63,6900
26312; CATETER INTRAVENOSO 22G UNIDAD;30;4,0000
10896; CATETER INTRAVENOSO 24G;269;4,0000
21952; CATETER PERIF INFUSAO TAM18 G;14;3,0000
37265; CAUTERIZACAO INTENSE KERATIN +;3;50,0000
33164; CAVALO FORTE HIDRA SH500ML+CON;1;60,0000
36817; CB0010 ESPONJA CHANFRADA PARA;6;3,0000
36818; CB0090-2 PINCEL PARA MAQUIAGEM;3;9,0000
36819; CB0090-5 PINCEL PARA MAQUIAGEM;1;8,9900
35704; CC PENT S.LINE 1KG XO POROSIDA;1;40,0000
35706; CC PENT S.LINE XEROSA 800G BAU;2;38,0000
35707; CC PENT S.LINE XEROSA 800G VIB;2;38,0000
31804; CC TRAT ELSEVE 300G GLYCOLIC G;2;32,0000
31041; CCT C.DOURADO REGARV LISO 1KG;1;14,0000
33599; CCT OX GLICOLICO 300G;1;25,0000
16159; CD FORCA PIMENTA 350ML BIOEXTR;1;52,0000
34639; CD MAIS NUTRICAO 350ML;3;56,5800
36392; CD MAIS PROTECAO 250ML;2;41,0000
21037; CD UMECTANTE 250ML BIO EXTRAT;3;38,0000
7420; CEBRALAT 100MG CX C/60COMP;2;100,4000
1785; CEBRALAT 50MF C/60 COMP;1;50,0100
223; CECLOR 250MG 100ML SUSP;2;132,6000
3378; CECLOR 375MG SUSP 100ML;1;180,1400
6575; CECLOR BD 500MG C/10 COMP;1;115,9600
5706; CECLOR BD 750MG C/14 COMP;1;243,7400
17974; CEDRAFLON BISNAGA 150ML;2;121,0000
3690; CEFADROXIL 500MG C/8 CPS GENER;6;26,5300
6123; CEFADROXILA SUSP 250MG/ML 100M;4;69,5600
21368; CEFALEXINA 500MG 10 CPR;24;16,0000
18100; CEFALEXINA 500MG 10 CPR GN ;3;10,0000
2130; CEFALEXINA SUSP 250MG/5ML 100M;3;27,0000
228; CEFALIV C/12 COMP;2;23,9200
36932; CEFTRIAXONA 1G PO INJ+ AMP 3,5;8;20,0000
31292; CELECOXIBE 200MG;1;18,9800
28430; CELECOXIBE 200MG CX 10 CAP;1;18,0000
18584; CELECOXIBE 200MG C\10 CAPS DUR;9;22,0100
4220; CELERG C/20 COMP;2;17,0000
3182; CELERG XAROPE 120ML;2;28,6900
4188; CELERGIN C/20 COMP;4;18,5600
4189; CELERGIN XPE 120ML;1;20,0000
232; CELESTAMINE XPE 120ML;1;74,1700
17605; CELETIL (DEXCLOR + BETA) XPE 1;4;19,8800
25378; CENEVIT + ZINCO 1G.+10MG.;12;13,0000
25137; CENEVIT 1G 10CPR LAR S/ACU;14;10,0000
35635; CERA COLA MEGA FIXACAO INFINIT;3;15,0000
35600; CERA DEP DEPIL BELLA 1000G QUE;2;60,0000
35136; CERA DEPIL BELLA 1,3KG ALGODAO;14;36,0000
35133; CERA DEPIL BELLA 1,3KG NATURAL;11;36,0000
35135; CERA DEPIL BELLA 600G ALGODAO;2;23,5000
26481; CERA DEPIL FRIA DEPILBELLA 00;2;27,0000
27299; CERA DEPILBELLA FRIA 200G POTE;3;28,0000
7686; CERA FINAL MURIEL 40G CERAMIDA;5;14,0000
4615; CERA FINAL.MURIEL 40GR ABACATE;1;12,0000
2775; CERA FINAL.MURIEL 40GR ABELHA;5;14,0000
4879; CERA FINAL.MURIEL 40GR BABOSA;3;14,0000
4616; CERA FINAL.MURIEL 40GR OLEO AR;2;14,0000
4617; CERA FINAL.MURIEL 40GR QUERATI;3;14,0000
36113; CERA FIXADORA EM BASTAO RICCA;4;46,0000
2700; CERA FRIA DEPI-ROLL BISNAGA 12;1;22,0000
36597; CERA MOD INFINITY BLACK 80G;2;8,5000
34477; CERA MODELADORA INFINITY UVA;3;13,0000
29077; CERA ORTOD HILLO 5UN;2;8,0000
11782; CERA ORTODONTICA DENTALCLE 5UN;12;8,0000
24124; CERAVE CREME HIDRATANTE 200G ;2;99,0000
31546; CERAVE CREME HIDRATANTE 453G;1;141,0000
35586; CERAVE GEL DE LIMPEZA 340G;1;110,0100
37390; CERAVE GEL LIMPEZA CONTROL A;1;115,0000
26681; CERAVE LOC FACIAL HIDR 52ML;2;127,0000
33055; CERAVE LOC HIDR 50ML SN;1;43,0000
37450; CERAVE LOC HIDRAT 340ML   LO;1;115,0000
23090; CERAVE LOCAO HIDR 200ML;1;99,0000
25333; CERAVE LOCAO HIDRAT C/473 ML;1;128,0000
240; CERUMIN GOTAS 8ML;3;30,6900
7993; CETAPHIL CR HIDRAT 453GR;1;120,0000
8074; CETAPHIL LOC HIDRATANTE 473ML;1;127,0000
22297; CETAPHIL SAB 127G PELE SENSIV;1;40,0000
20288; CETOBETA (CETO+BETA+NEO) CR 30;3;18,0000
19231; CETOBETA POM 30G;4;18,6800
15645; CETOC+BETAM DERM CR 30G GN;9;14,0000
15347; CETOC+BETAMET+NEO POM 30G;11;19,8700
6386; CETOCON+BETAM+SULF+NEOM CR 30G;8;15,0000
18902; CETOCONAZOL 200 MG C/10 C;5;10,2800
31083; CETOCONAZOL 20MG/G CREM BG 30;2;10,2900
33987; CETOCONAZOL CREME 20MG/G 30G;7;10,0100
37382; CETOCONAZOL CREME 20MG/G 30G G;1;13,0000
29673; CETOCONAZOL SHAMP 100ML GLOBO;4;16,0000
8460; CETOCONAZOL+DIP DE BET 30 EURO;5;17,2300
22444; CETOCONAZOLGEN - 20MG/G CREM D;3;10,0000
344; CETOPROFENO 100MG C/20 COMP GE;6;35,5600
20686; CETOPROFENO 150MG 10 CPRS ;2;15,0000
20711; CETOPROFENO 150MG 10CPR (;132;15,0000
25966; CETOPROFENO 150MG C/10 COMLIBP;51;17,0000
21043; CETOPROFENO 20MG SOL 20ML;3;8,2900
19774; CETOPROFENO 50MG 24CPS ;8;18,0000
19295; CETOPROFENO GTS 20ML;6;10,1200
2279; CETRILAN SAB INF 100G;3;66,0000
5674; CETROLAC COL 5ML;3;75,8700
37170; CETROLAC MD 4MG ML FR C 5ML;3;63,7400
25002; CEWIN (LINK) 500MG 30CP LIB PR;2;46,5000
21033; CH CLEAN SIL O T2 AZUL R 5115-;9;7,5000
21034; CH CLEAN SIL O T2 ROSA R 5115-;7;7,5000
16717; CH COLOR LOLLY T2 AZUL;13;10,0000
16713; CH COLOR LOLLY T2 ROSA 5015;4;10,0000
14970; CH COLOR SIL RED T2 REF 5012 ;6;10,0000
14971; CH COLOR SIL RED T2 ROSA 5012;1;10,0000
17108; CH LOLLY AZUL TAM 1 4811;3;8,5000
17105; CH LOLLY AZUL TAM 1 4814;5;8,5000
16968; CH LOLLY ROSA TAM 1 4011;3;8,0000
17107; CH LOLLY ROSA TAM 1 4814;5;8,0000
16952; CH LOLLY TAM 2 5212;3;11,0000
16951; CH LOLLY TAM 2 AZUL 4015;2;8,0000
17407; CH LOLLY TAM 2 AZUL 4515;3;9,0000
18259; CH LOLLY TAM 2 ROSA 4515;1;9,0000
21148; CH NEOPAN 4812N1 LARANJA;2;8,0000
18638; CH OCE ROSA LOLLY T1;6;11,0000
18637; CH OCEANO AZUL T1 LOLLY;8;11,0000
36670; CH OCEANO SIL O T1 F 5214-01-F;5;11,0000
20727; CH SPECIAL SILIC OT2 REF 6015;2;16,5000
20917; CH SPECIAL SILICONE ORT2 AZUL;1;16,5000
20916; CH SPECIAL SILICONE ROSA T2;9;16,5000
20084; CH TIP T1 ORTO AZUL 4014;2;8,0000
18775; CH VERDE LOLLY TAM 2 ;4;9,0000
23887; CHA VERDE TWININGS 20G;2;14,0000
28384; CHCOLATE KIT KAT  LEITE 41,5G;14;4,8000
35537; CHICLE FINI 80G OVOS DINOSSAUR;2;7,5000
23608; CHOCOLATE BATOM AO LEITE UNIDA;207;2,2500
25101; CHOCOLATE BATOM BRANCO UNIDADE;27;2,2500
28795; CHOCOLATE CHOKITO NESTLE C/1UN;67;3,3000
26643; CHUP FUNNY AZUL ORTO T-2;1;13,5000
26966; CHUP LOLLY F2 SIL ORT MASCULIN;4;19,0000
29390; CHUP LOLLY ORTO AZUL +6 MESES;2;12,0000
29693; CHUP LOLLY SIL ORT T2 AZUL;5;10,5000
21999; CHUP LOLLY SIL RT1 UND;2;16,0000
24426; CHUP LOLLY SILIC ORTO ROSA;4;8,0000
23919; CHUP LOLLY SILIC ORTO T1 FEM;4;16,5000
23920; CHUP LOLLY SILIC ORTO T1 INCOL;3;16,5000
23918; CHUP LOLLY SILIC ORTO T1 MASC;5;16,5000
13128; CHUP LOLLY TAM 2 AZUL ;5;7,5000
13127; CHUP LOLLY TAM 2 ROSA;2;7,5000
30299; CHUP LOLLY TIP SILIC RED T1 AZ;4;8,0000
22462; CHUP SOFT CALMING SIL SIMET T2;2;17,0000
13124; CHUP TRICOLOR LOLLY TAM 2 ;1;9,5000
25836; CHUPETA LILLO FUNNY N2 LAZARNJ;1;13,5000
25484; CHUPETA LOLLY 2;4;9,5000
25485; CHUPETA LOLLY TRICO ROSA;2;9,5000
9966; CHUPETA NEOPAN N°1 AZUL;1;6,0000
36009; CHUPETA P.CANINA REF 5014/01 A;3;11,0000
36010; CHUPETA P.CANINA REF 5014/01 R;3;11,0000
37589; CHUPETA P.CANINA REF 5015/01 A;6;12,0000
37590; CHUPETA P.CANINA REF 5015/01 R;6;12,0000
32664; CHUPETA SIL MUNDO BITA O T2 F;3;9,5000
32663; CHUPETA SIL MUNDO BITA O T2 M;2;9,5000
25862; CIBEX 200MG CX 10CAPS;1;49,8400
33222; CICAPLAST B5 BABY 40 ML;1;110,0000
30287; CICAPLAST BAUME B5 40ML *;1;112,0000
15969; CICAPLAST LRP LABIOS 7,5ML;1;84,0000
31385; CICATRICURE  FPS50 CLARO 40;2;55,0000
22252; CICATRICURE CR CORP 250 G;1;43,0000
18722; CICATRICURE GEL CICAT C/ 30G;2;40,0000
16528; CICATRICURE GEL CICATRIZ/ESTRI;2;69,1600
22033; CICATRICURE MATERNITY / ESTRIA;1;85,0000
1271; CICLO C/21 CPS;22;11,3200
17211; CICLOBENZAPRINA 10 MG C/10COMP;4;12,0000
35267; CICLOBENZAPRINA 10MG 30 CPR GN;1;14,1200
12775; CICLOPIROX OLAMINA CR 20G;9;22,8900
33527; CICLOPIROX OLAMINA SOL 10MG;3;19,5700
3056; CIFLOGEX C/12PAST MENTA LIMAO;43;18,0000
5115; CIFLOGEX MEL SPRAY 30ML;4;20,0000
5271; CIFLOGEX MENTA SPRAY 30ML;4;20,0000
10650; CIFLOGEX PASTILHA SABOR LARANJ;42;18,0000
32744; CILIOS MACRILAN 3-5;3;10,0000
34152; CILIOS POST MACRILAN CL3-10;1;10,0000
36106; CILIOS POSTICOS 5 PARES;1;17,5000
36107; CILIOS POSTICOS PERFECT 5PARES;3;17,5000
3854; CILODEX COL 5ML;2;53,7400
17650; CILOSTAZOL 100MG 60CPR;4;56,5600
31091; CILOSTAZOL 50 MG C/ 60 CP;4;32,0000
28955; CILOSTAZOL 50MG 60CP ;2;28,9800
4588; CIMECORT CREME 30G;11;14,5900
17093; CIMEGRIPE CAIXA C/ 20 CAPS;26;18,5000
16526; CIMETIDINA 200MG. C/10;3;7,0000
15077; CIMETIDINA 400MG C/ 16 COMP ;14;20,1200
36863; CINARIZINA 25MG 30 CPR GN RANB;3;18,9500
33171; CINARIZINA 75MG 30 CP RANB G#;2;26,0000
315; CINETOL 2MG C/80 COMP;3;41,2900
19954; CINTA ELAST 4007P C/ BARB SIM;1;147,0000
37071; CINTA MODELADORA ROSA G;1;154,0100
36152; CINTA MODELADORA ROSA M;1;153,0000
24401; CINTA P/COSTA/CINT P MOVA ;1;157,0000
23461; CINTA PROTETORA P/COSTA E CINT;2;219,0000
284; CIPROFAR 500MG C/14 CPS;1;56,9300
28823; CIPROFIBRATO 100MG 30COMP;3;22,8100
25061; CIPROFIBRATO 100MG 30CPR;12;22,0000
8005; CIPROFIBRATO 100MG 30CPR GE NE;3;26,7800
25264; CIPROFLOXACINO 500MG 14 GE SAN;2;14,0000
3410; CIPROFLOXACINO 500MG C/14 COMP;5;15,0000
14848; CISTEIL 600MG C/ 16 ENV GEOLAB;3;38,1200
36486; CISTEIL 600MG C/10 ENVELOPES X;1;36,0000
16867; CISTEIL XPE AD 120ML;13;20,0000
36094; CITALOPRAM 20MG 30 CPR GN C1 R;5;13,4600
35473; CITALOPRAM 20MG 30COMP (C1) BS;1;15,1100
10074; CITALOPRAM 20MG 30CP;1;18,3000
27852; CITOBE C/30 ;2;92,6300
32320; CITOBE DEXA 3X1ML+3X2ML AMP IN;1;48,3600
31862; CITONEURIN 5000 C/30 COMP REV;1;104,6200
35930; CITONEURIN CONTROL 1000 C 90CP;1;211,4200
1713; CITRATO SILDENAFILA 50MG C/4;137;8,0000
22580; CITTA / 20MG C/30 COMP;2;106,7700
33174; CL AMITRIPTILINA 75MG 30CP C1;4;29,5400
35073; CL BROMEXINA XPE AD 120ML MED;1;18,9900
31043; CL TRAMAD+ PARAC 37,5MG+325MG;2;24,4500
35444; CL3-12 PESTANAS CILIOS POST 10;3;10,0000
35445; CL3-4 PESTANAS CILIOS POST 10P;1;10,0000
35448; CL3-8 PESTANAS CILIOS POST 10P;4;10,0000
35449; CL5-8 CILIOS POSTICOS LONGO ME;6;15,0000
35446; CL5-9 CILIOS POSTICOS VOL LONG;3;15,0000
7597; CLANISTIL SOL OFT 15ML;9;10,0000
34632; CLARIFICANTE ATCLLOR FLOC   5L;9;1,0000
267; CLARIL COLIRIO  15ML;4;32,8500
26797; CLARITROMICINA 500MG 14CP RE;7;83,2400
27088; CLARITRROMICINA 500MG C/10 COM;4;62,1200
33045; CLAZI XR 60 MG C/30 CPR;2;92,6000
34062; CLEAR MEN CABELO E BARBA;3;22,5000
28642; CLEARBLUE TESTE DIGITAL;1;57,0000
2227; CLENIL A C/10 FLAC 2ML;4;97,0100
19199; CLENIL HFA 200 SPRAY ;1;83,8600
6662; CLENIL HFA 250 MCG SPRAY 10ML;1;83,4600
7643; CLENIL HFA 50MCG SPR 200DS;4;51,2300
5678; CLINDAMICINA 300MG C/ 16 CAPS ;9;43,5600
8935; CLINDOXYL GEL 45 G;1;110,5200
31207; CLO 25MG CX 3BL X 10 COMP REV;1;74,9000
5713; CLO 75MG C/20 COMP;1;84,9900
9129; CLOB-X CREME 30G;1;57,0800
4775; CLOBETASOL CREME 30G GENER NOV;2;12,2600
4791; CLOBETASOL POMADA 30G GENER ;1;12,6500
10443; CLOBETASOL POMADA C/ 30G;3;17,0000
272; CLOMID C/10 COMP;1;86,3000
5153; CLONAZEPAM 0.5MG C/30 COMP GEN;29;6,2300
7940; CLONAZEPAM 2,5MG 20ML GEN MEDL;37;10,0000
22191; CLONAZEPAM 2,5MG/ML 20ML TEUTO;9;9,5200
32033; CLONAZEPAM 2,5ML 20ML;6;9,3500
15609; CLONAZEPAM 2MG 60CPR;2;20,0000
5157; CLONAZEPAM 2MG C/30 COMP GENER;46;8,1100
10935; CLOPIDOGREL 75MG 28 COMP;28;21,8700
17848; CLOPIDOGREL 75MG 28CP NEO Q;2;24,2300
33180; CLOPIDOGREL 75MG C/30 COMP;1;21,2300
8470; CLOPIN 75MG C/30 COMP;2;82,1400
26652; CLOPIN DUO 75+100MG 30CPR;2;96,2000
8514; CLOR AMBROXOL PED 120ML;12;13,0000
15896; CLOR BROMEXINA AD 120ML(GLOBO;1;18,0000
10587; CLOR D/ HIDROXIZINA GENSOLUCAO;1;20,9200
34468; CLOR DE ONDANSETRONA 4MG C/30;15;15,1100
11205; CLOR DE SERTRALINA 50MG 30 CMP;11;16,3900
30280; CLOR FEXOFENADINA 180MG C/10 C;3;20,0900
22792; CLOR NORTRIPTILINA 50MG C/30;2;56,7800
19336; CLOR SERTRALINA 50MG C/30 COMP;12;18,2500
31400; CLOR TRAMADOL 100MG 10CP;7;89,5600
21064; CLOR TRAMADOL 100MG 15ML A2C1;1;42,2300
27842; CLOR TRAMADOL 50MG 10CP A2C1 ;4;14,5800
17678; CLOR VENLAFAXINA 75MG C/30;6;43,6900
16912; CLOR VERAPAMIL 80MG 30CPR;2;18,4000
29684; CLOR. DE NEBIVOLOL(GEN) 5MG 2B;1;37,8900
26007; CLOR.TANSULOSINA 4MG CX 30 COM;11;59,6800
273; CLORANA 50MG C/20 COMP;1;16,5600
34799; CLOREALGA 500MG 60CAPS;1;42,0000
28553; CLORETO DE MAGNESIO PA 620MG;2;30,0000
37068; CLORETO DE SODIO 0,9% 10ML (FA;10;2,0000
37599; CLORETO MAGNESIO PA 600 MG 60C;2;30,0000
28018; CLOREXIDINA 0,5% ALCOOLICA 1L;1;36,0000
27723; CLOREXIDINA 2% 1L VICPHARMA;1;49,0000
10985; CLORID CICLOBENZAPRINA 5 MG 15;5;11,0000
9609; CLORID DE NORTRIP 25MG C/30COM;6;26,5600
15989; CLORID.CICLOBENZAPRINA 10MG 15;2;11,1200
18671; CLORID.DORZOLAMIDA+MAL.TIMOLOL;4;43,8000
18634; CLORID.FLUOXETINA 20MG C/30 CO;5;13,1200
25947; CLORIDRATO DE FEXOFENADINA 120;5;20,1200
25288; CLORIDRATO DE FEXOFENADINA(GEN;7;27,0000
18929; CLORIDRATO DE LOPERAMIDA 2MG C;4;6,0000
32277; CLORIDRATO DE METILFENIDATO;1;35,1700
25411; CLORIDRATO DE NEBIVOLOL 5MG G;2;30,0000
23749; CLORIDRATO DE TERBINAFINAGENE;3;94,5600
34633; CLORO PISCINA ATCLLORO 3X1 10K;3;1,0000
17334; CLORTALIDONA 25MG C/60 (G E;5;41,6700
35958; CLORTALIDONA 50MG 30CP (GEN);3;12,5600
20163; CLORTALIDONA 50MG C/30;1;25,5100
12339; CLOTRIMAZOL 1% CR VAG 35G;11;31,2300
13402; CLOTRIMAZOL 2% CR VAG. 20G MED;1;22,6900
7941; CLOTRIMAZOL CR DERMATOL. 20G M;5;11,2300
15348; CLOTRIMAZOL+DEXAMET CRE 40G;3;30,1200
3963; CLOTRIMIX CREME 20GR;2;33,8800
25572; CLOTRIMIX FORTALECEDOR 7ML;1;53,0000
33295; CO HASKELL INFUSAO DE OLEOS 50;1;68,0000
34440; CO OX 240ML PEPTIDEOS;4;22,0000
32145; CO OX 500ML MICELAR;3;33,0000
28812; CO PANTENE 150ML EQUILIBRIO;5;17,0000
28813; CO PANTENE 250ML EQUILIBRIO NA;1;29,5000
28240; CO SEDA 325ML BOMBA DE NUTRICA;2;15,0000
18510; COBAVITAL C/30;7;49,6400
279; COBAVITAL COMP C/16;12;31,3000
35942; COBI-12 1000MCG C 30 COMP SUBL;1;35,5200
22586; COD PAR 30MG C/12 COMP;2;36,0500
31606; CODEIN 30MG CX 12 COMP;1;27,3500
9054; CODEIN SOL 120ML;1;85,4700
35442; CODEINA 30MG 30CPR (NOVA ) (A2;3;39,0000
32818; CODEINA+PARACETAMOL / 30+500MG;7;12,9900
31585; COENZIMA Q10 100MG FR 60 CAPS;2;72,0000
37532; COENZIMA Q10 200MG MAST 30CPR;3;70,0000
18054; COGLIVE 8MG 30CAPS C1 ;1;159,2700
36436; COGMAX 60CAP;1;189,0000
31856; COGMAX FOS 60CAP;1;225,0000
26324; COL AGUAS GELLUS 255ML CACHO;3;19,0000
23343; COL ALFAZEMA EXTRA HALLEY 120M;7;9,5000
1932; COL ALFAZEMA SUISSA 115ML;5;23,0000
7525; COL ALFAZEMA SUISSA 500ML;3;37,5000
32676; COL BELA COR 2.11 PRETO AZUL;3;11,5000
31956; COL BELA COR 4.0 CASTANHO MED;5;11,5000
31957; COL BELA COR 5.0 CASTANHO CLAR;6;11,5000
31960; COL BELA COR 7.0 LOURO MEDIO;3;11,5000
3949; COL EURO ESSENCE AZZUR 100ML;2;54,0000
5754; COL EURO ESSENCE FERRAT 100ML;2;54,0000
3560; COL EURO ESSENCE POLO 100ML;2;54,0000
1879; COL GELLUS AGUA FRESCA 300ML;1;19,5000
8531; COL GELLUS ALFAZEMA 300ML;4;19,5000
8090; COL GELLUS BANHO DR BEBE 300ML;1;19,5000
7962; COL GELLUS CAPIM LIMAO 300ML;2;19,5000
7963; COL GELLUS FLOR DE LIZ 300ML;2;19,5000
27829; COL GIOVANNA BABY 260ML AZUL;1;30,0000
29398; COL GIOVANNA BABY 260ML CAND;3;30,0000
27831; COL GIOVANNA BABY 260ML ROSA;1;30,0000
28853; COL HALLEY BABY ROSA 200ML;4;14,0000
31963; COL KIT B 96.44 RUIVO NATURA;2;11,5000
5607; COL MENS CLUB INFINITY 100ML;2;44,0000
1951; COL MENS CLUB ORIGINAL 120ML;2;44,0000
4081; COL MENS CLUB SEDUCTIVE 120ML;2;44,0000
1867; COL SEIVA ALFAZEMA LAV 118ML;5;20,5000
34497; COL SPLASH HK PINK ROCK 240ML;3;27,0000
34498; COL SPLASH HK SWEET POP 240ML;3;27,0000
34499; COL SPLASH LAVANDA DREAM 240ML;2;23,0000
34500; COL SPLASH LOVE SECRETS 240ML;3;27,0000
35013; COLAGENO 1000MG 60CP DUOM;2;62,0000
35654; COLAGENO HIDRO + VIT C 60CAPS;1;49,5600
31807; COLAGENO HIDRO FEMME C/90 MAXI;1;56,0000
31712; COLAGENO TIPO II CONDRIGEN CUR;3;72,0000
25099; COLAGENO VERISOL  90CPS;1;67,0000
32008; COLAGENO+CURCUMA 60 COMP;2;45,0000
24115; COLAGEVIT  VIT C 60CAPS ;2;29,0000
17597; COLCHIS 0,5MG 20CPR;1;59,7800
11420; COLCHIS 1 MG C/ 30 COMP ;1;104,3600
33507; COLEDUE R 10/10MG C/ 30 CAPS;1;84,8600
29688; COLETE PUTTI ELASTICO ALTO EXT;1;210,0000
28810; COLETE PUTTI ELASTICO ALTO GRA;1;230,0000
31981; COLETE PUTTI ELASTICO ALTO MED;1;230,0000
32715; COLETE PUTTI ELASTICO BAIXO G;1;228,0000
29002; COLETOR UNIVER C/50ML  COLET;34;1,0000
35238; COLETOR UNIVERSAL 3B TRANSLUCI;50;1,5000
23085; COLETOR UNIVERSAL 80ML;47;1,5000
35798; COLETOR UNIVERSAL ESTERIL 80 M;50;1,0000
3964; COLETOR UNIVERSAL SEM CAIXA;300;1,0000
27298; COLETOR URINA INFANTIL FEMININ;47;2,0000
28616; COLFLEX MUSCULAR SCH C/30;1;324,0000
24892; COLGATE CR DENT L3P2 SENSIT;1;38,5000
17514; COLGATE PLAX INFINITY 250ML ZE;1;16,0000
20793; COLHER PONTA SIL AZUL SPECIAL;1;15,0000
27080; COLHER SILICONE LOLLY RS 4+;1;14,0000
27476; COLIC CALM SUSP 59 ML;1;181,0000
26570; COLICALIV GTS 30ML;1;124,0000
13254; COLIDIS GTS C/ 5 ML;1;128,0000
23576; COLIRIO ACU FRESH 10ML GEOLAB;6;24,5600
14805; COLIRIO GEOLAB 20ML ;1;10,0000
35868; COLIRIO LEGRAND 20ML (BENZALCO;1;16,0100
17741; COLONIA EURO ESSENCE OLY 100ML;1;54,0000
26325; COLONIA GELLUS FLOT ORIGEM 255;2;19,5000
26326; COLONIA GELLUS LIRIO 255ML;4;19,5000
15777; COLONIA KIDS GELLUS 300ML AZUL;2;21,0000
15775; COLONIA KIDS GELLUS 300ML ROSA;2;21,0000
31156; COLONIA PHYTODERM FEM CARINHO1;1;31,0000
17740; COLONIA SILVER ESSENCE 100ML;1;54,0000
9949; COLONIA TURM. XUXINHA C/120ML3;1;19,0000
33591; COLONIA TURMA XUXINHA C/210ML;1;28,0000
14796; COLONIA XUXINHA C/ 120 ML;1;19,0000
36631; COLOR BIOCOLOR HOMEM BOZZANO 4;1;32,5000
36632; COLOR BIOCOLOR HOMEM BOZZANO K;1;32,5000
37195; COLOR KOLESTON RETOQ INST 100M;4;43,0000
37197; COLOR KOLESTON RETOQ INST 100M;1;43,0000
32899; COLOR PERFECT 08/0 LOURO CLARO;4;32,0000
32167; COLOR PERFECT 6/1;1;32,0000
32898; COLOR PERFECT 60G 6/0;3;32,0000
32169; COLOR PERFECT 7/0 LOURO M;3;32,0000
27128; COLOR SOFT COLOR 0080 LOURO CL;1;29,0000
33454; COLOR TOUCH 6.3 LOURO ESC.DOUR;2;34,0000
36956; COLOR TOUCH 60G 6/73 LOURO ESC;3;34,0000
33779; COLOR TOUCH CR 60G 66/45 LOURO;1;34,0000
33453; COLORACAO COLOR PERFECT 8.1 LO;3;32,0000
37407; COLPADAK EMU DERM 30ML (MICONA;8;15,9800
3656; COLPIST MT CR VAG 40GR+APLIC;1;53,5600
287; COLPISTATIN CREME VAG 40GR;1;63,1300
2989; COLTRAX 4MG C/20 COMP;2;74,0600
26990; COMADRE PLASTICA  TAYLOR;4;50,0000
3537; COMBIGAN COLIRIO 5ML;3;168,3600
291; COMBIROM FOLICO C/45 DRAGEAS;5;49,9400
10776; COMBODART C/ 30 CAPSULAS;6;166,1100
36642; COMBTOL 5ML C 120 GOTAS;1;105,1000
37345; COMP GAZE HERIKA 13F 7,5CM;649;1,5000
35919; COMP GAZE LIVIA 13F 7,5CMX;36;1,0000
21896; COMPLEXO B C 100CP;1;18,0000
24334; COMPLEXO B C/100 CP EMS EMS LA;1;37,5600
36603; COMPLEXO B CONCENTRADO 30 CPR;4;24,0000
2328; COMPLEXO B INJ C/1 AMP 2ML;100;8,0000
25808; COMPLEXO B12 20CPR ;3;23,7900
32865; COMPRESSA DE GASE 11F EST. PCT;6;1,0000
27109; COMPRESSA DE GAZE ECOMAX;2;1,5000
27675; COMPRESSA GAZE EST 11FIOS C/10;342;1,5000
26981; CONAZOL CREME 20MG;1;10,0000
16780; CONCARDIO 1,25MG C/ 30 COMP;1;89,0600
14597; CONCARDIO 10 MG C/30 COMP;7;142,4800
13579; CONCARDIO 2,5MG C/ 30 COMP;1;75,7800
16215; CONCOR 2,5MG 30CPR ;2;95,3800
17542; CONCOR 5MG C/30 COMP;2;116,0500
15774; COND ACQUA KIDS 250ML CAB CACH;2;16,0000
3138; COND ACQUA KIDS LISO 250ML;2;16,0000
23166; COND ACQUA KIDS MARSHMAL 250ML;1;16,0000
23534; COND ACQUAKIDS ALGODAO 250ML;2;16,0000
16629; COND ANTICASPA BIO EXTRATUS 25;2;36,0000
31500; COND ANTIFRIZZ 300ML;2;20,5000
32626; COND ARGAN 300 ML;1;20,0000
33358; COND BIO EXT  CRESPOS 250ML;2;43,0000
16758; COND BIO EXT ABACATE 250ML;3;43,0000
33363; COND BIO EXT CACHOS 250ML;1;38,0000
18119; COND BIO EXT POS COLO 250ML;1;35,0000
33621; COND BIOEXTRATUS CAMOMILA 250M;1;38,0000
28831; COND BOTHANICO 400 ML BROT BAM;2;8,0000
27693; COND CACHO 500ML NINGUEM SEGUR;1;29,0000
17064; COND COCO SOS 300ML;3;22,5000
31694; COND CRESCE FORTE CABEL 500ML;2;28,0000
36917; COND DARLING 350ML CERAMIDAS;2;8,0000
36918; COND DARLING 350ML DETOX(E)*;3;8,0000
36919; COND DARLING 350ML TILIA;3;8,0000
27370; COND DESMAIA 300ML SEM DO NEM ;1;22,0000
37419; COND DOVE 370ML CACHOS ATIVOS;2;38,5000
37420; COND DOVE 370ML NUTRICAO TRI O;2;38,5000
23867; COND DOVE BABY CACHEADOS;2;20,0000
23440; COND DOVE BABY HID ENREQ CLARO;1;20,0000
33623; COND DOVE BISNAGA 150ML BOND;1;21,0000
36041; COND DOVE RECON AMINOACIDO 3;2;38,5000
36451; COND ELSEVE 200ML COLLAGEN LIF;2;21,0000
36452; COND ELSEVE 400ML COLLAGEN LIF;6;38,0000
22978; COND ELSEVE 400ML LONGO DOS SO;2;38,0000
37140; COND ELSEVE BOND REPAIR 200M;1;42,0000
12621; COND ELSEVE CAB DANIFICA 400ML;3;38,0000
27974; COND ELSEVE CACHOS DOS SONHOS;3;38,0000
25567; COND ELSEVE HIALURONICO 200ML;4;21,0000
12920; COND ELSEVE OLEO EXT NUTR200ML;3;21,0000
2544; COND ELSEVE REPARACAO TOTAL 5;9;21,0000
25493; COND ENCORPA CABELO HASKELL;2;71,0000
30760; COND EUD SIAGE PRO CRONOLOGY;1;48,0000
30167; COND EUDORA BABY 200ML;1;33,0000
29423; COND EUDORA COMBETE FRIZ 200ML;1;48,0000
29603; COND EUDORA HAIR/PLASTIA 200ML;1;48,0000
18348; COND FORCA PIMENT BIO 1L;2;80,0000
31836; COND GRANADO BEBE CAMOMI 250ML;1;18,0000
4393; COND HASKEL CAV FORTE 300ML;3;52,0000
10143; COND HASKELL BANANEIRA C/300ML;3;52,0000
16742; COND HASKELL CAVALO FORTE 500M;1;70,0000
10138; COND HASKELL MANDIOCA C/300ML;1;46,0000
27358; COND HASKELL POS PROGRES 500ML;1;48,0000
10139; COND HASKELL QUERATINA C/300ML;1;40,0000
10140; COND HASKELL TUTANO C/300ML;2;46,0000
29647; COND HIDR MICELAR EUDORA 200ML;1;48,0000
29782; COND HIDRANUTRE;4;51,0000
18604; COND HIDRAT PANTENE 175ML;2;17,0000
28859; COND INF HALLEY 200ML;2;10,0000
36336; COND INOAR 500ML CICATRIFIOS *;1;24,0000
35844; COND INOAR 500ML LISO EXTRAORD;3;38,0000
35250; COND INOAR 500ML MEU CACHO MEU;2;34,0000
36067; COND INOAR 500ML RIVO FIOS ANT;3;35,0100
12023; COND J&J REGULAR 400ML;2;44,0000
2745; COND JABORANDI 250ML BIOEXTRAT;6;43,0000
9988; COND JOHMSONS CHEI PROL 200ML;3;27,0000
5444; COND JOHNSON BABY CAB CLAROS 2;1;27,0000
37020; COND LISO 500ML - LISO ATE FAL;2;29,0000
36850; COND LOLA BASICAO 250G;2;22,0100
28528; COND LOLA MEU CAC MIN VID 500G;2;41,0000
21557; COND MURUMURU 300ML;1;46,0000
35194; COND NANE 220ML *;1;9,5000
2965; COND NEUTRO 250ML BIOEXTRATUS;2;43,0000
30579; COND NUTRI ROSE SIAGE;2;48,0000
9761; COND OPUS POS QUIMICA 350ML;1;16,0000
32003; COND OX VITA GLOW 240ML - MARI;4;24,0000
36365; COND PALM NATURALS 350ML CERAM;1;10,0000
36367; COND PALM NATURALS 350ML LISOS;1;10,0000
22141; COND PANT 3 MINUT MILAGR 170ML;2;28,0000
35195; COND PANTENE 0150ML BIOTINAMIN;2;16,5000
36396; COND PANTENE 0150ML MOLECULAR;3;17,0000
35196; COND PANTENE 0250ML BIOTINAMIN;4;29,5000
23646; COND PANTENE BAMBU 150ML;1;16,5000
18806; COND PANTENE BRI EXT 175ML ;2;17,0000
14671; COND PANTENE CACHOS DEF 400ML;2;32,5000
27102; COND PANTENE COLAGENO 250ML;1;29,5000
14449; COND PANTENE HIDRAT 400ML;3;32,5000
18805; COND PANTENE HIDROCAUT 175ML ;5;17,0000
14450; COND PANTENE HIDROCAUT 400ML;5;32,5000
14452; COND PANTENE LISO EXT 400ML;4;32,5000
32006; COND PANTENE PR QUER 150ML;2;16,5000
31556; COND PANTENE QUER 250ML;1;29,5000
14454; COND PANTENE RESTAURAC 400ML;3;32,5000
10701; COND POS PROGRESSIVA 300ML HAS;1;46,0000
14499; COND QUINA ROSA 300ML;2;44,5000
32728; COND REALCE DA COR COBRE AMEND;1;43,0000
18605; COND RESTAURA PANTENE 175ML;2;17,0000
31929; COND S/LINE 300ML BOMBA ULT HI;3;21,5000
16230; COND SALON LINE BOMBA 300ML;2;21,5000
16445; COND SALON LINE CACHOS 300ML;3;22,5000
20788; COND SALON LINE SOS MEL 300ML;2;22,5000
33615; COND SALON LISO 300ML ANTIPORO;1;19,5000
34137; COND SE CURVE HASKELL 500ML;1;58,5000
23107; COND SEDA 325ML CACHOS DEFINID;1;16,0000
23105; COND SEDA BABOSA OLEOS 325ML;2;16,0000
25907; COND SEDA COLAGENO E VIT C;2;16,0000
28241; COND SEDA OLEO ARGAN C/325ML;1;16,0000
4468; COND SHITAKE 350ML BIO EXTR;2;56,0000
30584; COND SIAGE CAUT DOS FIOS 200ML;1;48,0000
31287; COND SIAGE RECONSTROI FIOS 200;2;48,0000
32514; COND SIAGE RESGATE IMEDIATO;1;48,0000
29570; COND SL BOMBA FORCA ENGROS 300;2;20,5000
18357; COND TIO NACHO ANTI CLAREA 415;1;45,0000
28832; COND TOK BOTANICO;3;8,0000
24808; COND TURMA XUXINHA CAB CACHEAD;3;13,0000
24809; COND TURMA XUXINHA CAMOMILA 21;1;13,5000
24810; COND TURMA XUXINHA HORA DO SON;2;13,0000
31660; COND VULT CACHOS 350ML;1;21,0000
36525; COND. FRIZON 1LT CRESCE FORTE;2;21,0000
37516; COND. SPECIAL BY FATTORE 1LT C;2;20,0000
37517; COND. SPECIAL BY FATTORE 1LT F;2;20,0000
37518; COND. SPECIAL BY FATTORE 1LT L;3;20,0000
37519; COND. SPECIAL BY FATTORE 1LT Q;3;20,0000
37520; COND. SPECIAL BY FATTORE 1LT R;2;20,0000
31885; COND.HASKELL 300ML INFUSAO DE;3;51,0000
34871; COND.KOLENE ORIGINAL 300ML;1;11,5000
31884; COND.OH MY! 300ML KIDS CACHO;2;24,0000
34994; COND.OX COLAGENO..240ML;2;27,0000
37047; CONDICIONADOR ALECRIM + EXTRAT;6;36,0000
37606; CONDICIONADOR AMLA INDIAN SECR;2;43,0000
37116; CONDICIONADOR BANHO DE VERNIZ;2;31,0000
29784; CONDICIONADOR CRESPO 300ML - O;1;21,0000
37138; CONDICIONADOR DESMAIA CABELO F;2;31,0000
37260; CONDICIONADOR ECOACTIVE ARGAN;3;41,0000
37033; CONDICIONADOR EKOPURE ARGAN 40;2;9,0000
37034; CONDICIONADOR EKOPURE BABOSA 4;3;9,0000
37037; CONDICIONADOR EKOPURE CERAMIDA;3;9,0000
37035; CONDICIONADOR EKOPURE MANDIOCA;1;9,0000
23426; CONDICIONADOR ENCORPA CABELO 3;1;49,5000
37285; CONDICIONADOR FIO RESTORE MARR;3;34,0000
37310; CONDICIONADOR FIO RESTORE TERM;3;38,0000
37266; CONDICIONADOR INTENSE REPAIR +;4;41,0000
37049; CONDICIONADOR JABORANDI + EXTR;8;36,0000
17057; CONDICIONADOR KIDS SOS SL 300M;3;22,5000
22448; CONDICIONADOR LISO PERFEITO 32;1;16,0000
37051; CONDICIONADOR MANDIOCA + VITAM;4;36,0000
37016; CONDICIONADOR MATCHA E ALECRIM;2;46,0000
37277; CONDICIONADOR MAX CAPI KIDS FI;2;20,0000
21804; CONDICIONADOR NUTRITIVO CACHOS;1;23,0000
37017; CONDICIONADOR OLEOSIDADE NUNCA;3;22,0000
35981; CONDICIONADOR PANTENE 250ML BO;5;29,5000
37056; CONDICIONADOR QUIABO + OLIGOEL;3;36,0000
27500; CONDICIONADOR RESTAURACAO INST;1;16,0000
22762; CONDICIONADOR SEDA BOMBA 325M;1;16,0000
37060; CONDICIONADOR TUTANO + D-PANTE;3;36,0000
33345; CONDICIONADOR VEM DE GLICOLICO;2;21,0000
37313; CONDICIONADOR VIGORI TRAT FIO;3;38,0000
37270; CONDICIONADOR VIOLET FLOWERS 3;2;41,0100
30749; CONDRIGEN 40MG, C/30 CPS;2;60,0000
31430; CONDRIGEN ARTRO 30 SACHES;1;143,0000
37641; CONDRIGEN BIO CURC 30 CAPS (MA;1;70,0000
27226; CONDRIGEN COL TIPO II +HA  30C;4;120,0000
33154; CONDRIGEN TRIO C/ 60 CAPS;3;75,0000
32742; CONDRIGEN ULTRA TIPO II 30CPS;3;65,0000
8177; CONTRACEP INJ 1AMP C/1ML;1;35,5500
26521; CONTRACTUBEX GEL 20G;1;185,0000
32671; COPO 360 OCEANO C/ALCA 250ML F;2;36,0000
20795; COPO CLEAN C BICO 150ML SILC;2;24,0000
20796; COPO CLEAN C/BICO 150ML RS;2;24,0000
20848; COPO CLEAN C/CANUDO 350ML;2;20,5000
20849; COPO CLEAN C/CANUDO 350ML  RS ;4;20,5000
32670; COPO TREINAMENTO LOLLY OCEANO;1;36,0000
18981; COQUES 10CAP 200MG C1;3;50,2300
31730; COR 1.7 PRETO AZU ESP;6;15,5000
37447; COR CORTON MKIT 2.8 PRETO AZUL;1;15,5000
10966; COR&TON 9.0 LOURO CLARISSIMO;7;15,5000
9500; CORDAREX 10MG C/30 COMP;1;62,5600
35759; CORDAREX 2,5MG C 60 COMP;1;81,5500
6858; CORDAREX 2,5MG C/30 COMP;3;41,6000
59; CORDAREX 5MG C/30 COMP;3;41,0100
2038; COREGA PO 22G;3;26,0000
11504; COREGA PO 50G ;2;48,0000
29299; COREGA TABS LIMP ENV C/6 UNI ;7;10,0000
32884; COREGA ULT TRIP AC 40G;1;64,0000
9395; COREGA ULTRA  S/SABOR 19G;4;36,0000
12694; COREGA ULTRA PO C/ 50G ;1;90,0000
1415; CORISTINA D COMP ENV C/4;64;14,0000
31534; CORISTINA D CONGEST C/4 COMP;15;8,9200
9768; CORRETOR POSTURAL 8 TAM G/GG;2;71,0000
25064; CORTADOR DE COMPRIMIDOS;14;10,0000
36016; CORTADOR UNHA INFANTIL F 7310-;4;10,5000
4532; CORTICORTEN (PREDINISONA) 5MG;18;10,0000
1985; CORTICORTEN (PREDNISONA) 20MG;15;16,5600
23417; CORTIGEN 20 GRAMAS;2;29,3200
5809; CORTITOP (DEXAMETAZONA) CREME;8;6,0000
10656; CORUS 25MG C/ 30 COMP;3;59,1900
4988; CORUS 50MG C/30 COMP;45;15,8500
6659; CORUS H 100/25MG C/30 COMP;4;163,7700
9850; COSOPT 2%/0,5% 10ML;1;393,7700
14886; COTONETES TOPZ ANTIGERME C/150;2;8,5000
30808; COTOVELEIRA  PRETA KESTAL AJUS;3;57,0000
12687; COTOVELEIRA ESPORTE G MERCUR;2;40,0000
36993; COTOVELEIRA SPORT P BC0065-AS;1;40,0000
8069; COTOVELEIRA TAM M MERCUR;1;40,0000
28829; COTY BIOCOLOR HOMEM BOZZANO CA;5;32,5000
34261; CP ELSEVE 250ML LISO DOS SONHO;3;20,0000
33956; CP SL 1K ATIV CACH DEFINICAO N;3;40,0000
33608; CP SL 500G KIDS CACHINHOS DEF;1;24,0000
26028; CP.S.LINE SOS RICINO E QUER 1K;1;36,5000
11470; CR ALIS HAIR CACHO E NATURAL;7;19,0000
2146; CR ALIS HAIR LIFE LISO NAT;7;17,0000
9946; CR ALIS HAIR LIFE MEL AMENDOAS;7;17,0000
5348; CR ALIS SFERA 1KG NORMAL;1;59,0000
5020; CR ALIS SFERA FORTE PROF 480GR;2;35,0000
4293; CR ALIS SFERA MANT ABACATE/QUE;7;14,0000
4294; CR ALIS SFERA MANT KARITE/QUER;7;13,0000
1616; CR ALIS SFERA MANTEIGA DE ARGA;4;14,0000
1947; CR ALIS SFERA NORMAL PROF 480G;2;36,0000
31665; CR ASSAD HIPOGLOS ORIGINAL 40;1;29,0000
8080; CR BARBEAR BOZZANO 65G P SENSI;5;10,0000
19897; CR BELL CORPUS PES MAOS 200GR ;29;10,0000
25066; CR COLGATE LUMI WHITE CARV ATI;3;12,0000
29483; CR COLGATE PERIOGARD 60G;1;16,0000
36141; CR DENT CLOSE UP 090G DENTES+B;4;4,5000
21821; CR DENT CLOSE-UP LIQUIFRESH;3;6,5000
27151; CR DENT COLG LUMIN CAFE 70G;1;18,5000
13733; CR DENT COLG LUMIN WHITE 70G;1;10,0000
28569; CR DENT COLGATE  SENSITIVE 60G;1;14,0000
35539; CR DENT COLGATE SENSITIVE 090G;1;13,5000
12216; CR DENT COLGATE T AC 180G;11;11,5000
35952; CR DENT COLGATE TOTAL ORIGIN;5;16,5000
37422; CR DENT CONDOR 050G GEL KIDS B;9;7,0000
9380; CR DENT CONDOR TIGOR 50G S/FLU;2;6,5000
5440; CR DENT ORAL B 3DWHITE C/70G;3;9,0000
27889; CR DENT ORAL B EXT BRANCO 70G;5;6,0000
21071; CR DENT ORAL B KIDS PRINC 50G;3;10,0000
36306; CR DENT SENSODYNE 100G SENSIBI;1;22,0100
18478; CR DENT SENSODYNE 90G LIMP PRO;1;20,0000
35198; CR DENT TANDY 050G GEL MORANGO;8;12,0000
24829; CR DENTAL COLGATE SENSITIVE 60;4;14,0000
34866; CR DENTAL ORAL B DUPLO ALIVIO;1;13,0000
35845; CR DEP CORPO DEPIROLL 100G CAR;2;35,0000
35846; CR DEP CORPO DEPIROLL 130G HYD;1;36,0000
37000; CR DEP FAC DEPIL BELLA 040G AL;2;17,5000
36717; CR DEP VENUS 150ML SUAVE/MACIE;2;37,0000
7436; CR DEPI ROLL P/BUCO 50G;2;22,0000
25571; CR DEPIL.CORP.ARGAN OIL 100G ;2;35,0000
35436; CR DES DUO GEL HIDRAMAIS ALGOD;1;17,0000
35434; CR DES DUO GEL HIDRAMAIS MARAC;1;17,0000
35435; CR DES DUO GEL HIDRAMAIS MORAN;1;17,0000
28452; CR DES HERB ALFAZEMA 55G;6;6,5000
33560; CR ELSEVE REPARACAO TOTAL 3EM1;2;32,0000
31171; CR ESFOLIANTE HIDRAMAIS 220G;1;16,0100
37492; CR FAC NIVEA 040ML ACNE CONTRO;2;42,0000
37596; CR FAC NIVEA 100G 7EM1 VITAMIN;5;37,0000
32384; CR HID DA BELLE;2;25,0000
32769; CR HID DEEP CARE 100G;7;12,0000
23649; CR HID PANT BAMBU 600 ML;2;34,0000
33971; CR HID SKALA  1KG MELANCIA;1;13,5000
27303; CR INF TRALALA ANTICARIE 50G;4;6,0000
36068; CR INOAR 1000G 4EM1 PERFECT CU;1;23,0000
35251; CR INOAR 1000G 4EM1 PODER VIT;1;23,0000
35253; CR INOAR 1000G 4EM1 PODER VIT;2;23,0000
30772; CR MAOS E PES REPOS 110G;2;24,5000
22474; CR MAOS E PES REPOS C/ UREIA;2;19,0000
20777; CR NIVEA LATA 29G;1;19,5000
16761; CR ORIGEM ABACATE 1KG ;1;10,0000
11904; CR P/ PENTEAR PANT HIDROCAUT;1;17,0000
33227; CR P/ PES C/ OLEO DE COPAIBA;1;24,5000
7987; CR P/PENT PANTENE LIS EXTR 250;3;17,0000
23061; CR PANTENE TRAT 270ML RESTAURA;3;28,0000
17065; CR PARA PENTEAR COCO SOS 300ML;1;18,0000
33553; CR PENT ACQUA KIDS TD TIP CAB;1;15,0000
28453; CR PENT AZEITE OLIVA 1 KG;1;40,0000
35024; CR PENT DABELLE CEREJA MANIA;2;15,5000
32377; CR PENT DABELLE NUTRITIVO 270G;2;15,5000
32926; CR PENT DABELLE SOS CRESCIMENT;2;15,5000
19082; CR PENT DEFINICAO INTENSA SL 1;3;40,0000
37535; CR PENT DOVE UV REPAIR 240ML;1;13,0000
36453; CR PENT ELSEVE 250ML COLLAGEN;1;21,0000
13240; CR PENT ELSEVE OLEO 250ML;5;21,0000
32298; CR PENT J BLACKINHO PO 200ML;1;45,5000
35486; CR PENT PANTENE 240G BIOTINAMI;2;17,0000
13565; CR PENT PANTENE RESTAURA 240G;3;17,0000
37349; CR PENT S LINE 0300ML SOS CACH;1;29,0000
33034; CR PENT S LINE 1000G KIDS CACH;2;40,0000
29578; CR PENT S LINE 1KG DEFINICAO A;4;40,0000
21060; CR PENT S LINE SPER NUTRI 300M;2;18,0000
23382; CR PENT S. LINE DENIF MAX 1KG;5;40,0000
26024; CR PENT S. LINE KIDS 1KG;3;40,0000
32435; CR PENT S/LINE 1KG KIDS CACHIN;4;40,0000
31930; CR PENT S/LINE 300ML BOMBA ULT;1;17,5000
37537; CR PENT SEDA CACHOS DEFINIDO;1;27,0000
36888; CR PENT SEDA CHICABON EDICAO;1;21,0000
31580; CR PENT SKALA  AMIDO DE MILHO;4;10,0000
29572; CR PENT SL BOMBA FORCA ENGR 30;1;17,0000
34843; CR PENT SL KIDS CACH SEM FRIZZ;2;40,0000
34438; CR PENT SL KIDS CACHIN ATIVADO;2;40,0000
17055; CR PENT SOS BOMBA DE VITAMINAS;1;18,5000
22041; CR PENT SOSCACHOS MEL 300ML;2;17,5000
22573; CR PENT SOSCACHOS OLEO TRAD ;2;18,0000
21441; CR PENTEAR J&J BABY CACHOS 200;1;47,0000
32766; CR PENTEAR LOLA 500GR;1;39,0000
37292; CR PENTEAR MAX CAPI BABOSA E C;3;30,0000
37293; CR PENTEAR MAX CAPI MELANCIA F;3;30,0000
37294; CR PENTEAR MAX CAPI MORANG / C;3;30,0000
37295; CR PENTEAR MAX CAPI OLEO DE CO;2;30,0000
37296; CR PENTEAR MAX CAPI RICINO E C;3;30,0000
24445; CR PENTEAR MEU LISINHO KIDS ;1;17,5000
24395; CR PENTEAR PANTENE BAMBU 240G;3;17,0000
18268; CR PENTEAR PANTENE CACHOS 240G;3;17,0000
18362; CR PENTEAR PANTENE HIDRA 240G;3;17,0000
20250; CR PENTEAR S LINE VOL BRILHO 1;3;40,0000
17853; CR PENTEAR SALON LINE 1KG RECO;2;40,0000
29579; CR PENTEAR SL DEFINICAO NATUR;3;40,0000
30298; CR REMOVEDOR CUTICULAS REPOS 9;3;12,0000
22527; CR TRAT DOCTO RICINO NOVEX 1KG;2;28,0000
36457; CR TRAT ELSEVE 300G COLLAGEN L;34;36,0000
25569; CR TRAT ELSEVE HIALURI 300G;3;32,0000
33943; CR TRAT ELSEVE HIDRA HIALU 3EM;1;31,5000
10787; CR TRAT ELSEVE REPAR T.5 300ML;3;32,0000
27184; CR TRAT PANTENE COLAGENO 550ML;1;34,0000
25305; CR TRAT SKALA 1KG POTAO DESMAI;2;13,5000
27158; CR TRAT SKALA GENETIQS 1KG;2;14,0000
29580; CR TRAT SL BOMBA FORCA ENG 300;1;28,0000
35292; CR. APINIL PES E MAOS 240G SEB;6;6,5000
31887; CR.DE PENTEAR OH MY! 300ML KID;2;24,0000
28585; CR.NIVEA PELE NEGRA 100G;1;37,0000
26042; CR.SEDA TRATAMENTO N S COLAGEN;1;15,0000
34624; CR.TRAT.OX MASCARA COLAGENO..3;3;29,0000
34284; CRAMBERRY 30 CP - G2;1;45,0000
37642; CRANBERRY + VITAMINA C E ZINCO;1;52,0000
30918; CRANBERRY 60CAPS DUOM;1;35,0100
11978; CRE DENTAL SENS R.A 50G;1;15,0000
13282; CREATINA HARDCORE 120CAPS;1;73,0000
11953; CREATINA HARDCORE 150G;3;33,0000
11130; CREATINA HARDCORE 300G;2;52,0000
5734; CREATINA HARDCORE 60 CAPS;2;42,0000
28555; CREATINE VITAFOR 100G;1;46,0000
36788; CREME ALISANTE HAIR LIFE LISO;6;20,0000
33275; CREME BARREIRA HIDRATANTE DERM;6;49,0000
34743; CREME CALMANTE MULTIRREPARADOR;2;50,0000
37302; CREME COND MAX  CAPI ERVAS FIO;1;26,0000
12004; CREME D COLGATE 50GR;9;4,5000
22109; CREME DE BARBEAR BOZZANO HIDRA;4;10,0000
31794; CREME DE PENTEAR 5 EM 1KG;3;40,0000
33206; CREME DE PENTEAR DABELLE 270G;1;15,5000
37276; CREME DE PENTEAR FIO RESTORE M;2;41,0000
37278; CREME DE PENTEAR MAX CAPI KIDS;2;41,0000
26246; CREME DE PENTEAR SOS CACHOS;2;17,5000
6847; CREME DE SILICONE 250ML BIOEXT;1;46,0000
24244; CREME DE TRATAMENTO 12EM1 SKAL;1;14,0000
24607; CREME DE TRATAMENTO ABACATE SK;2;14,0000
35579; CREME DE UREIA 10% 100ML;4;30,0000
8571; CREME DENT COLGATE TRIP ACAO 9;6;7,0000
29731; CREME DENT ELMEX SENSIT PROF;2;24,0000
36209; CREME DENTAL ICEFRESH TRADIC 9;4;4,0000
11192; CREME DENTAL MPA 90G;13;7,0000
23963; CREME DENTAL ORAL B KIDS SPIDE;3;10,0000
1992; CREME DENTAL PREVENT ANTI-PLAC;2;28,0000
2879; CREME DENTAL TANDY UVA;11;11,5000
26232; CREME DEPILATORIO BUCO ARGAN D;1;22,0000
22017; CREME ESFOL PES E MAOS 240G;5;10,0000
22515; CREME FACIAL NOTURNO 100G IMP;4;37,0000
31459; CREME FACIAL ROSA MOSQUETA EPI;1;30,0000
34138; CREME FINALIZADOR DE CRESPOS S;1;64,9900
28858; CREME HIDRA RESSECAMENTO 240G;4;11,0000
23837; CREME HIDRAT. YAMA TODOS OS TI;2;12,0000
24442; CREME HIDRAT.SKALA CACHOS 1KG;1;14,0000
30553; CREME MAOS E PES C UREIA 110G;1;24,5000
35437; CREME MASSAGEM HIDRAMAIS DRENA;1;35,0000
29785; CREME MULTIFUNCIONAL OH MY;1;24,0000
35994; CREME ORIGEM 1KG 2EM1 MELANCIA;1;10,0000
37169; CREME P/MAOS DERMACREAM C/UREI;5;13,0000
5380; CREME P/PENT ELSEVE REP TOTAL;3;20,0000
4042; CREME P/RACHADURA MURIEL 150GR;2;16,0000
37166; CREME PENT 250G SKALA GENETIQS;1;10,0000
36845; CREME PENT S.LINE 1KG ALON CAC;1;40,0000
35862; CREME PENT S.LINE 1KG CACHOS O;2;40,0000
35856; CREME PENT S.LINE 800G XEROSA;1;38,0000
19807; CREME PENT S.LINE NUTRIC REPAR;2;40,0000
20868; CREME PENT S.LINE SOS KIDS 300;2;18,0000
23833; CREME PENTEAR 200GR - YAMASTER;1;7,0000
34489; CREME PENTEAR 550G DABELLE CAC;3;25,0000
33559; CREME PENTEAR ELSEVE 3 EM 1 OL;2;36,0000
24438; CREME PENTEAR EXTRA LISO PLUS ;2;14,0000
36548; CREME RESTAURADOR HIDRAMAIS PE;1;24,0000
6065; CREME TRAT NOVEX 1KG REPOSITOR;5;26,0000
23729; CREME TRATAMENTO CERAMIDAS 1KG;2;14,0000
24610; CREME TRATAMENTO SKALA BOMBA D;1;14,0000
4286; CREME TURMA DA XUXINHA 45G;1;16,0000
6586; CREVAGIN CR VAG 40G+APLIC;1;56,0700
3937; CRISTALIN COLIRIO 15ML;1;15,2700
297; CROMOLERG 2% COLIRIO 5ML;2;18,0000
298; CROMOLERG 4% COLIRIO 5ML;1;22,7800
299; CRONOBE 5000MG INJ C/2 AP;2;46,0700
29928; CRONOBE COMPLEX INJ 3AMP;6;27,8100
28082; CRONOCOR 12,5 MG C/30 COMP;1;27,7800
28080; CRONOCOR 25MG 30COMP;2;35,2100
28084; CRONOCOR 6,25 C/30 COMP;1;27,7800
31486; CRONOPLEX 7,5MG GOTAS;1;19,2200
27157; CTT SKALA AMIDO DE MILHO 1K;4;14,0000
37550; CULTURELLE CP PROB SD DIGEST 1;1;89,0000
35399; CULTURELLE PROBIOT MAXX C 7 CA;2;116,0000
26802; CURATIVO  CREMER XXG 8UNIDADE;6;14,0000
25541; CURATIVO ADVANCED ACNES/ESP CR;7;21,0000
35354; CURATIVO CREMER A PROVA AGUA;1;14,0000
37357; CURATIVO EM GEL COM ALGINATO M;4;32,0000
36606; CURATIVO HIDROCOLOIDE C/ESPUMA;1;104,0100
8705; CURATIVO TRANSP.REDONDO CREMER;1;5,5000
31498; CURCUMA GOLDEN C/60CP;1;60,0000
29921; CURCUMA PLUS 500MG 30CP *CMP30;2;70,0000
29922; CURCUMA PLUS 60 CAPSULAS 500MG;3;115,0000
300; CUTISANOL GEL 100G;1;76,4200
301; CUTISANOL TALCO 150G;1;58,5600
614; CYLOCORT COLIRIO 5ML;3;44,5200
16707; CYLOCORT POM 3,5G ;1;42,5200
12644; CYMBI 30 MG C/ 30 CAPS;1;76,5100
15801; CYMBI 30MG 60CAP C1 EMS;1;134,5300
13197; CYMBI 60MG C/ 30CAPS;2;152,4400
31813; D COL GIOVANNA BABY 260ML BLUE;2;30,0000
37380; D2000 GTS 20ML VITAMINA D ECOF;3;24,0000
32936; DA BELLE SELAGEM;2;32,0000
33817; DABELLE ATIV CACHOS 270ML;1;20,0000
32924; DABELLE CR PENT LISO 270G;1;15,5000
32925; DABELLE CR PENT RESGATA 270G;2;15,5000
32932; DABELLE CR TRATAM LISO 400GRS;3;20,0000
32798; DABELLE CREME P/ PENTEAR ABACA;3;22,5000
34494; DABELLE FINALI 180ML TRATA RES;3;32,0000
33208; DABELLE MC 400G ABACATE;4;20,0000
32931; DABELLE MC 400G CACHOS;4;20,0000
32934; DABELLE MC 400G SOS;2;20,0000
10304; DAFORIN 20MG 30COMP;1;104,0700
5094; DAFORIN GOTAS 20ML;1;78,5700
27755; DANOS VORAZES MASCARA ;2;51,0000
37476; DAPAGLIFLOZINA 10MG 30CPR BIOS;45;77,1000
17067; DARAPRIM 25MG 30CPR ;2;4,2300
15911; DASTENE 0,5MG X 30 ;1;137,7000
36953; DASTENE DUO 0,5+0,4MG C 30 CAP;5;110,0900
15838; DAYVIT KIDS SUSPENSAO 120ML;2;61,0000
34941; DBELLA DOLOMITA CORPORAL E FAC;6;23,0000
34945; DBELLA LOCAO LAVANDA E MELALEU;3;37,0000
33093; DBRIZ 30G POM DERM BIS ESP;1;82,1800
36315; DBRIZ UNO POM 0,6U G C 1 BIS 1;3;25,7000
36026; DC GEL DENTAL INF C/FLUOR STIT;1;8,5000
34081; DC HERBISSIMO MONO ACID HIALUR;2;11,5000
311; DECADRON 4MG COMP C/10 CPS;2;27,6100
322; DECADRON COLIRIO 5ML;2;18,9700
313; DECADRON ELIXIR 120ML;2;38,3700
323; DECADRON NASAL 20ML;2;43,8800
506; DECONGEX ENV C/4 COMP;41;11,7800
36736; DECONGEX GRIPE 400+4+4MG 10CAP;3;18,0000
37456; DECONGEX GRIPE ENV C/5 COMP;23;8,5000
1851; DECONGEX PLUS C/12 CPS REV;14;34,7600
1850; DECONGEX PLUS GTS;2;19,6500
1849; DECONGEX PLUS XPE 120NL;2;28,9200
35342; DECONTOSSE 40MG ML SUSP 100ML;4;32,0600
12666; DEFLAZACORTE 30MG C/ 10 COMP;1;127,0900
10573; DEFLAZACORTE 6MG C/ 20;1;67,9200
24813; DEFRIZANTE MEU LISO AMIDO MILH;1;16,0000
5103; DEFRIZANTE RAVOR 240ML AMETIST;2;25,0000
9510; DEFRIZANTE RAVOR OLEO DE ARGAN;3;30,0000
2076; DEFRIZANTE SFERA COND PROF 450;2;32,0000
17279; DELTALAB(DELTAMETRINA)LOCAO 10;3;13,0000
24236; DEMEDROX 150MG/ML INJ GENOM;3;56,2500
15925; DENTALFIX 40G;8;35,0000
16284; DENTALFIX 40G MENTA;9;35,0000
18619; DENTALFIX 68G HERTZ;8;45,0000
14732; DENTALFIX CR FIXADOR 20G;12;19,0000
14733; DENTALFIX CR FIXADOR C/ 20G;6;19,0000
35970; DENTALFIX SABOR MENTA 68GR;5;45,0000
25414; DEO COL AGUAS TEENS BOYS;1;21,0000
25415; DEO COL AGUAS TEENS GIRLS;3;21,0000
24055; DEO COL ALFAZEMA 250ML;2;12,0000
34525; DEO COL EU.ESSENCE 100ML MVP;2;54,0000
36159; DEO COL PHYTO SPLASH LUNA DOLC;1;28,0000
35085; DEO COL. APINIL 100ML GABY;1;26,0000
11379; DEO COLONIA VIVA + AVENTURA;2;25,0000
35510; DEO DOVE CR AOB LAVENDER CAM;3;21,5000
35511; DEO DOVE CR AOB RASPBERRY 75;2;21,5000
36889; DEO DOVE STICK SAKURA BLOSSO;1;29,0000
17517; DEO NIVEIA FOR MAN ROLL 50% 2U;1;9,5000
27878; DEO REXON AER AP COT DRY 250ML;1;22,0000
32295; DEO REXONA AER AP ANTI INVIS 2;12;24,0000
17654; DEO REXONA AER AP POWDER 90G;8;16,5000
34121; DEO REXONA MEN AER AP INVIS L+;1;20,0000
5191; DEOCIL SL C/10 CMP;3;45,2000
4558; DEPAKENE 250MG CX 25 COMP;2;38,4500
2876; DEPAKENE 500MG C/50 CPS;2;116,5300
319; DEPAKENE XAROPE 100ML;6;30,2600
3978; DEPAKOTE 500MG C/30 COMP;2;170,1200
12910; DEPAKOTE ER 250MG C/ 30 COMP ;2;84,9000
7541; DEPAKOTE ER 500MG C/30 COMP;3;170,0800
14173; DEPI ROLL HYDRATE CR DPILA 100;3;35,0000
32593; DEPI ROLL ROLL-ON 140G ARGAN;3;6,0000
33027; DEPIL BELLA CERA 600G HIDROSSO;2;22,0000
29976; DEPIL FLAX FOLHAS PRONTAS CORP;6;24,5000
34946; DEPILBELLA OLEO REMOV 300ML;5;30,0000
12013; DEPO-PROVERA 150MG/ML ;2;67,5400
2238; DEPOSTERON INJ C/3 AMP 2ML;1;158,9500
29489; DERCOS SH ANTICASP 125ML;1;94,7800
32431; DERCOS SH ENERGY+ 200G;1;124,0000
14268; DERIVA C MICRO GEL C/ 30G *;1;52,5300
19032; DERIVKA (OLEO GIRASSOL) 200 ML;1;14,0000
33058; DERMA FEME PREBIO 100 ML;3;25,0000
27440; DERMACERIUM 1 % + 0,4 % CR 30G;2;76,3000
27792; DERMACERIUM 1 % + 0,4 % CR50G;1;106,1900
30456; DERMACHEM ST DEMAQUILANTE MAKE;2;10,0000
33056; DERMAFEME AC HIALURONICO SAB I;3;25,0000
33057; DERMAFEME CALM SAB 100ML;6;25,0000
1626; DERMAFEME KIT SAB INTIMOS;7;22,0000
37543; DERMAH OLEO DE GIRASSOL 200ML;6;10,0100
9823; DERMOBENE 20G ;1;12,0000
13608; DERMODEX PREVENT 30G ;3;20,9800
6503; DERMOMAX CREME 5G 4%;2;33,2700
19627; DERMON GB 20G ;3;58,0000
21910; DERMOSALIC SOL C/30ML;6;27,1200
31917; DERMOVANCE AI 200ML LOCAO HIDR;2;93,0000
32040; DERMOVANCE LOCAO HIDRATANTE;1;161,0000
3439; DERMOVANCE S PELE SECA C/200ML;2;93,0000
21722; DERSANI HIDROGEL 85G;2;100,0000
16866; DERSANI HIDROGEL BISNAGA 30G;4;64,0000
37624; DERSOL AGE OLEO GIRASSOL VEG A;12;11,0000
37625; DERSOL AGE OLEO GIRASSOL VEG A;11;17,0000
37626; DERSOL OZONIZADO 30ML;2;39,0000
22609; DES AER REXONA CLINICAL S/PERF;6;21,0000
13616; DES AER REXONA INVISIBLE 150ML;10;16,5000
35847; DES AVANCO SPR 85ML ACTION *;7;6,5000
31371; DES AVANCO SPR ORG 85ML;9;6,5000
37157; DES COL AGUAS KIDS VERDE 300ML;1;21,0000
37158; DES COL AGUAS TEENS UNIS 300 M;2;21,0000
30981; DES CORP GIOVANNA BABY 260ML B;5;30,0000
32793; DES CR HERBISSIMO BIOP CEDRO 1;9;6,5000
34518; DES CREME EKOPURE 55G AQUASPO;2;4,0000
32795; DES CREMOSO HERBISSIMO LAVANDA;1;6,5000
31746; DES GIO BABY STICK 50ML;6;21,5000
31747; DES GIO BABY STICK 50ML;6;21,5000
36874; DES GIOVANNA BABY AER 150ML RE;4;14,0000
36875; DES GIOVANNA BABY AER 150ML RE;4;14,0000
34167; DES GIOVANNA BABY YES ROL 050M;1;9,5000
30898; DES HERBISSIMO 45GR NEUTRO;9;12,0000
30899; DES HERBISSIMO 45GR SENSITIVE;9;12,0000
34357; DES HERBISSIMO CLI TWIST 55G;1;15,5000
19749; DES HERBISSIMO CR 55G ACTION;7;6,5000
34082; DES HERBISSIMO CR ROSA MOS 55G;2;11,5000
36718; DES HERBISSIMO CR TWIST 045G T;3;12,0000
28967; DES HERBISSIMO FRESH 55G;4;6,5000
36719; DES HERBISSIMO ROL 50ML CARE H;1;8,0000
36720; DES HERBISSIMO ROL 50ML CARE L;3;8,0000
36722; DES HERBISSIMO ROL 50ML CARE V;2;8,0000
21430; DES MONANGE AER FLOR LAV 150;12;11,0000
21431; DES MONANGE AER FR VERM 150ML ;10;11,0000
23708; DES MONANGE AERO DETOX 90G;3;11,0000
37039; DES MONANGE CR 050G BISNAGA HI;2;11,0000
37040; DES MONANGE CR 050G BISNAGA RE;3;11,0000
37041; DES MONANGE CR 050G BISNAGA UN;3;11,0000
27207; DES MONANGE PROT SECA AEROSOL;6;11,0000
21433; DES MONANGE S PERFUME 150ML;6;11,0000
36876; DES NIVEA AER 150ML MEN DEEP A;1;14,0000
36878; DES NIVEA AER 150ML MEN DEEP S;2;14,0000
36636; DES NIVEA CLINICAL CR STICK 05;2;20,5000
16554; DES NIVEA PEARL ROLL ON 50 ML;1;9,5000
36638; DES NIVEA ROL 050ML FEM DERMA;1;9,5000
36639; DES NIVEA ROL 050ML FEM DERMA;1;9,5000
29374; DES NIVEA ROLL DRY IMPACT;5;9,5000
29373; DES NIVEA ROLL INVIS POWER;1;9,5000
18174; DES PERF MENS CLUB 100ML SAVAG;2;44,0000
11605; DES PERF VIVA + MALHACAO;2;25,0000
11472; DES PERF VIVA+ PEGADA;2;25,0000
16948; DES REXONA AER AP INV 90G;7;16,5000
22610; DES REXONA AER CLIN SPORT 91G;4;21,0000
21884; DES REXONA AER MEN CLINICAL CL;1;21,0000
35935; DES REXONA CLINICAL AER 150ML;5;21,0000
35937; DES REXONA CLINICAL CR STICK 5;3;28,0000
31333; DES REXONA CLINICAL INT FRESH;1;19,0000
32267; DES REXONA MEN ROLL CLIN CL 58;1;28,0000
11692; DES REXONA MEN V8;4;16,5000
15360; DES.GIOVANNA B.AER.FANTA.150M;4;14,0000
34358; DES.HERBISSIMO CREME TWIST LAV;5;12,0000
3936; DESALEX 5MG C/10 CPS;1;89,8900
3201; DESALEX XAROPE 60ML;2;71,9200
22095; DESAT LORATAD G XPE 100ML BIOS;7;18,0000
33787; DESC BLONDOR CAMOMILA 20GR;5;8,5000
30692; DESCON XPE FR 120 ML;1;24,5900
34409; DESINF NOVO REINO JASMIM 2L;4;1,0000
14220; DESITIN CREAMY 57G ASSADURAS;1;53,0000
33831; DESLAC LACTASE 15ML;1;57,5400
25619; DESLORATADINA 0,5 MG/ML XPE 60;1;26,4500
36651; DESLORATADINA 0,5MG/ML XPE B;1;14,9800
15608; DESLORATADINA 5MG C/ 10 COMP B;5;18,3000
33829; DESLORATADINA 5MG GERMED;1;14,8900
31838; DESLORATADINA XPE 60 ML;1;15,2300
21521; DESLORATADINA XPE 60ML;3;18,0000
25892; DESLORATADINA XPE 60ML;1;14,0000
31970; DESLORATATINA 100ML TEUTO;5;21,2300
32582; DESO DOVE CREME PREVINE ESCURE;2;17,0000
32583; DESO DOVE CREME PREVINE IRRITA;7;17,0000
32584; DESO DOVE CREME REPARACAO DIAR;2;17,0000
35648; DESOD BARRA REXONA STICK AP;5;25,0000
35649; DESOD BARRA REXONA STICK AP;5;25,0000
1810; DESOD CREMOSO HERBISSIMO 55GR;6;6,5000
9364; DESOD GIOVANNA BABY ROLL ON;2;7,0000
14361; DESOD GIOVANNA CANDY 150 ML;1;14,0000
10322; DESOD GIOVANNA ROLL ON AZUL 50;3;7,0000
17914; DESOD MONANGE 150ML INVISIVEL;10;11,0000
20689; DESOD MONANGE AER 150ML INTENS;11;11,0000
31372; DESOD MONANGE ESPORTE 150ML;11;11,0000
35199; DESOD NANE 100ML *;1;7,5000
1116; DESOD NIVEA AER SENSIT 150ML;2;14,0000
3214; DESOD NIVEA AERO INV WHITE POW;1;14,0000
6087; DESOD NIVEA ROL-LON FOR MEN DR;1;9,5000
36472; DESOD PAIXAO 200ML BODY SPLASH;1;30,0000
36473; DESOD PAIXAO 200ML BODY SPLASH;2;30,0000
17899; DESOD REXONA ACTIVE EMOT 90G A;4;16,5000
9078; DESOD REXONA AER EXTRA COOL;11;16,5000
11601; DESOD REXONA AER.MEN ACTIVE;10;16,5000
17266; DESOD REXONA BAMBOO 90G;5;16,0000
18397; DESOD REXONA IMPACTO 150ML 48H;11;16,5000
17898; DESOD REXONA INVISIBLE ANT 90G;1;16,0000
35650; DESOD REXONA STICK AP TROPIC;3;25,0000
35651; DESOD REXONA STICK AP V8 45G;12;25,0000
34359; DESOD. HERBISSIMO TWIST VANILA;6;12,0000
27828; DESOD.CREME HERBISSIMO FRESH;2;6,5000
35518; DESODALINA 60 CAPS - POWER SUP;1;97,0000
30982; DESODORANTE BODY SPLASH GB;2;30,0000
33973; DESODORANTE CREME BISNAGA HERB;2;11,5000
34171; DESODORANTE CREME HERBISSIMO K;7;6,5000
30499; DESODORANTE CREME P/ OS PES;1;8,5000
25927; DESODORANTE SENSITIVE CREME 55;7;6,5000
33254; DESODORANTE SUAVE AERO MEN 200;1;10,0000
28698; DESOGESTREL C/28;15;12,0000
19863; DESONIDA 0,5MG CR 30G;1;26,1200
19877; DESVE 50 MG C/ 30 COMP C1;1;94,6700
27292; DESVENLAFAXINA  100MG 30CP;1;59,2300
31141; DET PO TIXAN YPE PRIMAVERA SAC;1;1,0000
26461; DEWS 5MG SOL OFT C/10ML;1;59,1600
12432; DEXA-CITONEURIN NFF INJ 1DOSE;8;18,2800
4023; DEXADOR 5000MCG C/20 CPS;1;83,6500
340; DEXADOR INJ 1AP;8;17,8000
343; DEXALGEN NF INJ C/3 DOSES ;6;56,2100
28072; DEXAMET+TIAMINA+PIRIDOX+ C/3 D;5;35,2300
19650; DEXAMETASONA 1MG/G 10G ;1;6,0000
23413; DEXAMETASONA 2815 C/10;15;11,7200
30550; DEXAMETASONA 4MG INJ UNIDADE;90;8,9900
37656; DEXAMETASONA CREME 10G;11;10,0100
17216; DEXAMETASONA ELIXIR 100ML  TEU;17;14,7600
22822; DEXASON 4MG C/10CPR TEUTO;1;10,1100
15941; DEXCL+BETAM XPE 120ML GEN TEUT;4;26,2100
9574; DEXCLOREF+BETA XPE 120ML NEO Q;1;15,8000
19411; DEXCLORF + BETAMETASONA XPE FR;2;15,0000
21171; DEXCLORFENIRAMINA+BETA XPE 120;2;18,0000
19739; DEXFER 100MG C/30ML;3;61,8300
22186; DEXFER 400 MG C/ 30 CP REV;2;72,4200
36190; DEXFER 400MG 60CPR;1;133,6500
19152; DEXILANT 30MG 30CAP;1;138,0600
19381; DEXILANT 30MG 60CAP;1;276,1400
20637; DEXILANT 60MG C/ 30 CAPS;1;138,0800
16769; DEXMINE XPE 120ML;16;17,0000
37616; DEXPANTOL DERMA 20G CREME;3;16,0100
34281; DHALGA 60ML;1;115,4600
5134; DIACQUA 25MG C/30 COMP;2;31,4600
9984; DIAMICRON MR 60MG 60COMP;1;224,3900
9232; DIAMICRON MR C/60 COMP;1;111,6200
29372; DIAMOX 250MG C/30;2;29,2600
10173; DIANE 35 CAIXA C/3 ENV;3;96,6100
10056; DIAZEPAM 10MG 30CP GERMED;5;11,8500
10029; DIAZEPAM 5MG C/30COMP;4;7,1900
35472; DIAZEPAM NQ (B1) 5MG 30CP (DI;7;8,0000
19271; DIAZEPAM NQ 10 MG C/30 CPRS ;1;9,7000
32271; DICL TRIMETAZID 35MG C/60CP ME;2;81,5600
7554; DICLIN C/21 COMP;1;26,0300
12439; DICLOAIR SPRAY(DICLOFENACO)60G;1;31,2300
16911; DICLOF DIETILAMONIO 11,6 MGG G;7;11,5000
17622; DICLOF.RESINATO 15MG GTS 20M;6;13,0400
6442; DICLOFENACO 50MG C/20 COMP;80;6,0000
13906; DICLOFENACO GEL TEUTO 60G;2;12,0000
35960; DICLOFENACO SODICO 50MG C/20 C;8;5,0000
36600; DICLOR TRIMETAZIDINA 35MG C/60;2;69,8600
12792; DICLORI DE BATAISTINA 16MG 30C;7;16,0000
24196; DIENOGESTE 20MG 30PR;6;30,1200
31280; DIENOGESTE GERM 2MG 30CPR;3;39,1200
23957; DIEVARI 900MG+100MG 30CPR;1;182,9200
352; DIGEPLUS C/30 CPS;4;57,8600
21172; DIGESIGMA 10MG 20 CP (BROMOPRI;3;12,0000
3696; DIGOXINA  0.25MG C/30 COMP;4;10,1400
27681; DIGOXINA 0,25MG 30 COMP PHARLA;1;13,8700
6816; DILTIAZEM 30 MG C/50 COMP;1;28,2400
37340; DILTIAZEM HCL 60MG 50CPR GN TE;3;33,0000
30027; DIMAG MAGNESIO DIMALATO 60CAPS;3;40,0000
31846; DIMAG TRIO C/60 CAPS - DIMAGNE;1;55,0000
37643; DIMAG VIT. B6 60 CPRS (MAXIN);2;52,0000
31050; DIMALATO DE MAGNESIO + MDK 400;3;50,0000
16522; DIOLESS 150+20MCG 21C;1;49,3100
12387; DIOSMIN C/ 60 COMP;1;156,6200
3701; DIOSMIN C/30 COMP;1;74,3000
24532; DIOSMIN CREME 200G;1;103,7500
9220; DIOSMIN SDU 900/100MG S/LAR 30;1;209,6800
8496; DIOVAN 160MG C/28COMP;1;162,3100
11849; DIOVAN 320 MG C/ 28 COMP;1;162,3100
9864; DIOVAN HCT 160/12,5MG;3;169,1400
9913; DIOVAN HCT 160/25MG C/28 COMP;3;176,3400
13405; DIOVAN HCT 320+12,5 C/ 28 COMP;3;168,7400
9225; DIPIMED 500MG/ML C/20ML;8;4,0000
35755; DIPIRONA (G) 1G 10CPR (VITAM);9;10,0000
30911; DIPIRONA 1G 10CP MEDLEY;53;10,0000
12767; DIPIRONA 1G C/ 10 COMP NEOQUIM;226;10,0000
30071; DIPIRONA 1G COMP 1BL X 10;4;11,0000
27401; DIPIRONA 500MG 10COP UNIAOQUIM;764;4,0000
23787; DIPIRONA 500MG 10CP AVULSO;1534;4,0000
34247; DIPIRONA 500MG 10CP LEGRANG;295;4,0000
34959; DIPIRONA 500MG 30CP GEN MEDLEY;28;10,0000
36782; DIPIRONA 500MG/ML ABACAX 20ML;135;4,0000
23379; DIPIRONA ENV C/10 MEDLEY ;161;4,0000
33730; DIPIRONA INJETAVEL 2ML;94;8,0000
35236; DIPIRONA MONO 500MG C 10 MEDL;56;4,0000
37112; DIPIRONA MULTIPIRAL 500MG C/10;111;4,0000
1328; DIPIRONA SODICA SOL ORAL 100ML;21;14,0000
22926; DIPIRONA SOL 100ML;7;20,0000
9159; DIPIRONA+CAFEINA C/4 COMP NEOQ;136;4,0000
356; DIPROGENTA CREME 30GR;2;53,6300
357; DIPROGENTA POMADA 30GR;1;55,7100
359; DIPROSALIC SOLUCAO 30ML;1;58,7600
360; DIPROSONE CREME 30GR;2;59,8000
1280; DIPROSONE LOCAO 30ML;1;58,9000
362; DIPROSPAN INJ 1ML+SER;2;54,3200
37173; DISP H 450+50MG C 30 CPR;4;34,1200
37174; DISP H 450+50MG C 60 CPR;2;150,6500
37175; DISP H 900+100MG C 30 CPR;5;72,4500
25871; DISSOL 150ML PHYTO VIVER;11;45,0000
25021; DIUPRESS 25MG 30CPR;1;48,4200
22583; DIVENA 40 MG COM REV LIB RETAR;2;77,9300
26962; DIVENA 40 MG COM REV LIB RETAR;1;129,2400
15048; DOBEVEN 500MG C/ 30 COMP;2;110,4700
12389; DOBEVEN 500MG C/ 60CAPS ;2;198,8900
35907; DODIBE 1000MCG MOR 30CPR;2;51,3000
364; DOLAMIN 125MG C/16 CPS;3;38,5100
25980; DOLAMIN 250MG 12CPR;1;48,2600
18670; DOLAMIN FLEX C/12 COMP;2;57,0400
34890; DOLOMITA PELO 200GR;2;8,0000
14475; DOMPERIDONA 10MG C/ 30 COMP;2;10,0000
8883; DOMPERIDONA 10MG C/ 60 COMP ;2;16,8800
415; DOMPERIDONA 10MG C/30 COMP GEN;11;12,5200
17719; DOMPERIDONA 10MG C/60CPR;6;18,6200
17770; DOMPERIDONA 1MG/ML SUSP 100ML;4;23,4500
2560; DOMPERIX 10MG C/30 COMP;1;33,4300
19094; DON 10MG 30COMP C1;1;103,8600
19736; DON 5MG 30CPR C1 E;1;103,8600
3536; DONAREN 100MG C/30 COMP;3;144,2600
3070; DONAREN 50MG C/60 COMP;2;66,4400
25918; DONEPEZILA 10 MG GEOLAB;1;45,2300
26874; DONEPEZILA 10MG C/30 COMP NOVA;3;57,5600
30838; DONILA 10MG CX 60 COMP;1;117,2700
11886; DONILA 5MG C/30 COMP;1;66,1500
17983; DONILA DUO 10+10MG 7CP;1;48,9400
18141; DONILA DUO 10/20MG C/30;4;248,0400
22936; DORALGINA 10CP;4;10,0000
5305; DORALGINA ENV C/4 COMP;223;3,0000
34437; DORENE TABS 150MG C/ 60CPR;1;204,0200
16981; DORFLEX C/36;1;25,5700
30610; DORFLEX DIP 1G C/10 COMP;1;17,8500
1416; DORFLEX ENVELOPE COM 10 COMP;486;8,7100
3186; DORFLEX GOTAS 20ML;1;28,2400
31097; DORFLEX MAX 16CP;2;32,6800
31098; DORFLEX MAX 600+70 8COMP;3;18,1100
22843; DORFLEX UNO 1G/10CP;6;19,8900
28445; DORICIN ENV C/10 COMP;4;5,0000
1437; DORIL COMP ENV C/6;25;14,0000
14342; DORIL ENXAQUECA ENV C/4 COMP;19;11,7700
23193; DORILAX DT CX12 CPR;1;16,0400
11048; DORILEN C/ 12 COMP;4;19,9700
14514; DORILEN GOTAS 15ML;4;31,2300
8284; DORMEC(AAS INFA)100MG 10CPR;543;1,0000
10185; DORONA CAFI ENV C/ 4 COMP;185;3,0000
23854; DORTO 150MG 1COMP ;1;84,1600
20851; DORZAL MT SOL OFTALMICA 5ML;1;127,4700
23269; DORZAL SOL OFT 5ML;1;89,5100
13771; DORZOLAMIDA 2% 5ML NQ;3;79,2000
23615; DOUTORMAX ARNICA/SEBO CARNEIRO;3;13,5000
13945; DOVE BABY LOCAO HIDR ENR 200ML;5;27,0000
13942; DOVE BABY SAB 75G BARRA ENRIQ;8;7,0000
13937; DOVE BABY SAB LIQ ENRIQ 200ML;10;22,0000
13939; DOVE BABY SH HID ENRIQ 200ML;6;17,0000
27991; DOVE CON RITUAL LISO E NUT 400;1;25,5000
20568; DOVE COND OLEO MICELAR 400ML;1;25,5000
33542; DOVE SER CORP PRO RETINOL 38;2;53,0000
11014; DOXAZOSINA 2MG  30 COMP;1;16,8800
37351; DOXAZOSINA 2MG 30CPR GN RANBAX;6;17,2600
14508; DOXAZOSINA 2MG C/30COMP TEUTO;1;16,2100
21936; DOXAZOSINA 4MG C/30 COMP;3;30,5600
29218; DOXAZOSINA(GEN) 4MG 30 CPS;1;24,0000
33955; DOXICICLINA 100MG 20CP REV;1;21,9900
17330; DOXICICLINA 100MG C/15 COMP ;2;39,2300
10579; DOXICLIN 100MG C/ 15 COMP;4;18,2300
27629; DOZEMAST 1000 MCG C/90 CPR SUB;1;267,0100
33766; DOZEMAST NP 30CP;1;99,5900
35348; DOZEMAST NP C 60 COMP;1;172,0000
37355; DOZEMAST TRIO 30 COMP;1;86,2300
37356; DOZEMAST TRIO 90 COMP;1;258,6400
25603; DOZOITO 25 MG C/30 CPR;143;38,4000
23568; DPREV 10.000UI 8 CPR MYRA;1;57,8900
12382; DPREV 1000UL C/ 30 COMP;1;47,0600
23880; DPREV 2000UI 30CP;1;58,4200
34456; DPREV 5000 UI 4ML GTAS;2;183,1600
12761; DPREV 7000 UL C/ 30 COMP;1;79,5600
37204; DPREV 7000UI C 4 CPR REV;1;20,0900
35059; DPREV CALCIO 1.000UI 30CPR;1;76,6100
33383; DPREV TODO DIA 400UI GTS 10ML;2;50,0000
28131; DPREV TODO DIA 600UI SOL GOTAS;2;79,1500
3131; DRAMIN B6 C/30 COMP;24;26,4700
372; DRAMIN B6 GOTAS 30ML;9;25,2300
26963; DRAMIN CAPSGEL 25MG C 10 CAPS;1;25,4300
27454; DRAMIN CPS GEL 50 MG;2;25,2100
374; DRENISON CREME 30GR;1;50,8900
1822; DRENISON N CREME 30GR;1;46,6800
23992; DRENOGRIP C/6CPR;40;4,0000
30182; DROSPI+ETINIL 3+0,2MG 72CPR;6;65,2400
13227; DROSPIRE+ETINILST 3/0,03MG 21C;1;25,0000
28600; DROSPIRENONA+ETIN 3+0,03MG 63C;4;55,0000
17335; DROSPIRENONA+ETINIL 3MG+ C/63C;1;65,0000
7100; DRUSOLOL COL. C/ 5 ML ;6;110,2400
33037; DS NIVEA BARRA MEN DERMA 54G;3;20,5000
6958; DTN-FOL C/90 CAPS;1;195,4900
15847; DUAL 30MG RET. C/30 C1;2;68,5600
33302; DUAL 60MG 60CPS;1;223,5300
2203; DULCOLAX COMP C/20;4;20,9800
28979; DULCOLAX GOTAS 7,5MG/ML SOL OR;1;40,5000
18317; DULOXETINA (C1) 60MG 2BLTX15CA;3;120,0000
19844; DULOXETINA 30MG 30 CAPS GN C1 ;2;58,4900
22716; DULOXETINA 30MG 30CP LEG;1;63,2600
29940; DULOXETINA 30MG C/30 CAPS;1;80,0000
26984; DUNIA 2,0+0,035MCG C/21CP;1;32,1200
37336; DUOFLAM INJETAVEL C/ 12 AMP;1;321,7000
37501; DUOM 3 MAGNESIOS+INOSITOL 60CP;1;40,0000
35655; DUOM ARTICULAR 60CPS (DUOM);2;56,8700
6331; DUOMO 2MG C/30 COMP;1;45,9400
21950; DUOMO 4MG 30CP;2;72,4800
34992; DUOMO HP 2,0+5,0MG CX 90 COMP;1;298,5600
22522; DUOMO HP C/60 CAPS;2;221,4000
11837; DUPHASTON 10 MG C/ 28 COMP;1;85,8700
6904; DURATESTON 250MG INJ 1ML;2;62,9000
19866; DUTAM 30CAP ;1;130,2700
9501; EBASTEL 10MG C/10 COMP;1;83,7500
3611; EBASTEL XPE 60ML;1;85,9100
18790; ECASIL 81MG C/ 30 COMP ;2;17,7400
30019; ECOFORT STRESS 16FLAC ECOFITUS;3;52,0000
30076; ECOXE  90 MG C/7 CPS;3;81,1700
30563; ECOXE 90MG 14CP REV;2;160,6400
30528; ED SH KIDS BRILHO 200ML;1;27,6000
29524; EDISTRIDE 10MG 30CPR;105;110,0100
30769; EDUCADOR POSTURAL TAM P KESTAL;1;95,0000
26666; EFEDERM CREME 30G;3;22,0000
11518; EFEXOR XR 150MG 30 CPS;1;720,7900
15693; EFFACLAR LRP GEL CONC 60G LORE;1;53,0000
23792; EKSON 100MG + 25MG 30CP;453;58,6000
10772; ELANI CAIXA C/3X28 COMP ;1;238,0800
10773; ELANI CICLO CAIXA C/3X21 COMP;3;187,2700
27417; ELASTICO AZUL BEBE C/100UNI;1;3,0000
33849; ELASTICO P/ LIGADURA TIPO ROSA;6;2,9900
33848; ELASTICO P/ LIGADURA TIPO VERM;9;2,9900
37593; ELASTICOS INVISIVEIS R3344 200;5;9,0000
24909; ELIXIR BEAUTY BLEND 7 OLEO 40M;1;21,0000
33792; ELIXIR BEAUTY COLOR ALECRIM 30;3;21,0000
25732; ELIXIR BEAUTY COLOR BARB 40ML;1;21,0000
24054; ELIXIR BEAUTY COLOR OLEO DE RI;1;21,0000
13918; ELIXIR COLOG.GTS DISPLAY C/1;11;4,0000
386; ELOTIN GOTAS;1;13,9900
28353; ELSEVE CO 200ML CACHOS LO;1;21,0000
31540; ELSEVE COND 200ML GLYCOLIC;1;21,0000
31541; ELSEVE CR PENT GLYCOLIC 250ML;4;20,0000
34652; ELSEVE CR TRAT LISO SONHO 300G;5;32,0000
29334; ELSEVE CR TRAT PURE HIAL 300G;5;32,0000
27884; ELSEVE CRE CAB CACHOS NUTR 300;1;29,0000
27883; ELSEVE CRE CAB NOT C/SONHO 200;7;29,0000
27886; ELSEVE SH 200ML CACHOS LO;2;20,0000
22091; ELSEVE SH 200ML LONGO DOS;2;20,0000
4460; EMAMA 400MG C/30 CAPS;1;74,0000
35163; EMAMA GAMA 400MG C 30 CAPS MOL;1;181,0900
23296; EMPROL XR 25MG 30 CPR;3;37,4400
940; EMS EXPECTOR XPE 120ML;1;27,5900
34175; EMULSAO COLOR TOUCH 0120ML 13V;9;13,0000
37198; EMULSAO COLOR TOUCH 1000ML 13V;2;89,0000
33997; EMULSAO REST.MONODOS.CERAMID.2;4;16,0000
389; EMULSAO SCOT LAR 200ML;2;36,1700
391; EMULSAO SCOT MOR 200ML;2;36,0000
24849; ENALAPRIL 10MG 30CPR;3;4,8000
32015; ENALAPRIL 10MG 30CPR;35;4,8000
24121; ENALAPRIL+HIDROCLOROTIAZIDA 20;1;24,0000
7666; ENAX 200MG C/30 COMP;1;102,2100
36464; ENERGEL BLACK DP C/ 10 SACHES;1;35,0100
36465; ENERGEL BLACK DP C/ 10 SACHES;2;35,0100
36466; ENERGEL BLACK DP C/ 10 SACHES;1;35,0100
36467; ENERGEL BLACK DP C/ 10 SACHES;2;35,0000
33718; ENERGRIP C TRIPLA 10CPR EFR;2;14,9900
31497; ENERGRIP C+ZINCO C/10 COMP EFE;1;10,0100
13922; ENGOV C/24 UNIDADES;1;36,0300
1417; ENGOV COMP ENV C/6;53;12,2500
25174; ENGOV FRASCO 250 ML CITRI;1;13,0000
37467; ENRIZA 10MG 2CPR;2;33,1200
22176; ENTRESTO 24MG/26MG 28CP;18;209,6800
23864; ENTRESTO 49/51MG 60CP;6;449,3800
20806; ENTRESTO 97/103 C/ 60 COMP;1;449,3800
25589; ENX COLG T12 ANTI TARTARO 250M;1;16,0000
23274; ENXAG ICEFRESH BLUE S ALCOOL 5;1;13,0000
23273; ENXAG ICEFRESH MENTA 500ML;3;13,0000
17139; EPIDRAT CALM 40G ;1;104,0000
37413; EPIDRAT CALM B5 FPS50 BG 50M;1;100,0000
3668; EPIDUO GEL 30GR;1;147,8800
27073; EPISOL COLOR F70 TOM2 CLARO;2;95,0000
26676; EPISOL COLOR FPS 70 TOM MEDIO;1;95,0000
35675; EPISOL INTENSE FPS60 200ML;1;127,9900
5447; EPITEGEL GEL OFT 10GR;3;60,9700
397; EPOCLER C/1 FLACON 10ML;37;4,3800
36482; EQUIPO MACROGOTAS LUER SLIP;53;4,0000
27064; EQUIPO P/NUTRI ENTERAL MACRO;35;4,0000
4258; EQUITAN 120MG C/30 COMP;1;125,5700
3371; EQUITAN 80MG C/30 CPS;1;89,4000
19031; ERIVKA (OLEO GIRASSOL) 100 ML;7;10,0000
13204; ESALERG 0,5MG/ML C/60ML;2;53,3400
12662; ESALERG 5MG C/ 10 COMP;1;72,2400
14496; ESALERG GOTAS 20ML;1;58,4300
11538; ESC 10MG C/ 30 COMP;1;96,3500
15692; ESC BAMBINOS 1 SNOOP 0-2ANO;5;12,5000
12155; ESC BELLIZ CERAMICA REF 482;2;77,0000
36274; ESC CAB DARMA 303 RIGIDA RETA;1;6,0000
28939; ESC CAB RICCA 258;3;26,0000
28937; ESC CAB RICCA MADEIRA COD1385;1;28,0000
12047; ESC COLGATE CLASSIC CLEAN;1;6,5000
12157; ESC COLGATE SLIMSOFT BLACK 2X1;7;22,0000
18481; ESC CONDOR JUNIOR HOTWE + CR D;9;14,0000
25671; ESC D BELLIZ DENT KS STEPS 1 R;6;7,0000
28909; ESC D KESS CLEAR DENTINHO ;13;10,5000
26318; ESC D KESS PRO CLEAR EXT MACIA;11;11,0000
24150; ESC D KESS PRO COLOR EXT MACIA;1;11,0000
27744; ESC DE LINGUA KESS C/1;2;11,0000
33725; ESC DEN KESS EXTREME SENS 2077;18;7,5000
36921; ESC DENT CONDOR AGILE BLACK MA;1;12,0000
37423; ESC DENT CONDOR AGILE BLACK MA;5;18,5000
9284; ESC DENT CONDOR HOTWEELS 3160;2;9,0000
26146; ESC DENT CONDOR MACIA COM CAPA;12;20,0000
8896; ESC DENT CONDOR TIGOR 3161;4;14,0000
36144; ESC DENT CONDOR TRIP INFANTIL;2;3,5000
37424; ESC DENT CURAPROX 5460 ORTHO U;2;36,5000
37425; ESC DENT CURAPROX 7600 SMART M;2;46,0000
37426; ESC DENT HILLO VIAGEM(E)*;4;5,0000
24143; ESC DENT INF KESS ST;11;9,0000
29080; ESC DENT JR BARBIE + GEL B2;2;13,0000
20254; ESC DENT KESS MACIA 2075;2;7,5000
36145; ESC DENT KESS PRO 10K METALLIC;4;20,0000
36146; ESC DENT KESS PRO 10K METALLIC;2;20,0000
36810; ESC DENT KESS PRO 10K METALLIC;2;30,0000
36308; ESC DENT KESS PRO 2534 EXTRA M;9;16,5000
20100; ESC DENT KESS STEPS 2 2043;9;6,5000
24340; ESC DENT SENSODINE GENTLE;2;20,0000
23054; ESC DENTAL AVANTIX L2P1 CONDOR;1;12,0000
31373; ESC DENTAL CONDOR TRIP MACIA;1;5,0000
24814; ESC DENTAL CURAPROX ULTRA 5460;3;35,0000
24955; ESC DENTAL DUO PACK SPEZIAL ED;2;66,0000
14964; ESC ION OVAL REF 296;1;56,0000
17224; ESC MAMADEIRA LOLLY BRANCA;2;25,0000
27195; ESC ODT 10MG C/30 CPR;1;115,6600
35205; ESC PROGRESSIVA PROBELLE 100ML;3;20,0000
35207; ESC PROGRESSIVA PROBELLE 100ML;2;20,0000
13737; ESC RICCA BASIC REF 249;2;29,0000
14172; ESC RICCA CABELO 416;2;36,0000
36004; ESC RICCA FINALIZADORA PENTEAD;1;20,0000
16346; ESC RICCA MADEIRA COD 418;1;59,0000
24142; ESC.BELIZZ DENT KS STEPS;1;19,0000
27290; ESCABIN PRO 4% EMUL FR 100ML;2;43,9700
18310; ESCITALOPRAM (C1)20MG C/2 BLT;28;21,5900
17973; ESCITALOPRAM 10MG C/30;14;16,1200
29544; ESCITALOPRAM 15MG C/30 COMP;8;25,4700
21820; ESCITALOPRAM 20 MG/ML 15ML;2;41,2300
12259; ESCITALOPRAM 20MG C/ 30 COMP;1;39,5600
18370; ESCITALOPRAM GTS 15ML ;2;45,7600
30857; ESCOVA C/CLOREXIDINA 2%   VICP;9;7,0000
27004; ESCOVA CAB PRADA 450 RICCA;1;35,5000
26688; ESCOVA DE BANHO RICCA 306 REF;1;25,0000
27741; ESCOVA DENT CLIA MEDIA;4;3,5000
35999; ESCOVA DENT ICEFRESH ADULTO CA;1;5,0000
37403; ESCOVA DENT KESS MINI RF 2006;11;14,5000
26795; ESCOVA DENT KESS PRO MACIA  UN;4;11,0000
36681; ESCOVA DENT KESS REF 2097 PRO;9;11,0000
34068; ESCOVA DENT KESS REF 2105 PACK;14;19,0000
36002; ESCOVA DENT KESS REF 2548 ACT;1;10,5000
23681; ESCOVA DENTAL CONDOR DYNAMIC M;2;16,0000
27733; ESCOVA LIMPA BICO MAMADEIRAS ;3;16,0000
27005; ESCOVA MADEIRA RED REF 451;2;35,5000
36015; ESCOVA MASSAGEADORA REF 7281/0;1;12,0000
29017; ESCOVA MAYA COLOR UN;1;14,0000
2767; ESCOVA P/CAB PRADA ION REF 295;1;68,0000
37592; ESCOVA P/MAMADEIRA REF 7080/01;2;16,0000
27422; ESCOVA PVPI P/ASSEPSIA;1;7,0000
37160; ESCOVA REF 289 MAD RICCA SAL C;4;45,0000
37161; ESCOVA REF 290 RICCA SALON COL;2;58,0000
35805; ESCOVA REF 726 P/PES C/PEDRA P;2;14,0000
36910; ESFEROGRAFICA 07 PRETA C/100;1;1,0000
36983; ESFIG COM BRACADEIRA GRANDE EM;2;185,0000
36111; ESFOLIANTE CORP HIDRAMAIS PIST;2;22,0100
35295; ESFOLIANTE CORPORAL E FACIAL P;1;16,5000
30453; ESFOLIANTE PEDRAS VULCANICAS;3;11,5000
19735; ESIO 20MG C 28 COMP;2;103,6500
19740; ESIO 40MG C/28 CO;1;218,7100
27418; ESLASTICO VERDE BEBE C/100;10;3,0000
34263; ESM RIS NU DIAM GEL TOP COAT;1;13,0000
33456; ESM RISQUE FASHION RAVE;1;34,0000
20396; ESM TOP BEAUTY SOS UNHA CON 7M;11;8,0000
20438; ESM TOP BEAUTY SOS UNHAS 7ML;6;8,0000
20397; ESM TOP BEAUTY SOS UNHAS FERME;14;8,0000
21247; ESM TOP BEAUTY XI LASCOU 7ML;11;8,0000
37215; ESM. TOP BEAUTY. SOS UNHAS MEL;6;9,0000
36872; ESM. TOP BEAUTY. SOS UNHAS O C;14;9,0000
35633; ESM. TOP BEAUTY. SOS UNHAS SEC;1;8,0000
37663; ESM. TOP BEAUTY. SOS UNHAS TOP;12;8,0000
36532; ESM. TOP BEAUTY. SOS UNHAS VEM;11;8,0000
37462; ESMALTE MURIEL SOLTO TRAT BASE;4;4,5000
37461; ESMALTE MURIEL SOLTO TRAT CASC;1;4,5000
36216; ESMALTE MURIEL SOLTO TRAT SUPE;6;4,0000
37460; ESMALTE MURIEL SOLTO TRAT TOP;8;4,5000
21647; ESOGASTRO IBP 500G C 56;1;493,6300
26583; ESOMEPRAZOL G 40MG C/28CP RANB;5;72,6900
37498; ESOMEPRAZOL MAG 20MG 28CPR REV;2;57,6900
11933; ESOMEPRAZOL MAG 20MG C/28COMP;1;76,5600
35932; ESOMEPRAZOL MAG. 40MG C/30 (G;2;68,4500
8929; ESOMEPRAZOL MAGNESIO 40MG C/28;18;90,5700
29192; ESOMEX 40MG 56CPR;3;180,1700
10470; ESOMEX 40MG C/ 28 COMP;1;238,7900
19780; ESP BARBA BOZZANO 200ML REFRES;2;20,0000
19781; ESP BARBA GILLETTE 179ML FOAMY;1;25,0000
36923; ESP BARBA NIVEA MEN 200ML DEEP;2;36,0000
27345; ESPACADOR G-TECH AD/INF 1UN;3;47,0000
26641; ESPAR SALVELOX 2,5  CM X 0,9M ;11;3,0000
27271; ESPARAD IMP PROCITEX 10X4,5CM;1;21,0000
9266; ESPARAD IMPERM 5CM X 4,5M MISS;15;10,0000
14071; ESPARADRAPO MISSNER 10X4,5M ;11;19,5000
36946; ESPARADRAPO MISSNER 2,5X4,5;6;6,0000
14766; ESPARADRAPO MISSNER 2,5X4,5M;7;8,0000
13609; ESPARADRAPO MISSNER 2,5X90CM ;12;3,5000
3061; ESPASMO FLATOL GTS 20ML;1;27,4300
31598; ESPASMOPAN COMPOSTO GTS 10ML;3;16,1600
18908; ESPAT CUTICULAS ACO 1 UNI;2;18,0000
36287; ESPATULA MADEIRA SANTA CLARA G;3;3,5000
36286; ESPATULA MADEIRA SANTA CLARA M;3;2,5000
25752; ESPATULA P/CREME R342;26;2,0000
19580; ESPATULA PARA CREME SANTA CLAR;6;2,0000
34979; ESPATULA/PAL STA CLA 3700 100U;2;17,0000
5544; ESPIRINOLACTONA 50MG C/30 COMP;4;30,1200
9928; ESPIROLACTONA 25MG C/30CP GERM;69;16,0000
16778; ESPIRONOLACTONA 100MG C/30;1;54,0300
8876; ESPIRONOLACTONA 25MG 30CPR EMS;16;11,5200
15187; ESPONJA DE BANHO BELLIZ CORPO;3;8,0000
8095; ESPONJA P/ BANHO RICCA;3;15,0000
34903; ESPONJA P/ PO C/2UN B. MANUELA;1;4,0000
6345; ESPUMA BOZZANO P SENSI 196ML;4;20,0000
14896; ESPUMA NIVEA BARB 200ML;1;35,0000
37249; ESTOJO ZALIKE 335 PORTA ESC DE;6;6,5100
1426; ESTOMAZIL 1 ENV PO SABOR ABACA;72;3,4600
5738; ESTOMAZIL 1 ENV PO SABOR LARAN;24;3,4600
22121; ESTRIOL 1 MG/G;3;49,5600
37650; ESZOPICLONA 2MG 30CPR B1;1;86,5600
37651; ESZOPICLONA 3MG 30CPR;1;89,7300
25139; ETIRA SUSP 100MG 100ML;2;67,6600
1157; ETNA C/20 CAPS;1;68,2500
31983; ETODOLACO 500MG 14CP ALTHAIA;4;35,9800
37652; ETODOLACO 500MG 14CPR (EUROF);2;32,1000
37343; ETORBEN 90MG C 7 CPR (C1);2;57,7800
33673; ETORICOXIBE 90 MG COM REV CT B;1;50,0100
37144; ETORICOXIBE 90MG 14CPR;5;80,3000
37469; ETORICOXIBE 90MG 14CPR (C1) (E;2;61,2300
37636; ETORICOXIBE 90MG 7CPR (C1) EUR;1;32,5800
37072; ETORICOXIBE 90MG 7CPR(C1) BIOS;2;41,2300
33472; ETORICOXIBE CPR REV 90MG X 14;2;79,8900
30031; EU LISO MATIZADOR ANTICOBRE SH;2;19,5100
35933; EUC SUN AP CLARO FPS70 50ML;2;99,0000
35671; EUCERIN ANTI-PIGMENT GEL LIM;2;89,0000
34545; EUCERIN ANTIOLEOSIDADE 50G;1;87,0000
35674; EUCERIN DERMOPURE GEL DE LIM;1;98,0000
30166; EUDORA BABY SAB 2UN 80G;1;20,0000
30583; EUDORA COND LISO INTENSO SIAGE;2;48,0000
29495; EUDORA NUTRI OLEOS ELIXIR 150M;1;50,0000
29416; EUDORA NUTRI OLEOS MASC 250G;1;67,0000
29417; EUDORA NUTRI OLEOS OLEO BIF 90;1;71,0000
29414; EUDORA NUTRI OLEOS SH 250ML;1;46,0000
31264; EUDORA SHAMPOO LISO INTENSO SI;3;46,0000
2556; EUTHYROX 100MCG C/50 CPS;1;52,7700
12966; EUTHYROX 112MCG C/ 50 COMP;1;59,4600
3202; EUTHYROX 125MG C/50 COMP;1;58,9800
12973; EUTHYROX 137MCG C/ 50 COMP;1;62,7700
4527; EUTHYROX 150MCG C/50 COMP;2;63,2800
3367; EUTHYROX 50MCG C/50 CPS;1;46,1900
2652; EXELON PATCH 5 9MG/5CM C/30 SA;1;427,8400
14217; EXFORGE HCT 160/12,5/5MG C/28;3;211,3600
22714; EXFORGE HCT 320/25/100MG 28CP;1;249,4400
8169; EXODUS 10MG C/60COMP;4;116,0900
10228; EXODUS 20MG C/ 30 COMP;6;191,8500
1241; EXPEC XPE 120ML;3;42,0000
7694; EXPECTAMIN XPE FR X 120ML;1;28,0000
31416; EXT PROP AQUOSO 20ML ARTE;3;23,0000
21192; EXT.PROP.S/ALCOOL (PROPOMAX) 3;6;34,5000
1336; EXTRATO DE PROPOLIS 20ML ;3;16,0000
32788; EXTRATO DE PROPOLIS VERDE 70;8;53,0000
34040; EXTRATO JABORANDI ELIXIR CONCE;6;36,0000
29031; EXTRATOR DE LEITE MANUAL;1;94,0000
35019; EZETIMIBA 10MG 30CP;2;40,1100
33066; EZETIMIBA 10MG 30CPR;1;34,1200
37551; EZETIMIBA 10MG C 60 COMP NQ;1;50,1100
18200; EZETIMIBA 10MG C/ 30 COMP;2;43,0000
20907; EZETIMIBA 10MG C/30 CP (G EM;2;36,5400
29084; EZONIA 2MG 20CP;1;95,1900
29085; EZONIA 3MG 20CP;2;92,9000
21631; FACIAL CREME ANTISSINAIS 100G;3;37,0000
36966; FACIAL CREME CONTROLE OLEOSIDA;4;37,0000
31644; FACOBA 5+1MG/5ML;8;49,9400
26907; FAIXA  ABDOMINAL 3 GOMOS BEGE;1;180,0000
30888; FAIXA ABDOMINAL KESTAL UNICO;1;152,0000
37632; FAIXA ELASTICA  3 PAINEIS P;1;185,0100
37500; FAIXA ELASTICA 3 PAINEIS TAM;1;185,0000
29747; FAIXA ELASTICA TRES PAINEIS EX;1;186,0000
36758; FAIXA TORACICA ELASTICA TAM. G;1;186,0000
25746; FARMAX OLEO CORP KARITE 60ML;4;15,0000
37279; FAVINHO DE MEL MAX KIDS  FIO R;2;30,0000
23557; FDA  MAMYPOKO CALCA  DIA P 46;10;53,0000
9722; FEMINA  C/ 63 COMP (3 ENV);3;104,8100
31790; FEMINIS 30CPS;1;182,0000
27542; FENAFLAN ICE AEROSSOL 150ML;5;22,0000
457; FENERGAN COMP C/20;2;21,2600
34575; FENOBARBITAL 40MG GTS 20ML (G);5;9,2100
34851; FENOBARBITAL GEN 100MG 30CP TE;3;10,1300
12678; FENOFIBRATO 200MG C/ 30 CAPS E;2;137,8500
14080; FENTICONAZOL CR VAG 0,02G/G EU;3;31,2300
2184; FENTIZOL 20MG C/30 ML;2;74,6000
6271; FENTIZOL 600MG OVULOS C/APLIC;1;99,1700
30525; FERRO 100 MG C/ 30 CPS;1;59,1700
5236; FERRONIL 40MG C/50 COMP;11;12,0000
30884; FERROPURUM - 20MG/ML 1 AMP INJ;18;18,5600
27845; FEXOFENADINA  60MG C/10 CP;7;17,5200
23067; FEXOFENADINA 120MG 10CP;20;18,7500
30279; FEXOFENADINA 120MG C/10 CPRS;1;18,4500
23068; FEXOFENADINA 180 MG 1 BL X 10 ;1;24,5600
24384; FEXOFENADINA 180MG G EUR 10CP;1;32,2300
34268; FEXOFENADINA 6MG/ML 60ML;2;25,9800
27180; FEXX 180MG C/10;5;20,2300
1686; FIBER MAIS 260G;1;150,0000
14105; FIBRINASE C/ CLORANFENICOL 10G;2;44,5200
13504; FIBRINASE POMADA 30GRAMAS;1;108,9500
33041; FIGARO FLACONETES 10ML;58;1,0000
17884; FIGATIL FLACONETES  10ML UNIDA;29;2,0000
30943; FIGMED 200MG CAPS C/30 CIMED;7;51,2300
3889; FILINAR 25MG/5ML XPE PED 120ML;1;34,7600
4005; FILINAR 50MG/5ML XPE AD 120ML;1;47,6200
33911; FILTRUM FPS70 COR 2.0;2;103,0000
36394; FIN MAIS PROTECAO 200G;4;41,0000
36393; FIN SPRAY BEACH MAIS PROTECAO;3;34,0000
21835; FIN UMEC COCO 500ML;2;58,0000
33360; FINAL CRESPOS 150 GR UN/01/UN;3;37,0000
33219; FINAL DABELLE ABACATE 180ML;1;32,0000
34640; FINAL MAIS NUTRICAO 200 GR UN/;2;46,0000
28503; FINAL SEM FRIZZ SEM DRAM 150ML;1;18,5000
27695; FINALIZ CAB C QUIMIC 150ML ROL;1;18,0000
27704; FINALIZ CACHO 300ML NGM SEGURA;2;24,0000
33638; FINALIZ DABELLE CRONO PERF 200;2;32,0000
31695; FINALIZ LISO 150ML LISO ATE FA;1;18,0000
31888; FINALIZ.HASKELL 100ML INFUSAO;3;76,0000
32088; FINALIZADOR CRESCE MAIS QUE TA;2;18,5000
16160; FINALIZADOR FORCA PIMENT 200G;2;42,0000
15589; FINALIZADOR JABORANDI 150G BIO;3;37,0000
7056; FINALIZADOR NEUTRO 150G BIOEXT;3;41,0000
21041; FINALIZADOR UMECTANTE 150G;1;36,0000
33346; FINALIZADOR VEM DE GLICOLICO;2;18,0000
18711; FINASTERIDA 1MG 2 BLT X 15;1;24,0000
405; FINASTERIDA 5MG C/30COMP G NVQ;1;39,5600
30375; FINI BANANAS 90G;1;7,5000
30373; FINI DENTADURA 90G;4;7,5000
32652; FINISIM CROMO C/60 CAPS;3;56,0000
27743; FIO DENT KESS 100M 2001;3;8,0000
33091; FIO DENT.ENLACE BEN10 12X25M;12;6,0000
33092; FIO DENT.ENLACE MEN.S.P.12X25M;7;6,0000
9856; FIO DENTAL COLGATE 50M MENTA;27;6,5000
2010; FIO DENTAL J&J REACH REGULAR 5;10;18,0000
27742; FIO DENTAL KESS BASIC 100M ;4;8,0000
36683; FIO DENTAL KESS INDIV C/ 36 UN;2;11,0000
10370; FIO DENTAL ORAL B PRO SAUDE 25;1;31,0000
8273; FIO DENTAL ORAL-B SUPERFLOSS;2;31,0000
30502; FISIOFOT 150 G;4;15,0000
29772; FISIOGEL AI 400ML;2;150,0000
25356; FISIOGEL LC CREMOSA 400ML;1;109,0000
33886; FISIOGEL SERUM FAC C22% 30ML;1;182,7000
1913; FITA ADESIVA CREMER AZUL;3;5,0000
5958; FITA ADESIVA CREMER ROSA;6;5,0000
37216; FITA DENTAL DENTRAT MENTA 100M;2;9,0000
37217; FITA DENTAL DENTRAT MENTA 50MT;1;6,0000
20821; FITA MICROPORE 10CMX4,5 MT MIS;1;16,0000
32443; FITA MICROPORE 10MMX4,5M;1;16,0000
36165; FITA MICROPORE BRANCA 50MM X 1;1;10,0100
8775; FITA MICROPOROSA 10 CM X 4,5M;1;14,0000
15515; FITA MICROPOROSA 2,5CM X 4,5M ;3;3,0000
13848; FITA MICROPOROSA MIS 2,5*4,5M;5;5,0000
37001; FITA MISSNER MICROPERF 10CMX4,;5;18,0000
15320; FITA PROT PARA OS PES CREMER;1;9,0000
22756; FITOBILOBA C/30CPR*;4;27,1700
4476; FITOSCAR 60MG POMADA 20G;1;101,6600
34464; FIXA-CAL C/ 90 COMPR;1;41,0000
21097; FIXADOR DE MAQUIAGEM HB 312N R;1;19,0000
12635; FIXADOR KARINA FORTE 400ML;2;36,0000
36879; FIXADOR MOOD 150ML EXTRA FORTE;1;13,0000
21065; FLAGASS 75MG GTS 10ML;2;29,6200
468; FLAGYL 400MG C/24 CPS;2;41,5000
11375; FLANAX 275MG C/ 20 COMP;1;21,5200
30567; FLANAX 550MG 15CPR;1;36,8900
2662; FLANCOX 300MG C/14 COMP;1;35,0400
5189; FLANCOX 400MG C/20 COMP REVST;2;66,8700
17601; FLANCOX 500MG C/14 COM;3;55,9800
28970; FLANCOX 600MG C/14 CPR;6;70,1100
21140; FLAVONID 6 BLT X 10 COMP;1;83,2400
33303; FLAVONID 900/100MG C/60 COMP;2;156,8900
411; FLAVONID C/30 COMP;3;44,2300
30822; FLAVONID CR 200G;1;60,1200
7976; FLEBON 50MG C/30COMP;1;102,4400
12199; FLENUS 22,25MG C/ 30 COMP ;1;146,4600
14777; FLETOP LOCAO 200ML FQM;2;77,4600
24545; FLEXIGOLD 40 MG 60 CP ;1;70,0000
33147; FLEXIGOLD ARTRI 30CAPS;3;38,0000
35365; FLEXIGOLD CONDRO COL.II+CONDRO;2;82,0000
33148; FLEXIGOLD HA C/60 CPS;2;65,0000
33149; FLEXIGOLD ULTRA 40MG 30CAPS;1;48,0000
36693; FLEXIGOLD ULTRA 60CAPS (COLAGE;3;76,0000
7660; FLIXOTIDE SPRAY 250 C/60DOSES;1;167,8300
5361; FLIXOTIDE SPRAY 50MCG C/120 DO;3;223,8100
1052; FLOGO ROSA LIQUIDO 100ML;1;43,0700
476; FLOGO ROSA PO C/10 ENV;1;58,2600
2145; FLOGORAL CREME DENTAL 70GR;1;42,4000
30002; FLOGORAL MENTA C/4 PAST;20;7,5200
479; FLOGORAL SPRAY CEREJA 30ML;1;43,8700
481; FLORATIL 100MG C/12 CPS;1;58,7000
493; FLORAX AD C/5 FLAC;4;57,0500
483; FLORAX PED C/5 FLAC;3;44,0500
546; FLORAX SM ADULTO C/5 FLACONETE;6;57,0500
625; FLORAX SM INFANTIL C/5 FLACONE;3;44,0700
22259; FLORAX SM PED UVA C/5FLAC DE 5;2;43,4700
27455; FLORIPA GTS 8ML;1;154,0000
11328; FLOTAC 70 MG C/ 10 CAPS;1;40,2200
1313; FLOXICAN (PIROXICAM) 20MG C/15;13;10,0000
33966; FLUCONAZOL 150MG 2 CAP MEDL G#;2;10,1300
22286; FLUCONAZOL 150MG 2CP GEN VITAM;28;5,0000
36471; FLUIAR 600 MG 16 SACHES (ACETI;1;29,2000
4912; FLUIBRON GOTAS 50ML;2;28,9900
37572; FLUIDO CAPILAR PRE TREINO 200;2;54,0000
37286; FLUIDO FINALIZADOR FIO RESTORE;1;32,0000
37571; FLUIDO FRIZZ CANCELADO 200 ML;1;52,0000
23428; FLUIDO HASKELL ENCORPA CABEL;3;43,0000
26455; FLUIDO HIDR CAVALO FORTE 120ML;3;46,0000
31889; FLUIDO OH MY! KIDS LISO 150ML;2;22,0000
27369; FLUIDO OLEO NUNCA NEM VI 150ML;2;18,5000
34441; FLUIDO OX REC PEP 60ML;1;24,0000
3174; FLUIMUCIL 100MG/ML C/1 AMP 3ML;10;7,9400
4756; FLUIMUCIL XPE ADULTO 120ML;1;50,1200
35975; FLUNARIZINA (G) 10MG 50CPR (VI;3;16,0900
34336; FLUOXETINA 20MG 30CAP DURA;3;13,2400
6576; FLUOXETINA 20MG/ML C/ 20ML MED;14;33,5900
22039; FLUTINOL SOL OFT GTS 5ML;2;46,7800
21328; FLUTIVATE CREME 15G ;1;67,9100
33760; FLUX SR 1,5MG 90C REV L.P;1;120,7100
26193; FLUX SR 1,5MG C/30;2;41,2000
4999; FLUXON (CINARIZINA) 75MG C/30;4;22,2100
18699; FOLACIN 5MG C/30 COMP LP;1;40,4000
3020; FOLACIN GOTAS 30ML;1;90,7200
511; FOLDAN POMADA 45GR;1;45,0000
37466; FOLHA PRONT DESING SOBRAN DEPI;3;25,0000
35137; FOLHAS DEPIL BELLA C/20 SOMBRA;4;21,0000
29235; FOLHAS DEPILFLAX NATURAL C/20;5;24,5000
5915; FOLHAS PLASTICAS P/DEPILACAO C;2;33,5000
24046; FOLHAS PRONTAS CORPO DEPILACAO;3;24,0000
11315; FOLHAS PRONTAS CORPORAL 8PAR;1;24,5000
533; FOLIFER C/30 CPS;3;93,0000
18197; FOLIFER GTS 30ML ARES;1;84,0000
37011; FORDAY ENERGY CP EFERV 16CPR;2;30,0000
23310; FORFIG 200MG C/60 COMP;1;224,6700
29758; FORFIG 300MG CX 30 CAP;2;213,9600
11142; FORMOCAPS 12MCG C/ 30 CAPS INA;1;90,6700
2213; FORMOCAPS 12MCG C/30 CAPS REFI;1;73,8700
25997; FORTICE COM CT BL AL AL X 30;1;252,0000
21288; FORTINI BAUNINHA 400G;1;92,0000
20824; FORTINI SEM SABOR 400G;2;96,0000
36078; FORTMAGRI BLACK BERBERINA+EVOD;3;112,0000
14747; FORXIGA 10MG C/ 30COMP;8;247,9000
20511; FOSTAIR DPI 120DOSES;2;220,7500
27835; FOSTAIR HFA SORAY 120 DOSES;1;216,3000
25360; FR BIGFRAL PLUS G 16 UNI;13;45,0000
26590; FR BIGFRAL PLUS REG MED 8UN;70;27,0000
34980; FR BIGFRAL PLUS REGULAR XG 8X7;88;27,0000
33648; FR FIT CARE EG 24UN;12;65,0000
32423; FR GER TENA PANTS NOT P/M C/16;1;88,0000
28175; FR INF VIC BABY EG 50UNDS;2;44,0000
28174; FR INF VIC BABY G 60UNDS;2;44,0000
33805; FR PERS PREM CAL HI XXG L36P34;1;77,0000
25359; FR TENA PANTS CONFORT P/M 16U;8;50,0000
27909; FR. PERSONAL BABY XG 18;3;28,0000
36947; FRADA GERIAT SAFETY XG C/40;424;68,0000
29954; FRAL TENA PANTS DERMA P/M 32UN;1;119,0000
14536; FRALD PLENITUD G/XG  C/16UNID;2;68,0000
35465; FRALDA BABYSEC PREMI XXXG 16UN;10;46,0000
37619; FRALDA BABYSEC SHORT  XG C/20;5;29,0000
37618; FRALDA BABYSEC SHORT G C/22;6;29,0000
33138; FRALDA BABYSEC SHORT M 30UN;3;44,0000
34872; FRALDA BABYSEC SHORT XG 22UN;1;44,0000
37620; FRALDA BABYSEC SHORT XXG C/20;4;29,0000
36657; FRALDA BABYSEC SHORT XXXG C/16;22;28,0000
26180; FRALDA BIGFRAL G C/7;85;27,0000
36413; FRALDA CAPRICHO SHORT  M C/58;2;63,0000
36412; FRALDA CAPRICHO SHORT G C/50;4;63,0000
36414; FRALDA CAPRICHO SHORT XG C42;2;63,0000
36415; FRALDA CAPRICHO SHORT XXG C36;2;63,0000
35288; FRALDA CONFORT MAST G C/32;1;92,0000
35289; FRALDA CONFORT MAST P PM C/32;2;92,0000
34436; FRALDA CONFORT P/M C/16;2;51,0000
15291; FRALDA CONFT MAST C/ 26 EXG;5;70,0000
37470; FRALDA GENERICA M C/20 ADULT;146;34,0000
37337; FRALDA GENERICA PREMIUM P 20UN;118;34,0000
8366; FRALDA GERIAT MAX CONFORT EG 7;13;20,0000
35176; FRALDA HEALTH XG C/7 GERIATRIC;4;20,0000
37250; FRALDA HIPOPO RN C/20 BABY;11;22,5000
36924; FRALDA HUGGIES MAXIMA M C/72;1;98,0000
29592; FRALDA HUGGIES NAT CARE RN 18;9;37,0000
25845; FRALDA HUGGIES SUP HIPER G 60;3;98,0000
35466; FRALDA HUGGIES SUPR XXXG 42 UN;11;95,0000
25846; FRALDA HUGGIES XG 48UN;6;98,0000
34540; FRALDA LITLLE BABY XG C/48;11;65,0000
34541; FRALDA LITLLE BABY XXG C/ 48;23;65,0000
37511; FRALDA LITTLE BABY  M C/ 44;4;37,0000
37508; FRALDA LITTLE BABY  P C/50;9;37,0000
37512; FRALDA LITTLE BABY G C/38;9;37,0000
34539; FRALDA LITTLE BABY G C/60 PANT;2;65,0000
34542; FRALDA LITTLE BABY M C/72 UN;6;65,0000
37510; FRALDA LITTLE BABY XG C/34;8;37,0000
37509; FRALDA LITTLE BABY XXG C/30;10;37,0000
25514; FRALDA LOONEY TUNES JUN  P 22;13;15,0000
34310; FRALDA LOONEY TUNES MEG P 36UN;13;26,0000
34311; FRALDA LOONEY TUNES XXG 22UN;1;24,0000
33958; FRALDA MAMYPOKO CALCA D&N M 40;2;48,0000
29043; FRALDA MAMYPOKO CUIDAD RN 20UN;12;34,0000
25217; FRALDA MAMYPOKO CUIDADO M 38UN;5;58,0000
23433; FRALDA MAMYPOKO D/N  XXG 12UN;2;32,0000
22724; FRALDA MAMYPOKO D/N G 16UN;7;32,0000
24172; FRALDA MAMYPOKO D/N G 30UN;7;50,0000
34448; FRALDA MAMYPOKO D/N G 60UN;5;92,0000
23431; FRALDA MAMYPOKO D/N M 18UN;12;34,0000
34967; FRALDA MAMYPOKO D/N M 68UN;2;92,0000
23432; FRALDA MAMYPOKO D/N XG 14UN;5;32,0000
24174; FRALDA MAMYPOKO D/N XG 26UN;6;48,0000
34449; FRALDA MAMYPOKO D/N XG 52UN;1;92,0000
23631; FRALDA MAMYPOKO DIA P 22 UN;12;34,0000
34626; FRALDA MAMYPOKO SUPER G 28UN;11;39,0000
36036; FRALDA MAMYPOKO SUPER G 46UN;5;60,0000
34627; FRALDA MAMYPOKO SUPER M 34UN;1;39,0000
36037; FRALDA MAMYPOKO SUPER M 54UN;4;60,0000
34628; FRALDA MAMYPOKO SUPER XG 24UN;5;39,0000
34629; FRALDA MAMYPOKO SUPER XXG C/22;3;39,0000
16738; FRALDA MAMYPOKO TAM G 17UNI;3;47,0000
16508; FRALDA MAMYPOKO XG C/ 15 UNIDA;5;47,0000
16739; FRALDA MAMYPOKO XXG C/ 13UNI;3;47,0000
30471; FRALDA MASTERSOFT G/EG C/ 16;9;46,0000
35813; FRALDA MASTERSOFT JUMBO M 20UN;2;48,6000
30472; FRALDA MASTERSOFT P/M 16;14;46,0000
37241; FRALDA PAMPERS PANTS  XXG C/20;10;42,0000
37238; FRALDA PAMPERS PANTS G C/28;6;42,0000
37239; FRALDA PAMPERS PANTS M C/30;3;42,0000
36658; FRALDA PAMPERS PANTS P 32UN;3;42,0000
25783; FRALDA PAMPERS PANTS XG 14 UN;10;36,0000
37240; FRALDA PAMPERS PANTS XG C/22;11;42,0000
23970; FRALDA PAMPERS PANTS XXG 12UN;2;36,0000
36659; FRALDA PAMPERS PANTS XXXG 20UN;11;42,0000
23971; FRALDA PAMPERS PCARE RN 20;4;41,0000
23135; FRALDA PAMPERS RN+ 20UN;5;40,0000
28322; FRALDA PERSONAL JUMBO P/28;2;28,0000
25372; FRALDA PLENITUD PROTEC G/XG 24;1;100,0000
25800; FRALDA ROUPA INT TENA P P/M;10;92,0000
34338; FRALDA SAFETY CONFORT AD EG 7U;2;20,0000
36494; FRALDA SALUTE PREMIUM G C/ 08U;496;20,0000
36417; FRALDA SALUTE PREMIUM M C/ 08U;4;20,0000
36418; FRALDA SALUTE PREMIUM XG C/ 07;13;20,0000
32282; FRALDA TENA NOTURNA E/G 24;2;135,0000
25383; FRALDA TENA PANT C/24 MEGA;2;98,0000
25450; FRALDA TENA PANTS  G/EG 16U;35;69,0000
35060; FRALDA TENA PANTS CONFORT G/EG;52;60,0100
35061; FRALDA TENA PANTS CONFORT P/M;8;60,0100
35661; FRALDA TENA PANTS CONFORT P/M;4;118,0000
35245; FRALDA TENA PANTS DERM PM C/16;9;69,0000
35660; FRALDA TENA PANTS G/EG C/32;2;118,0000
36796; FRALDA TENA PANTS G/EG C/32;12;127,0000
37190; FRALDA TENA PANTS L32P28;8;132,0000
36613; FRALDA TENA PANTS NOT G/EG 24;4;114,0000
36797; FRALDA TENA PANTS NOT G/EG 32;14;145,0000
36798; FRALDA TENA PANTS NOT P/M 24;3;114,0000
28725; FRALDA TURMA DA MONICA XG 24UN;3;45,0000
28172; FRALDA VIC BABY P 80UN;1;44,0000
36559; FRALDA VITAPLUS SENIOR XG C/18;7;30,6000
29120; FRASCO PLASTICO P/NUTRICAO ENT;13;3,0000
35487; FRD BIGFRAL REGULAR PLUS P 09U;10;27,0000
36908; FRD GERIAT SAFETY G C/ 40;46;68,0000
36948; FRD PANTS NOT WELLNESS G/XG 16;31;52,0000
36949; FRD PANTS WELLNESS G/XG 16;19;43,0000
5192; FRESH TEARS SOL OFT 10ML;4;57,0000
514; FRISIUM 10MG C/20 CPS;2;25,1800
35771; FRISIUM 20MG 20CPR B1;3;46,1900
25037; FRONTAL 0,50MG CART C/30CPR;1;74,2500
34944; FUIDO DEPIL BELLA P/PELOS ENCR;2;31,0000
21529; FUMARATO BISOPROLOL 5MG C/30 C;1;59,5600
36781; FUNDA P/ HERNIA UMBILICAL TAM.;1;129,0100
27175; FUNDA P/ HERNIA VER BILATERAL;2;142,0000
19260; FUNTYL CR 10MG 20G ;1;41,6100
26902; FUROATO DE MOMETASONA 50MCG SP;8;46,2500
26506; FUROSEMIDA 40MG 30 CP BIOS G#;3;6,3000
35555; FUROSEMIDA 40MG 30 CPR GN TEUT;113;6,3000
18355; FUROSEMIDA 40MG 30CPR;13;6,3000
23671; G CAPTOPRIL 25MG 30CPR;66;3,0000
23304; G IBANDRONATO SODIO 150MG C/1;1;53,2300
13360; G-TECH FREE TIRAS C/ 50 UNI;2;92,0000
25518; G-TECH LANCET CANETA CONFORT;10;14,0000
36293; GABA ER 250MG 30COMP REV (C1);6;36,7900
36469; GABAPENTINA (G) 300MG 30CAP (;4;35,1200
35874; GABAPENTINA 400MG 30CAPS (EUR;1;43,5600
27707; GAESO 20MG C/28 COMP LIB RETA;1;101,4500
26108; GAESO 40MG C/28;1;202,8200
10576; GALVUS 50MG C/ 56 COMP;2;284,1100
9570; GALVUS MET 50/1000MG C/ 56COMP;4;273,4300
3531; GAMAX C/30 CAPS;1;167,9100
5876; GANFORT SOL OFT 3ML;4;179,4700
18226; GARASONE COL 20 ML ;1;33,8800
531; GARDENAL GOTAS PED 20ML;12;15,1100
33990; GARNIER HIDRAT FAC ANTIMANC 85;6;35,0000
24560; GARNIER SABONETE LIMPEZA FACIA;3;41,0000
32800; GARNIER SKIN ACT WASH ACNE 150;1;45,0000
31916; GARROTE VERDE;3;19,0000
34717; GASTROBEM SUSP 240ML;1;26,0000
36476; GASTROGEL TABS MENTA MAST 20CP;1;17,0000
3829; GASTROL ENV.C/10 PASTILHAS;15;12,0000
28386; GAZE TIPO QUEIJO 9FIOS 91X91;6;39,0000
14839; GAZIA 40MG C/ 28 COMP;3;57,3400
35585; GB BODY SPLASH TURQUOISE 260ML;2;30,0000
34166; GB DES ROL 50ML FEM YES HAPPY;3;9,5000
32708; GB SAB BAR VEGETAL 90G CANDY;4;4,5000
30868; GEL 17 ERVAS;12;8,0000
25256; GEL 27 ERVAS BELL CORPUS 240G;1;9,0000
32286; GEL 30 ERVAS APINIL 250G;5;16,5000
31067; GEL BLUE ICE  240G APINIL;31;11,0000
22295; GEL BOZZANO AZUL;3;14,0000
35924; GEL CERA HIDRATANTE INFINITY 3;5;12,5000
36155; GEL COLA FIXED FRASNAGA AZUL 2;3;11,0000
36156; GEL COLA FIXED FRASNAGA INCOLO;2;11,0000
34481; GEL COLA INFINITY 1,1 KG VERDE;6;26,0000
32881; GEL CREME LOREAL NOITE 49G;3;67,0000
26524; GEL DE ARNICA;5;16,0000
28180; GEL DE LIMPEZA FACIAL GARNIER ;2;32,0000
34695; GEL DE LIMPEZA PRINCIPIA GL02;2;59,0000
17681; GEL DENTAL CLOSEUP LIQUIFRESH;7;7,5000
10393; GEL DENTAL HOTWHEELS TUTTIF 50;9;7,0000
32120; GEL DENTAL MAXX COOL 90G;4;4,0000
32287; GEL DO ATLETA SPORT CARE 200G;8;8,5000
30452; GEL ESFOLIANTE ENZIMATICO 100G;4;11,5000
29978; GEL ESFOLIANTE VITAMINA C 100G;3;11,5000
30872; GEL ESMAGADOR 22 ERVAS 250G;3;6,5000
31198; GEL ESMAGADOR 250G;21;8,5000
4111; GEL FIX  MURIEL INCOLOR C/250G;2;11,5000
28243; GEL FIX BOZ CONDICIONANTE 300G;3;14,0000
23555; GEL FIX ESTILOS BOZZ DIA 230G;5;14,0000
34484; GEL FIXADOR INFINITY KIDS AZUL;2;8,0000
34485; GEL FIXADOR INFINITY KIDS ROXO;2;8,0000
34486; GEL FIXADOR INFINITY KIDS VERD;1;8,0000
35377; GEL HIDRATANTE 50G PRINCIPIA;1;59,0000
24956; GEL HIG GIOVANNA BABY BLUE ;1;7,0000
23536; GEL HIG GIOVANNA BABY BLUE 500;4;24,0000
24957; GEL HIGIE BABY CLASSIC;2;7,0000
31596; GEL LUB K-MED 50G - HOT;1;20,0000
30869; GEL MASSAG.EX. FORT C/ANDIROBA;3;8,0000
37110; GEL MASSAGEADOR BABOSA MIL 200;3;45,0000
8188; GEL MASSAGEADOR DOUTORZI 200G;10;9,5000
32285; GEL MASSAGRADOR ARNICA 200G;1;8,0000
31685; GEL MOD LOLA PL GUAV BUT 480G;1;45,0000
12189; GEL MURIEL VITA POTE 250G AZUL;4;11,5000
32005; GEL P/ ULTRASOM 5 KG   CARBOGE;1;65,0000
19499; GEL P/MASSAGEM BELL 150G NATGE;18;13,0000
33892; GEL POS DEPIL BELLA 250G MELAO;2;30,0000
31609; GEL UREADIN PODOS OIL 80 25G;2;84,0000
12492; GEL VITA CAPILI AZUL C/ 180G;2;14,0000
33095; GELAT INF SL TO DE CACH HIDR M;2;31,0000
17054; GELATI NAO SAI MINHA CABECA!#T;3;31,0000
16916; GELATINA CAPILAR 550G SALON;1;31,0000
36278; GELATINA DABELLE 270ML CACHOS;1;11,0000
36591; GELATINA DABELLE 500G JUJUBA L;3;19,0000
36593; GELATINA DABELLE 500G JUJUBA M;1;19,0000
35257; GELATINA INOAR 500G MEU CACHO;1;27,0000
37297; GELATINA MAX CAPI FIO RESTORE;3;30,0000
37298; GELATINA MAX CAPI MELANCIA  FI;3;26,0000
37301; GELATINA MAX CAPI SUPER DEFINI;2;30,0000
37280; GELATINA MAX KIDS FIO RESTORE;2;30,0000
33096; GELATINA S LINE 0550G TODECACH;2;31,0000
33854; GELATINA S.LINE 550G #TODEC KI;2;31,0000
35439; GELATINA S.LINE TODCACHO DEFIN;1;31,0000
35713; GELATINA S.LINE TODECACHO 550G;1;31,0000
33530; GELATINA SALON 1KG SUP VOLUME;2;42,0000
33548; GELATINA SL 550G TO D CACH KID;5;31,0000
34443; GELATINA SL KIDS #TDC SUP VOL;2;31,0000
31832; GELKMED CHUPE FRUTTI 50G;1;23,0000
34067; GELLUS DES COL EURO ROS 100ML;2;54,0000
18334; GELMAX DIM SUSP 240ML ;3;38,5100
36768; GELMAX EFV ABACAXI C/ 1 ENVELO;88;2,1300
536; GELOL POM 20GR;1;30,5200
537; GELOL SPRAY 44GR;1;52,9900
36899; GELOMAX MASSAGEADOR SPRAY 120M;4;30,0000
34772; GENGI BABY GEL BUCAL 10G;1;77,0000
30202; GEROVITAL C/30;4;60,0000
21599; GESICO 50MG C/10 CAPS A2;2;56,1800
25805; GESICO DUO 37,5X325MG C/10 COM;2;40,8500
22477; GESICO RETARD 100MG C/10 COMP;1;108,7700
12609; GESTINOL CAIXA C/3X28 COMP;2;176,8600
23961; GILLETTE AP FUSION 5 GILLETTE;1;54,5000
33199; GILLETTE CARBONO C/2;1;18,5000
25782; GILLETTE SENSITIVE C/1 UNIDADE;2;3,5000
22592; GINESSE 63CP;1;92,5900
34938; GINKGO BIL.120 C/30-GINKGO VID;3;39,9900
16287; GINKOCAPS(GINKGO BILOBA)80 MG ;3;28,0000
35349; GINO BIOTTA C 15 CAPS;1;100,0000
33727; GINO CANESTEN 1CAPS VAG+APLIC;1;112,7400
27969; GINO DERMAZINE CREME 30G 6 APL;1;53,2200
31701; GINO KOLLAGENASE 30G 6 AP VAG;1;82,8000
13091; GINO-CANESTEN 1% 35G C/6APLI;2;95,5800
21807; GINO-CANESTEN CREME 20G 3APLIC;1;102,4900
31573; GIOVANNA BABY  DESOD RO BERRY;4;7,0000
17647; GIOVANNA BABY GEL HIGIENIZANTE;4;24,0000
31469; GIOVANNA BABY ROSE BODY SPLASH;2;30,0000
23643; GLAMIGAN 0,03% OFT 3ML;1;141,8100
32318; GLAMIGAN RC 3ML;1;110,8400
25916; GLARGILIN INSULINA CANETA;3;91,1600
5363; GLAUCOTRAT 5ML;6;17,8400
36900; GLEMIVIT FOS 30 CAPSULAS;2;60,0000
25562; GLEMIVIT LIQ 480ML;4;40,0000
30357; GLIBENCLAMIDA 5MG C/30 G MEDQU;197;2,3900
3996; GLICERINA GRANADO BEBE SAB 90G;8;7,5000
29860; GLICLAZIDA 30 MG COM LIB PROL;8;15,4500
26582; GLICLAZIDA 30MG 60 CPR PHARLAB;1;39,2300
24835; GLICLAZIDA 60 MG C/ 60 CP LIB;1;81,2300
37186; GLICLAZIDA 60MG 30 CPR GEN NEO;3;46,5900
25990; GLICLAZIDA PHARLAB 60MG 30COPM;1;49,8500
556; GLICOSE 50% 10ML C/1 AMP;3;2,0000
577; GLIFAGE 850MG C/30 COMP;1;42,7000
9695; GLIFAGE XR 1G C/30 COMP;2;60,1500
9351; GLIFAGE XR 500MG C/30 COMP;34;12,5000
5129; GLIFAGE XR 750MG C/30 COMP;3;43,2400
22001; GLIFAGE XR 850MG 30CPS;2;44,4400
24865; GLIMEPIRIDA 2MG 30CP GEOLAB;4;12,0000
10202; GLIMEPIRIDA 4MG C/ 30 COMP;6;16,6400
13170; GLIMEPIRIDA 4MG C/ 30 COMP GER;1;17,8900
4646; GLIMEPIRIDA 4MG C/30COMP EURO;13;18,5900
13833; GLINEON POLIVITAMINICO 500ML A;3;65,0000
36105; GLOSS LABIAL RADIANT KISS;8;11,0000
37675; GLUCERNA BAUNILHA 850G;1;250,0000
35396; GLUCERNA SR BAUNILHA 400G;2;146,0000
23757; GLUCOZINC SUSP 120ML;3;30,0000
24123; GLYXAMBI 10+5 C/30 CPR REV;1;380,9700
24316; GLYXAMBI 25+5 C/30 CPR REV;1;518,8100
20937; GOICOCHEA CENT ASIAT ANTICELUL;2;44,0000
19963; GOICOECHEA ARNICA 400G;1;44,0000
34285; GOJI BERRY 60CPR;3;33,0000
34798; GOJI BERRY DESIDRATADA 100G;1;42,0000
34140; GOMA TEXTURIZADORA SE CURVE 50;2;70,0000
37653; GOTAS STOP ALCOOL 30ML;15;80,0000
36006; GRAMPO P/CABELO N 7 PRETO CX/1;1;13,5000
36215; GRAMPO REF 341 LOIRO NR 5;2;5,4900
4526; GRAV-TEST EASY;11;7,0000
21646; GRIPALCE 10 COMP  ENVELOPE;31;6,5000
25981; GROW FERRO 100MG/ML 30ML ;2;108,0000
36128; GUARUFILME FILME DE PVC ALIMEN;5;1,0000
36129; GUARUFILME FILME EMB. ALM REFI;10;1,0000
20031; GUTTALAX 7,5 MG ML 30 ML;3;48,4000
4931; GYNAZOLE-1 CREME C/5 APLIC;2;119,7400
1817; GYNOMAX CREME 35G;1;107,2800
4763; GYNOPAC CR 35GR 7APLIC+4CPR;1;140,0800
27956; H.SPRAY CHARMING 150 BLACK;3;31,0000
6142; HAIR CHARMING BLACK EX FORTE 4;2;47,0000
2033; HAIR CHARMING SPRAY 400ML FORT;4;45,0000
2034; HAIR KARINA 400ML;2;34,5000
2035; HAIR KARINA SPRAY 250ML;4;30,0000
33514; HAIR SKIN FEMME C/90CAPS;3;55,0000
28908; HAIR SPR CARE LISS FORTE 150ML;1;21,0000
21787; HAIR SPRAY CHARMING 300ML GLOS;1;37,0000
37644; HAIRSKIN SUPREME DPANTENOL 60;1;47,0000
566; HALDOL 5MG C/20 CPS;1;18,4800
565; HALDOL GTS 30ML;6;21,5100
28227; HASKELL  MASC ENCORPA CAB 300G;2;52,0000
30778; HASKELL COND HIDRA CAVALO 300M;3;52,0000
34141; HASKELL MASC SE CURVE 500G;3;63,0000
29617; HASKELL MASC TUTANO 300GR;3;49,0000
22665; HASKELL TONALIZ 100 PRETO AZUL;2;33,0000
22666; HASKELL TONALIZ 200 PRETO;13;33,0000
22667; HASKELL TONALIZ 300 CAST ESCUR;7;33,0000
22668; HASKELL TONALIZ 400 CASTAN MED;10;33,0000
22669; HASKELL TONALIZ 466 CAST MED V;1;33,0000
22670; HASKELL TONALIZ 500 CAST CLARO;8;33,0000
24685; HASKELL TONALIZ 530 CAST CL DO;3;33,0000
22672; HASKELL TONALIZ 5562 CAST CL V;2;33,0000
24686; HASKELL TONALIZ 570 CAST CL MA;6;33,0000
22673; HASKELL TONALIZ 600 LOU ESCURO;8;33,0000
22674; HASKELL TONALIZ 610 LOU ESC AC;1;33,0000
26119; HASKELL TONALIZ 630 LOU ESC DO;3;33,0000
22675; HASKELL TONALIZ 670 LOU ESC MA;7;33,0000
22680; HASKELL TONALIZ 700 LOUR MED;2;33,0000
22838; HASKELL TONALIZ 770 LOU ME MAR;2;33,0000
22660; HASKELL TONALIZ 810 LOU CL ACI;3;33,0000
22681; HASKELL TONALIZ 8200 LOU CLARO;9;33,0000
31724; HAST FLEX POLYFARMA BABY 50UN;1;6,0000
26648; HASTES FLEX BABY RICCA 60UN;4;10,5000
37437; HASTES FLEX PIQUITUCHO C/138UN;4;5,4900
37438; HASTES FLEX PIQUITUCHO C/68UN(;3;2,5000
36926; HASTES FLEX POLYFARMA 150UN;1;4,5000
31004; HASTES FLEX POLYFARMA 75 UN;8;2,5000
19009; HASTES FLEX TOPZ 150UN;10;6,5000
32335; HASTES FLEXIVEIS P. CANINA;1;3,0000
31238; HASTES FLEXIVEIS POLYFA PT 150;2;9,0000
12548; HASTES FLEXIVEIS TOPZ C/ 75 UN;10;3,5000
34611; HB 1091 KIT DE SOMBRAS RUBY RO;3;20,0000
33843; HB 511 DELINEADOR LIQUIDO PRET;16;10,0100
33839; HB 547-3 AQUA TINT RUBY ROSE;1;11,0000
32600; HB 7300 LIP OIL HYDRA OIL OBSI;6;13,0000
34608; HB 8080-2 CORRETIVO FLAWLESS B;1;13,5000
34154; HB E2503 GEL PARA SOBRANCELHA;53;9,5000
32992; HB F1602 ILUMINADOR COMPACTO D;11;11,5000
32987; HB F528-2 PALETA TRIO DE SOMBR;10;12,0000
36812; HB F572 SOMBRA DE SOBRANCELHA;1;10,0000
32991; HB F7200 GLOSS LABIAL DREAMY L;5;8,5000
32416; HB F861 BLUSH COMPACTO RUBY RO;3;18,0000
36813; HB GE9 PINCEL PARA APLICACAO D;1;16,0100
37669; HB GF10 PINCEL PARA APLICACAO;2;20,0000
37224; HB GF14 PINCEL PARA APLICACAO;2;14,0000
37225; HB GF7 PINCEL PARA APLICACAO D;2;21,5000
37226; HB GF8 PINCEL PARA APLICACAO D;4;21,5000
35455; HB L6509 LIP OIL FLOWING NATAL;1;16,0100
35617; HB M08 BLUSH COMPACTO PLAY BAC;16;12,0000
33846; HB M301-G1 BASE LIQUIDA RUBY R;11;18,0000
34155; HB M301-G2 BASE LIQUIDA SOFT B;9;18,0000
33847; HB M401-G1 PO COMPACTO PURE PO;1;11,0000
37671; HB M608-G2 CORRETIVO LIQUIDO R;36;15,0000
35615; HB T1400-G2 PO COMPACTO SOFT F;5;14,0000
35618; HB105645- BRILHO LABIAL C BOLI;2;12,0000
37228; HDCTPO001 CONTORNO COMPACTO HU;26;15,0000
37670; HDILCP001 ILUMINADOR COMPACTO;24;15,0000
36822; HDLPGL003 LIP GLOSS HUDAMOJI-;2;13,0000
32797; HEAD SHOU SH LIMPEZA EFICAZ 20;1;21,0000
30070; HEDERA XPE 150ML CATARINENSE;4;18,0100
9634; HEIMER 10MG C/60COMP;2;98,5100
28705; HELIODERM CORPO FPS70 120ML;6;47,0000
28704; HELIODERM CORPO FPS70 200ML;5;58,0000
32569; HELIODERM EFEITO DOURADO FPS30;1;44,0000
28870; HELIODERM FAC F70 BEGE MEDIO;3;46,0000
37615; HELIODERM FACIAL FPS 99 50G SE;3;55,0000
28706; HELIODERM FACIAL FPS70 SEM COR;4;42,0000
36493; HELIODERM KIT ECON 200ML+50G F;3;83,0000
28701; HELIODERM PROT. FPS 30 120GR;2;30,0000
28411; HELIODERM PROTETOR LABIAL FPS3;1;18,0000
35501; HELIODERM SPRAY FPS 70 200ML;1;62,0000
28700; HELIODERM SUN CARE FPS 30 200M;1;36,0000
28409; HELIODERM SUNCARE FPS 50;3;37,0000
37613; HELIODERM SUNCARE FPS 99 200ML;3;85,0100
28408; HELIODERM SUNCARE FPS50 200G;1;46,0000
28868; HELIODERM SUNCARE FPS50 SPRAY;1;59,0000
37614; HELIODERM SUNCARE KIDS FPS 99;3;75,0000
8618; HELLEVA 80MG C/4 COMP;1;137,3000
27076; HEMIF ZOLPIDEN 10MG C/30 COMP;2;12,0000
18905; HEMIFUM QUETIAPINA 25MG(C1) C/;24;23,2800
20199; HEMIFUMA QUETIA 50MG 30CP C1;3;172,5600
35870; HEMIT RIVASTIG 3MG 30CP (C1) R;2;171,1200
30823; HEMODASE POM 25G C/6 APL;1;30,1200
24850; HEMOFISS POMADA 30G;2;28,5000
13828; HEMOFISS POMADA C/30G;2;23,0000
31063; HEMOVIRTUS PRO POM 30G 10APL;2;36,2400
19926; HENE GEL RENA 180G PRETO AZULA;5;16,0000
34861; HENE PELUCIA MEDIO 180G;2;13,0000
1844; HENE RENA GEL JABORANDI;7;16,0000
24457; HENNA NIRAJ 10ML CAST CLARO;5;12,0000
24455; HENNA NIRAJ 10ML CAST MED;4;12,0000
26826; HENNA NIRAJ 10ML PRETO;1;12,0000
19386; HENNA NIRAJ CASTAHO MEDIO ;4;25,0000
19384; HENNA NIRAJ CASTANHO CLARO ;2;25,0000
19385; HENNA NIRAJ CASTANHO ESCUR;2;25,0000
27429; HENNA NIRAJ MARROM;2;12,0000
20975; HENNA NIRAJ PRETO PROFISSIONAL;1;25,0000
21248; HENNA NOVA ESTETICA PRETO ;3;44,0000
27409; HEPATOVIT FLACONETE 10ML;49;1,5000
33974; HERBISSIMO CARE CREME DESODORA;2;11,5000
18026; HES SH 200ML REMOCAO OLEOSID;2;21,0000
573; HEXOMEDINE COLUT 50ML;3;75,1800
37427; HID CHARMING 200G LOC AMEIXA P;3;13,0000
37428; HID CHARMING 200G LOC CASTANHA;3;13,0000
37042; HID FAC GARNIER 085G HIALURONI;6;35,0000
35064; HID HIDRAMAIS 500ML AMEIXA DOU;2;16,0000
30372; HID LABIAL CARMED FINI DENT;4;14,9900
20109; HID MONANGE 200ML FRUTAS VERM;8;13,5000
19751; HID MONANGE 200ML IORGUTE/HORT;3;13,5000
36723; HID MONANGE 400ML AVEIA *;3;15,0000
29258; HID MONANGE FRUTA VERMEL 400ML;2;15,0000
29669; HID MONANGE LAV 400ML;2;15,0000
36634; HID NIVEA 400ML CUIDAREPARA *;1;49,0000
31239; HID SL AMEIXA NEGRA 500ML;4;18,0000
35829; HID. LABIAL TOP BEAUTY SM 35G;1;8,0000
35830; HID. LABIAL TOP BEAUTY SM 35G;1;8,0000
35831; HID. LABIAL TOP BEAUTY SM 35G;1;8,0000
35832; HID. LABIAL TOP BEAUTY SM 35G;1;8,0000
29700; HIDANTAL 100MG 25CPR C1;6;17,6600
31011; HIDR HIDRAMAIS 500ML FLOR LARA;1;16,5000
24005; HIDR SUAVE TRAD GRANADO 120ML;3;28,0000
31064; HIDR.ARGAN E SEBO DE CARNEIRO;4;6,5000
35003; HIDRA BALM VULT 12ML-CEREJA;1;26,0000
27599; HIDRA KIDS DA LOCAO INF FR 200;1;158,0000
15694; HIDRAFEMME GEL 24G+8APL DE;2;100,3100
25363; HIDRALI 45 NATURAL 500ML AIREL;4;15,0000
32179; HIDRALI PO SOL FRAMBOESA 4ENV;2;17,0000
32576; HIDRALI SAIS 45 C/4 ENV;1;20,0000
33447; HIDRALI UN C/4;2;17,0700
13590; HIDRALYTE 45 C/ 500ML COCO;3;17,0000
12239; HIDRALYTE 45 GUARANA 500ML;1;15,0000
584; HIDRALYTE 45 TUTTI-FRUTTI500ML;3;15,0000
31173; HIDRAMAIS 500 ML SAB LIQ LAVAN;4;18,0000
11258; HIDRAPLEX PO AGUA DE COCO;12;6,0000
11959; HIDRAPLEX PO GUARANA;10;6,0000
11150; HIDRAPLEX PO LARANJA ;9;6,0000
11148; HIDRAPLEX PO TRADICIONAL;15;5,0000
11259; HIDRAPLEX PO TUTTI-FRUTTI;10;6,0000
11149; HIDRAPLEX PO UVA;9;6,0000
33991; HIDRAT FACIAL GARNIER;3;35,0000
24318; HIDRAT FPS30 FACIAL UNIF MATTE;1;57,0000
37308; HIDRATACAO FIO RESTORE TERMIC;3;38,0000
37281; HIDRATACAO MAX  FIO RESTORE CA;2;39,0000
37314; HIDRATACAO PROFUNDA VIGORI  FI;3;38,0000
31250; HIDRATANTE  MARACUJA LABOTRAT;1;21,0000
20513; HIDROCLOROTIAZIDA 25 MG C/30;500;1,8000
19812; HIDROCLOROTIAZIDA 25MG C/30;175;1,8000
11562; HIDROCLOROTIAZIDA 25MGC/30COMP;108;1,8000
10262; HIDROCLOTIAZIDA 25MG C/30COMP ;29;1,8000
11319; HIDROCLOTIAZIDA 50MG 20COMP;3;4,0000
15768; HIDROCORTISONA 10MG/G CRM 30G;1;20,0000
22940; HIDROGEL 60G;3;50,0000
404; HIDROQUINONA GEL 40MG 30G EMS;2;62,7800
25395; HIDRORAL PO GUARANA 4 SACHE;1;12,0000
2836; HIDROXIDO DE ALUMINIO SUSP 240;4;32,0000
6814; HIDROXIZINA 10MG/5ML C/120ML;1;16,0000
2590; HIDROXIZINA 25MG 30CPR LEGRAND;1;45,1100
2516; HIDROXIZINA 25MG C/ 30 COMP;1;39,9200
12317; HIDROXIZINA XPE 120ML LEGR;1;20,0000
36460; HIGI CALM SAB INT 100ML;1;46,0000
3273; HIGICLER 10ML;2;22,7000
20108; HIH MONANGE 200ML FLOR LAVANDA;3;13,5000
32269; HILUROPT 1,5MG/ML COL 10ML;1;53,7200
32370; HIPOGLOS POMADA 120G;2;74,0000
17830; HIRUDOID POM 500MG 40G ;3;49,6100
27489; HISBILA 20MG 15COMP;2;36,4100
27559; HISBILA 20MG 30 COMP;1;72,7900
1294; HISTAMIN C/20 CPS;37;8,7100
12676; HISTAMIN CREME C/ 30G;5;17,8900
1245; HISTAMIN SUSP 100ML;26;19,0000
3722; HIXIZINE C/30 CPS;3;67,1900
1897; HIXIZINE XPE 120ML;1;69,4300
2043; HIZOFITO C/30 CAPS;1;119,4300
25379; HOLMES 20MG 30CPR EURO;4;54,9700
25380; HOLMES 40MG 30CPR EURO;2;57,8000
13648; HOLMES H 20+12,5MG C/ 30 COMP;2;84,9200
14148; HOLMES H 40+12,5MG C/30COMP;1;96,6800
13973; HOLMES H C/ 30 COMP 40/25MG;2;96,6800
25031; HOMINUS 2+5MG C/60 CAPS GEL;2;221,4000
37183; HORA H 1,5MG 1 CPR (LEVONORGES;4;8,0000
20712; HORMUS 250MG/ML INJ 4NL C5;1;587,8000
593; HUMECTOL D C/20 DRAG;1;20,4700
10602; HYABAK 0,15% C/ 10ML;1;89,0000
23509; HYLO GEL 0,2% COL 10ML;1;128,1800
9581; HYTOS PLUS 100ML;14;30,8000
28958; IBANUNO 150MG 1CPR;1;64,1200
36893; IBUFRAN (IBUPROFENO) 400MG 8CA;3;12,0000
36296; IBUPRIL  600MG 10CAPS;20;14,0000
18968; IBUPRIL (IBUPROFENO) 400MG 10C;1;9,0000
30755; IBUPRIL 400MG 8CAPS GELATINOSA;10;10,0100
23672; IBUPROFENO 100 MG/ML SUSP ORAL;10;10,0000
26058; IBUPROFENO 100MG/ML C/20ML;2;10,0000
14821; ICADEM CR DERMAT C/20G;1;55,7000
23769; ICE FRESH ANTISSEPTICO 500ML O;1;13,0000
35470; IM CREATINA CARBO FUEL LARANJA;1;66,0100
36031; IM CRISP BAR OVOMALTINE 1 UND;15;9,0000
36540; IMECALCIO 1.250 60CPR NUTIVIT;3;30,0000
18065; IMECAP HAIR C/ 2 BLT X 15 CAP;2;35,0000
5924; IMEDIA CAST CLAR DOURADO N.5.3;2;32,0000
2141; IMEDIA CAST CLARO ACINZ N.5.1;4;32,0000
1474; IMEDIA CAST CLARO N.5;2;32,0000
1472; IMEDIA CAST ESCURO N.3;2;32,0000
1473; IMEDIA CAST NATURAL N.4;6;32,0000
2455; IMEDIA LOURO ACINZENTADO N.7.1;4;32,0000
5923; IMEDIA LOURO CLARO N.8;4;32,0000
1480; IMEDIA LOURO ESC ACINZ N.6.1;10;32,0000
1475; IMEDIA LOURO ESCURO N.6;3;32,0000
5866; IMEDIA LOURO MUITO CLARO N.9;3;32,0000
2356; IMEDIA LOURO NATURAL N.7;7;32,0000
2456; IMEDIA LOURO SUECO N.8.1;6;32,0000
8323; IMEDIA PRETO CLASSICO 2;2;32,0000
1471; IMEDIA PRETO N.1;6;32,0000
355; IMEDIA VERM PROF N.4466;4;32,0000
31485; IMOBILIZADOR DE JOELHO BEGE 70;1;200,0000
22351; IMOSEC 12CP;5;12,6800
19940; IMUNOGLUCAN DS 150ML ;1;93,6000
34666; IMUNOGLUCAN PRO ORAL 150ML-DEM;1;138,0000
21775; INALADOR COMP INALAPOP NEC704 ;3;198,0000
28152; INALADOR E NEBULIZADOR DE REDE;1;208,0000
18700; INDAPAMIDA 1,5MG 30CPR;1;17,0000
5203; INDAPEN SR 1.5MG C/30 COMP;1;43,5000
25820; INDOSSO 150 MG C/1 CPR;2;84,1600
34774; INFOC 25MG/ML 60ML;1;91,4300
37673; INFOC 75MG C 30 COMP (C1);1;51,4600
14692; INFRALAX C/ 15 COMP EMS;4;9,0000
7357; INFRALAX C/30 COMP;13;17,0000
17697; INFRALAX ENV C/ 10 COMP;44;4,0000
26448; INILOK 40MG 90 CPR LIB RET;1;166,8100
23306; INILOK 40MG C 60 COMP LIB;1;141,4700
22941; INS HUM NOVOLIN R 100UIX10ML S;2;69,0500
28551; INSIT 100MG C/30COMP;1;175,4600
31119; INSIT 25 MG CAP DURA CT BL AL;1;37,5300
24104; INSIT OR 150MG 30CAP;1;186,5700
21925; INSIT OR 50MG 30CAP;2;93,6600
22346; INSIT OR 75MG 30CAP;1;84,3000
33484; INTRA GEL 50GR;3;15,0000
27100; INZELM / 10MG CX 30 COMP REV;1;239,9600
26578; INZELM / 20MG CX 30 COMP REV;1;276,5000
36692; IOD.POT+GUAIF+BENZ+OXOM 120ML;14;39,5600
20168; IODOPOVIDONA 10% 100ML;10;13,7000
9645; IPRATROPIO SOL C/20ML NEO QUIM;1;8,1000
25915; IRBESARTANA + HIDRO 300/12,5;2;135,0000
17619; IRRITRATIL 200MG 30CAP;1;95,6300
617; IRUXOL POM 15GR;1;59,1900
15641; ISDIN ACTIVE UNIFY COLOR;1;140,0000
21549; ISDIN ACTIVE UNIFY S/COR 50ML;3;126,0000
36663; ISDIN FOTO GEL CREAM PEDIATR;1;140,0000
33328; ISDIN FOTOPROTETOR EXTREM 90 5;2;116,0000
624; ISORDIL SUBL 5MG C/30 CPS;2;15,4400
24471; ISOSSORBIDA MONON 40MG 30CP G#;2;25,0000
21594; ITRACONAZOL 100MG 15 CP (G);2;39,6900
13993; IUMI CAIXA C/ 72 COMP ;1;198,6700
25620; IVERMECTINA 6 MG C/4 CPR GMD;2;12,0000
34192; IVERMECTINA 6 MG COM CT BL AL;1;10,0100
15490; IVERMECTINA 6MG 4CP;3;13,5000
27750; IVERMECTINA G 6MG C/4 NEOQ;7;12,0000
6337; IXIUM 50MG/G C/12 SACHES;3;369,5000
24581; IZIZ 2,5MG+1,5MG C/28 COMP;1;61,1000
26891; IZIZ C/84 COMPR;1;150,6700
9995; JANUMET 50/1000 C/56 COMP;3;355,4600
10148; JANUMET 50/850MG C/ 56 COMPR;4;355,4600
10409; JANUVIA 100MG C/ 28 COMP;2;369,8400
10435; JANUVIA 50MG C/ 28 COMP;1;184,9100
16154; JARDIANCE 10MG 30CP;2;342,1300
16317; JARDIANCE 25 C/ 30 COMP;2;333,0200
35589; JOAO E MARIA BICO SILI ORTO FL;2;14,0000
35590; JOAO E MARIA BICO SILI ORTO FL;1;14,0000
35595; JOAO E MARIA BICO SILI ORTO FL;1;14,0000
35588; JOAO E MARIA CHUPETA ORTO AMAR;8;15,0000
35596; JOAO E MARIA CHUPETA ORTO SILI;9;22,0000
35597; JOAO E MARIA CHUPETA ORTO SILI;14;22,0000
35277; JOAO E MARIA COL BABY FR 200ML;3;29,0000
36713; JOAO E MARIA COLONIA FR 200ML;1;33,9900
35592; JOAO E MARIA MAMAD AMARE BICO;2;23,0000
35593; JOAO E MARIA MAMAD AMARE BICO;1;25,0000
36712; JOAO E MARIA SABONETE FR 200ML;1;20,0000
33386; JOELHEIRA AJUSTAVEL NEO LIGHT;3;70,0000
15201; JOELHEIRA ESPOR C/ORIF REFOR P;5;69,0000
10222; JOELHEIRA ESPORTE MERCUR G;2;60,0000
20343; JOELHEIRA LONG REF/ORIG G JN05;1;50,0000
8070; JOELHEIRA TAM M MERCUR;5;69,0000
33704; JUNNO 100 MG C/ 30 CAP;2;88,1500
25036; JUNNO 200 MG C/ 14 CAP;1;79,6500
28597; K MED ICE 200G LUBRIFICANTE;1;39,0000
16432; K-MED 100 G;9;22,0000
31829; K-MED 2 EM 1 GEL FR 50 G;1;20,0000
2182; K-MED 2EM1 200ML;2;39,0000
1046; K-MED GEL 25GR;4;9,5000
635; K-MED GEL 50GR;9;13,0000
9289; K-MED HOT LUBRIFICANTE 200ML;1;39,0000
31080; K-MED ICE FR 50G;2;20,0000
35160; K-Y GEL LUBRI ULTRA SILICONE 5;2;45,0000
21717; KALIST 2MG C 28;1;70,0600
5407; KALOBA SOL 825MG 20ML;1;112,6200
27605; KALONAT 10ML NATULAB;6;20,1600
31663; KAODINE 1% 60ML PERMETRINA;7;15,0000
1528; KAOSEC ENV C/4 COMP;103;1,0000
37081; KATRIZAN POMADA 10G (NEOMICINA;4;14,0000
13292; KAYOAH CR P/ PELES ASPERAS 30G;9;40,0000
35949; KELAC 10MG C 10 COMP SUBL;2;39,7500
20236; KEPPRA 100MG ML SOL OR 150ML;1;184,0900
29098; KERATEX OLEO DE ALECRIM 60ML;8;10,0000
29097; KERATEX OLEO DE COCO 60ML;3;10,0000
29101; KERATEX OLEO DE ROSA MOSQ.60ML;4;10,0000
32440; KESTAL CINTA LOMBAR HASTES 100;2;203,0000
28089; KESTAL JOELHEIRA LONGA PRETO G;1;45,0000
30283; KESTAL TIPOIA ORT INF M AZUL;1;65,0000
35968; KETALGI 500MG C 14 COMP;1;46,1600
32108; KETTO 10MG 10CP SUBL;1;37,4900
27199; KIT  APAR ON CALL PLUS II;1;65,0000
29846; KIT ACADEMICO EST+TERM+G BORDO;1;217,0000
22263; KIT ALIMENTACAO  4PCS ROSA 713;2;32,0000
20790; KIT BANHO ZOO AZUL 7151 AZ;1;27,5000
20791; KIT BANHO ZOO ROS 7151 RS;2;27,5000
11700; KIT BC 6.7 CHOC SUICO;3;21,0000
12007; KIT BC 7.3 LOURO DOURADO;4;18,0000
12008; KIT BC 9.0 LOURO MUITO CLARO;2;18,0000
13817; KIT BIO SOAK P/ LENTES TEUTO;1;59,0600
21737; KIT CABELOS ROSA KIDS;1;14,5000
35420; KIT CARMED SOS LABIOS HIDRA LA;2;55,0000
35643; KIT COLCHAO PNEUMATICO MONOVOL;2;320,0000
36295; KIT COMPL TIRAS ON CALL II 100;9;154,0000
33786; KIT CR. RELAXANTEC/EFEITO LISO;3;16,0000
35622; KIT CRONOGRAMA CAPILAR CABELOS;1;76,0000
35039; KIT DABELLE CEREJA M;1;22,0000
32799; KIT DABELLE NUTRITIVO SH+COND;4;22,0000
34742; KIT DABELLE SH EXP DE BRILLHO;2;22,0000
33207; KIT DABELLE SH+COND 425 ML. MI;3;22,0000
21245; KIT DERMAFEME FRESH FR 2 X 200;4;22,0000
26519; KIT DERMAFEME TEEN 200ML;5;22,0000
32137; KIT ELSEVE SH+COND GLYC GLOS 2;1;39,0000
34307; KIT ESC+GEL KIDS BB 2-5 ANOS;4;19,5000
34793; KIT ESC+GEL KIDS HW 2-5 ANOS;4;19,5000
37117; KIT ESPECIAL BANHO DE VERNIZ S;3;65,0000
37139; KIT ESPECIAL DESMAIA CABELO SH;1;53,0000
30843; KIT EUDORA SIAGE SHAMPOO + CON;3;71,0000
36112; KIT FACIAL HIDRAMAIS 2X100G DI;2;51,0000
32462; KIT GIOVANNA BABY HIDRAT AER B;1;30,0000
32461; KIT GIOVANNA BABY HIDRAT AER C;1;30,0000
32464; KIT GIOVANNA BABY SPRAY CORP;1;30,0100
32463; KIT HIDRATANTE SPRAY GIOVANNA;1;30,0000
37182; KIT IMECAP HAIR L90P60   FQM;1;68,0000
28962; KIT INALADOR NEBLA MODE C803;1;42,0000
33081; KIT JABORANDI SH 250 + CD 150;1;38,0000
37090; KIT LAVITAN ENERGIA COM EFEV 2;3;55,0000
32942; KIT LAVITAN FAMILHAO AZ ORI+AZ;6;64,0000
22262; KIT LOLLY ALIMENTACAO 7131 4PC;2;32,0000
1803; KIT MAMAD EVOLUCAO DIVERT AZUL;1;42,5000
7320; KIT MAMAD EVOLUCAO DIVERT ROSA;1;42,0000
24312; KIT MAMAD LOLY OCEANO SILIC AZ;2;57,0000
32668; KIT MAMAD SIL ORTO AZUL;1;57,0000
12834; KIT MAMADEIRA LOLLY C/2 UNI;1;37,0000
12835; KIT MAMADEIRA LOLLY ESSENCE 2U;3;37,0000
25554; KIT MANICURE LOLLY INFANTIL RO;2;27,0000
14794; KIT MAXTON 12.11 LOURA PLATINA;3;16,0000
7406; KIT MAXTON ACAJU PURPURA 3,66;1;16,0000
10340; KIT MAXTON CAST NAT 4,0;8;16,0000
2407; KIT MAXTON CASTANHO CLARO 5,0;6;16,0000
9941; KIT MAXTON LOURO CLARO 8,0;2;16,0000
9939; KIT MAXTON LOURO ESCURO 6,0;5;16,0000
9940; KIT MAXTON LOURO MEL 7,3;4;16,0000
10341; KIT MAXTON LOURO NATURAL 7.0;4;16,0000
7404; KIT MAXTON LOURO SUECO 8,1;1;16,0000
9936; KIT MAXTON PRETO 1,0;6;16,0000
2252; KIT MAXTON PRETO 2,0;7;16,0000
9937; KIT MAXTON PRETO AZULADO 1,7;9;16,0000
32566; KIT NEBULIZADOR ADULTO DC1;4;26,0000
30045; KIT NEBULIZADOR G TECH SUPER F;1;26,0000
20436; KIT NOVA ESTETICA PELE LOURO;2;44,0000
36279; KIT OLEO CR DABELLE 190ML ABAC;1;28,0000
13139; KIT ORIGEM SELAGEM TODOS OS TI;3;26,0000
31801; KIT OX SH+COND LONGOS 2UN;3;38,5000
36675; KIT REFEICAO REF 7133/01 AZUL;1;48,0000
36676; KIT REFEICAO REF 7133/01 ROSA;1;36,0000
17626; KIT RICCA 3300PORTA ESC DENT;5;8,0000
35785; KIT SABONETE ANTIACNE 120ML;2;48,0000
34007; KIT SALON KIDS SH+CO MARACUJA;1;31,0000
34008; KIT SALON KIDS SH+CO MELANCIA;3;31,0000
34009; KIT SALON KIDS SH+CO UVA;2;31,0000
32927; KIT SH+CON DABELLE CAHOS;2;22,0000
21159; KIT SH+COND 300ML GT DOURADA;1;32,0000
32929; KIT SH+COND DABELLE RESGATA FI;3;22,0000
36051; KIT SH+COND S.LINE LISO MORANG;1;31,0000
35428; KIT SH+COND S.LINE M.LISO MELA;3;31,0000
36848; KIT SH+COND S.LINE XEROSA GLAM;4;33,0000
36447; KIT SH+CREME S.LINE DEFINICAO;3;31,0000
18033; KIT SH300 +CD300ML EXT COMB QU;1;32,0000
27162; KIT SKALA SH+CD MAIS LISOS;2;17,0000
34844; KIT SL KIDS #TDC MORANGO DESEM;2;31,0000
35270; KIT TONALIZANTE 610 LOURO ESCU;3;31,0000
35925; KIT TONALIZANTE 800 LOURO CLAR;3;31,0000
35926; KIT TONALIZANTE 810 LOURO CLAR;2;31,0000
36831; KITKAT 2FNGR LEITE BAG 10X417,;1;1,0000
30133; KLESTN RTQ INST LUR ESCUR;2;43,0000
5018; KOIDE D XPE 120ML;15;55,0500
17522; KOLESTON 4446 BORGONHA;1;28,0000
27375; KOLESTON CASTANHO CREPUSC 415;12;28,0000
6115; KOLESTON CASTANHO ESCURO N.30;3;28,0000
35664; KOLESTON DELUXE 5.0 CASTANHO C;1;32,5000
1840; KOLESTON LOURO CINZA CLAR N.81;3;28,0000
5913; KOLESTON LOURO CINZA MEDN.71;4;28,0000
4477; KOLESTON PRETO AZULADO N.28;9;28,0000
2553; KOLESTON VERM CEREJA N.6646;3;28,0000
2557; KOLLAGENASE C/CLORANFENICO 30G;2;79,6000
17327; KOLLAGENASE S/CLORAN POM 30G+E;2;78,5500
27527; KONDUZ 35MG CX 28 CAP;1;83,5000
3225; KRONEL GEL GINEC.60GR C/10 APL;1;140,2000
9837; KRONEL SAB LIQ 250ML;2;43,0000
14162; KURAMED SEPT C/30 ML;3;10,0000
21327; LA KESIA ESMALTE 7ML;1;55,1200
23543; LABCAINA GELEIA 30G;3;22,8500
3467; LABIRIN 16MG C/30 CPS;1;27,5000
5740; LABIRIN 24MG C/30 COMP;3;36,3000
3031; LABIRIN 8MGC/30 CPS;1;41,3000
32945; LABIRIN XR 32MG C/30;1;67,8000
32892; LABOTRAT ESFOLIANTE DE MORANGO;1;28,0000
34660; LABPOP MASC FACIAL TRAVA NA MA;2;32,0000
9031; LACASS C/14 COMP;3;86,7800
36823; LACBI IMUNE C 7 CP;1;72,3500
35918; LACBI-5 C 30 CAPSULAS;1;276,0000
17457; LACDAY 30TABLE DISP EMS;1;88,0000
21681; LACDAY 8CPR MAST EMS/;3;34,5600
2925; LACRIBELL COL 15ML;6;26,8700
9811; LACRIFILM COL 5MG/ML C/10ML;11;39,7600
4874; LACRIFILM COLIRIO 15ML;4;49,9200
647; LACRIMA PLUS COLIRIO 15ML;3;46,2100
1446; LACTO PURGA ENV C/6 CPS;67;6,7500
34891; LACTOSIL 4.500FCC 30SAC 2G;1;54,0000
14911; LACTULIFE SOL 120ML S/AMEIXA ;7;38,0000
24000; LACTULIV AMEIXA 120ML ;3;26,0000
23521; LACTULIV SALAD DE FRUT 120ML;3;23,0000
27539; LACTULIV SOLUCAO SEM SABOR 120;2;20,0000
30412; LACTULOSE SEM SABOR 120ML;1;20,0000
29141; LAKOS 100MG C 30 COMP REV C1;1;183,5100
17026; LAMOTRIGINA (C1) 100MG C/30 CO;1;41,2400
811; LAMOTRIGINA 100MG CX C/30CP EU;1;38,4500
15471; LAMOTRIGINA 25MG C/30 COMP;4;21,3300
26188; LAMOTRIGINA 50MG 30CPR;1;25,2100
15789; LAMOTRIGINA 50MG 30CPR C1(G);2;29,5000
23955; LANCETA P/LANCETADOR G-TECH FI;8;15,0000
23517; LANCETAS P/ LANCETADOR 100UNI;5;15,0000
11087; LANSOPRAZOL+CLA+AMOX 28COMP;1;103,2600
12591; LANTUS SOLOSTAR CANETA INSULIN;2;130,8200
13225; LANZOPEPT 30MG C/ 28 CAPS;1;30,0000
36424; LARC 600MG C 14 COMP REV;1;63,4800
653; LASIX 40 MG C/20;3;28,2300
16645; LATANOPROSTA COL 0,05MG/ML 2,5;10;81,2300
16535; LATANOPROSTA+MAL.TIMOLOL COL 2;5;83,1400
23242; LAVANDA FLORA NENEN 500ML ;2;34,0000
28855; LAVANDA HALLEY 200ML;2;14,0000
28854; LAVANDA HALLEY BABY 180ML;3;14,0000
11279; LAVANDA T XUXA 210ML;1;22,0000
34805; LAVANDINHA BABY MUNDO BITA 200;1;22,0000
35677; LAVANDINHA SOL 400ML;1;22,0000
21912; LAVITAN AZ MAIS 90 COMP;3;35,0000
29107; LAVITAN AZ ORIGINAL 30 COMP;1;20,0000
32098; LAVITAN CALCIO + VIT D 1000 UI;2;42,0000
15991; LAVITAN CALCIO 600MG COMP 60;1;35,0000
23420; LAVITAN CALCIO MDK C/30;2;62,0000
25789; LAVITAN CRANBERRY 30 CAPS;1;58,0000
6585; LAVITAN HAIR C/ 30 CAPS;15;25,0000
23678; LAVITAN IMUNIDADE CDZSE COMP ;2;49,0000
24949; LAVITAN KIDS 60CP MAST;2;32,0000
24952; LAVITAN KIDS FR 60CP MAST TUTI;1;32,0000
20529; LAVITAN KIDS SOL OR FR 240ML;1;24,0000
19644; LAVITAN KIDS SOL ORAL 240ML SB;4;24,0000
21165; LAVITAN MAIS HAIR 4 BL X 15 CA;17;40,0000
27609; LAVITAN MELATONINA 30ML;1;34,0000
27608; LAVITAN MELATONINA+MARAC 90CAP;6;40,0000
23611; LAVITAN MEMORIA C/60 CPR;1;30,0000
10018; LAVITAN MULHER C/ 60 DRAGEN;27;38,0000
20530; LAVITAN OMEGA 3 MAIS 90CP;2;60,0000
25533; LAVITAN PRIMULA FEMME 60CPS;2;70,0000
6712; LAVITAN SUPLEMENTOS C/ 60 COMP;6;30,0000
34361; LAVITAN VIT C CP MAS;2;36,0000
34360; LAVITAN VIT C CP MAS FR X 60 M;1;36,0000
34909; LAVITAN ZMA FEMME COMP 2 BL X;1;35,0000
30486; LAXIME 0,15% SOL OFT 10ML;1;63,0900
37133; LAXIME FRESH SOL OFT 0,4% 10;1;76,8800
27779; LC DEO PAIXAO AVELA 200ML-DEMA;2;10,5000
27780; LC DEO PAIXAO FLOR DE BAUNI200;2;10,5000
27781; LC DEO PAIXAO FRAMB NEGR 200ML;2;10,5000
28769; LC HID MONANGE LAVANDA 400ML;3;15,0000
26650; LC HIDR ROSA MOSQ EPILE 200ML;3;28,0000
32962; LEAV IN HIDRA NUTRE [;4;52,0000
10126; LEAVE HASKELL MANDIOCA C/150G;3;52,0000
37311; LEAVE IN FIO RESTORE TERMIC SE;3;41,0000
34444; LEAVE IN FORMAT.CACHOS OX PEPT;1;44,0000
14049; LEAVE IN HASKEL CAV FORTE 150G;1;52,0000
20635; LEAVE IN QUINA ROSA 240GR HASK;1;63,0000
36740; LEAVE IN S.LINE MEU LISO OSTEN;1;23,0000
28225; LEAVE IN TUTANO 150G;3;52,0000
29421; LEAVE SEAGE CICA THERAP 100 ML;1;50,0000
37261; LEAVE-IN / SEM-ENXAGUE ECOACTI;2;45,0000
37052; LEAVE-IN / SEM-ENXAGUE MANDIOC;1;44,0000
37057; LEAVE-IN / SEM-ENXAGUE QUIABO;2;44,0000
37061; LEAVE-IN / SEM-ENXAGUE TUTANO;3;44,0000
37118; LEAVE-IN BANHO DE VERNIZ FOREV;5;30,0000
37123; LEAVE-IN CRESCE CABELO FOREVER;3;29,0000
37287; LEAVE-IN DEFRIZANTE FIO RESTOR;3;40,0000
37137; LEAVE-IN DESMAIA CABELO 5 EM 1;3;30,0000
35848; LEAVE-IN INOAR 250ML RIVO FIOS;1;32,0000
31796; LEC SOFTYS ELITE DESC 10UN;3;2,5000
21239; LEG XPE 0,5MG/ML 60ML ;2;60,7100
20882; LEITE COLONIA 200ML TEMPO AMAR;6;9,0000
33316; LEITE CONTOURE ROSAFRESH;3;32,0000
1565; LEITE DE ROSAS 310ML;3;9,0000
1562; LEITE DE ROSAS 60ML;5;3,0000
2489; LEITE HID PAIXAO PARIS 200ML;2;10,5000
1736; LEITE HID PAIXAO TENTADO 200ML;5;10,5000
658; LEITE MAG 120ML PHILLIPS;2;23,5200
19671; LEITE MAGNESIA PHIL 350ML;2;34,0000
22758; LEITE NINHO PO FASES +1 800G;1;60,0000
29839; LEITE PAIXAO 400ML INSPIRADOR;4;15,0000
30269; LEITE PAIXAO 400ML IRRESISTIVE;3;15,0000
31058; LEMONT 10/5MG 14CP;1;144,8100
31059; LEMONT 10/5MG 7CP;1;68,1900
36595; LENC PAPEL MIMMO 100UN;11;9,0000
17746; LENCO COTTON LINE ROSA 70UN;1;5,5000
400; LENCO DE PAPEL C/15 UNID P/BOL;27;1,9000
37199; LENCO DEP BELLE DEPIL 1211 ROL;2;37,0000
37200; LENCO DEP BELLE DEPIL 1582 ROL;4;74,0000
37257; LENCO DEPILATORIO DELPILFLAX R;1;62,0000
33901; LENCO KLEENEX BOLSO DIA A DIA;21;1,6000
12840; LENCO KLEENEX CLASSIC C/ 60 UN;2;5,0000
37556; LENCO PURO AMOR PREMIUM 100UN;17;15,0000
13497; LENCO UMED BABY POPPY 100UN;18;13,0000
34976; LENCO UMED BABYFREE 100UN;4;8,0000
37206; LENCO UMED BEBE LIMPINHO 140UN;2;8,0000
34507; LENCO UMED COTTON 70UN PT LIL;1;5,5000
25848; LENCO UMED FIESTA AZUL 400UN;2;14,0000
25850; LENCO UMED FIESTA REFIL 400UN;1;10,5000
25849; LENCO UMED FIESTA ROSA 400UN;1;14,0000
33625; LENCO UMED LONEY TUNES 48UN;1;6,0000
37448; LENCO UMED MAXI CONFORT 40UN;15;10,5000
28968; LENCO UMED NENE SONHO BOM 100U;7;12,0000
33788; LENCO UMED PATOTINHA 100UN;11;8,5000
35208; LENCO UMED PIQUITUCHO 140UN;9;11,0000
34977; LENCO UMED PURO AMOR RN 100UN;8;15,0000
36266; LENCO UMED TENA DERMACARE 40UN;10;23,0000
33435; LENCO UMED.LOONEY TUNES 96UN;6;9,5000
31107; LENCO UMED.PIQUITUCHO 120UN;10;15,0000
23275; LENCOS DE PAPEL RICCA C/10 UN;1;2,5000
13212; LETROZOL 2,5MG C/ 30COMP;2;420,1200
24523; LEVADO DE CERVEJA 500MG;2;31,0000
23215; LEVEDURA DE CERVEJA 500MG 280C;1;23,5000
7688; LEVEL CAIXA C/63;1;97,1000
33837; LEVETIRACETAM 250 MG C/30;2;40,2300
31533; LEVETIRACETAM 250MG C/30 CP;6;44,0000
33758; LEVETIRACETAM 500MG 30CPR;1;99,4900
32643; LEVETIRACETAM 500MG CX 30 COMP;3;82,3900
5616; LEVOCETIRIZINA 5MG C/10 COMP G;4;40,0000
23400; LEVOCETIRIZINA 5MG G/NEO 10CPM;1;24,5400
17739; LEVOFLOXACINO 500MG C/7 CPRS;5;23,0000
20742; LEVOFLOXACINO 750MG C/5 CPRS;2;42,3000
21249; LEVOFLOXACINO 750MG C/7 CPRS;6;52,4100
1066; LEVOID 100MCG C/30 COMP;2;18,8700
11789; LEVOID 112MCG C/ 30 COMP;2;35,9900
2640; LEVOID 125MCG C/30 COMP;1;28,7900
3833; LEVOID 150MG C/30 COMP;1;30,8100
5362; LEVOID 25MG C/30 COMP;2;19,5500
3817; LEVOID 38MCG C/30 COMP;2;12,8200
5492; LEVOID 50MCG C/30 COMP;2;21,9000
2783; LEVOID 75MG C/30 COMP;3;22,5500
37370; LEVOTIROXINA 88MG BL C 30CP ME;2;18,2100
1811; LEXOTAN 3MG C/30 COMP;3;57,9600
27795; LIBIAM 1,25MG C/84 CPR;1;178,2500
10766; LIBIAM 2,5MG C/ 28 COMP;1;104,4700
37577; LIDEXTRIN 400MG 10CPR (BIOLAB);2;39,5600
21274; LIDIAL POM 50MG/G 5% 25G ;1;15,0000
11321; LIDOCAINA POMADA 50MG LARAN 25;4;19,9600
29653; LIDOCAINA POMADA 50MG/G, CAIXA;3;14,1200
17370; LIDOSPORIN SOL OTO FR 10ML;1;17,5300
22407; LIGHT COLOR 1.110 SAFIRA;2;21,0000
31017; LILLO 628221 MMD AZUL;1;27,5000
25366; LIMIAR 150MG CX 30CPS C1;1;112,8200
25861; LIMIAR75MG CX 30CPS C1;2;73,4700
25376; LIMP LENT SOLUCAO 470ML;2;59,0000
16406; LIMPADO DE LINGUA HILLO ;9;9,0000
35068; LINADIB 5MG C 30 CPR;2;152,0000
36462; LINADIB DUO 2,5+850MG C 60 CPR;1;151,5500
22429; LIPANON RETARD 250MG 60CAPS;1;295,5400
16091; LIPIDIL 160MG C/30;1;169,6700
9844; LIPLESS 100MG C/ 60 COMP;1;201,4600
12336; LIPLESS 100MG C/ 90 COMP;1;226,0900
3826; LIPLESS 100MG C/30 CPS;1;137,7000
32748; LIPO FIBER S/ LIMAO 15 SACHE;2;38,0000
6505; LIPOSIC GEL 10G;4;59,2000
25736; LIRIS 5MG SOL OFT 10ML1;3;49,2000
5093; LISADOR C/16 COMP;5;51,2300
36772; LISADOR COLICA 10+250MG 20COMP;1;28,6900
20150; LISADOR DIP 1G 10CPR HY;20;27,1500
534; LISADOR DIP GOTAS 20ML;6;30,4400
35951; LISADOR MUSCULAR 16CPR   HYP;4;30,2400
6175; LISAHAIR ALISANTE PROFIS.550G;2;49,0000
3330; LISAHAIR NEUTRALIZATE 300ML;2;20,5000
16784; LISINOPRIL 10 MG C/30 COMP TEU;1;19,5600
25626; LISINOPRIL 20MG 30CP;1;20,0000
34645; LISTERINE COOL MINT 250ML AZ;2;20,0000
12029; LISTERINE ZERO 1,500ML JOHN;2;36,0000
15402; LISTO 4MG 10CPR;3;32,1000
15399; LISTO 8MG 10CPR;3;60,2700
35182; LISTO 8MG MENTA C 10 ORODISP B;1;60,2700
5902; LITOCIT 10MG C/60 COMP;1;89,5300
25367; LITOCIT 15MEQ CX C/60CP OR-OUT;2;165,0000
10739; LIVIAL 2,5MG C/28 COMP;1;131,5300
28680; LIXA PROFISSIONAL CURVA RICCA;1;9,0000
19729; LOC HID BELL CORPUS P/PES 30ML;38;9,0000
31009; LOC HID HIDRAMAIS COLAGENO E V;2;16,0000
32812; LOC HIDR J BABY DERMA PROTEC;2;65,0000
36148; LOC POS BARBA BOZZANO 100ML NI;1;25,5000
35772; LOCAO ANTIQUEDA HAIR CARE 10;1;157,0000
1526; LOCAO CAMELIA DO BRASIL FEM;4;13,0000
1525; LOCAO CAMELIA DO BRASIL MASC;6;13,0000
35296; LOCAO DES. HID. CORP. PELO E P;2;22,5000
35297; LOCAO DES. HID. CORP. PELO E P;2;22,5000
35298; LOCAO DES. HID. CORP. PELO E P;2;22,5000
36053; LOCAO HIDRAMAIS FIRMADORA 400M;3;32,0000
36054; LOCAO HIDRAMAIS PERNAS CANSAD;1;26,0000
36055; LOCAO HIDRAMAIS PREVENCAO ESTR;1;32,0000
37583; LOCAO HIDRAT MURIEL AMEIXA NEG;3;9,0000
36021; LOCAO HIDRAT MURIEL AMENDOAS C;4;9,0000
36019; LOCAO HIDRAT MURIEL ARABE 200M;3;9,0000
37584; LOCAO HIDRAT MURIEL MAMMY 200M;3;9,0000
37585; LOCAO HIDRAT MURIEL ROMA 200ML;2;9,0000
36017; LOCAO HIDRAT MURIEL ROSA MOSQU;3;9,0000
36018; LOCAO HIDRAT MURIEL TRADICIONA;1;9,0000
31014; LOCAO HIDRATANTE HIDRAMAIS 500;2;16,0000
30636; LOCAO HIDRATANTE PAIXAO 400ML;2;15,0000
7344; LOCAO J&J BABY HIDRAT H.SONO 2;2;38,0000
14973; LOCAO SFERA NEUTR 500ML;2;17,5000
35808; LOLA ACIDIFICANTE TANNIC ACID;3;45,0000
28363; LOLA DANOS VORAZES BOOSTER 250;2;38,0000
29027; LOLA DANOS VORAZES SH 250ML;4;41,0000
28362; LOLA DENSIDADE ACIDIFICANTE250;1;43,0000
26698; LOLA DENSIDADE MASC 230G;2;43,0000
28271; LOLA DENSIDADE SH 250ML;2;47,0000
26250; LOLA DREAM CREAM MASC 200G;1;31,5000
26501; LOLA DREAM CREAM MASC 450G-880;2;54,0000
37386; LOLA KIT MORTE SUBITA TRIO;2;82,0000
35810; LOLA MASC A FORMULA 100G;1;26,0000
35809; LOLA MASC A FORMULA 450G;1;51,0000
26062; LOLA MORTE SUBITA COND HID 250;2;33,0000
26063; LOLA MORTE SUBITA SH HID 250ML;2;32,0000
29242; LOLA RAPUNZEL MILK SPRAY 230ML;2;34,0000
29241; LOLA RAPUNZEL SH REJUVEN 230ML;2;33,0000
30197; LOLA RAPUNZEL TONICO 230ML;2;54,0000
27164; LOLA SH SUPER HIDRAT DREAM 250;2;30,0000
27165; LOLA SHA LISO LEVE AND SOLTO ;2;32,0000
36701; LOLA SHAMPOO A FORMULA 250ML;2;31,5000
35807; LOLA SHAMPOO TANNIC 250ML;3;36,0000
27056; LOLA SUBITA REPARACAO 250 ML;2;37,5000
27051; LOLA VINTGE GIRLS CR ALIS 100G;1;29,0000
30849; LOLLY MAM CLEAN COLOR RED AZ 2;2;14,5000
30850; LOLLY MAM CLEAN COLOR RED RS 2;3;14,5000
31340; LOLLY MAM OCEANO AZ 160ML;1;19,0000
22596; LOLLY MAM.R:13268 AZ 350ML;2;32,0000
25553; LOLY KIT MANICURE INF AZUL;1;27,0000
34806; LONGEVITAN 560MG C/30CPS;1;42,0000
3469; LONIUM 40MG C/30 COMP;1;85,7700
3207; LORASLIV  10 MG C/ 12 COMP;28;8,0000
34536; LORATADINA 10 MG C/12 CPS;4;6,0000
13820; LORAZEPAM 2MG C/ 20 COMP EMS;1;7,1700
22518; LOREAL REVITALIF HIALU NOTURNO;1;48,0000
24323; LOSARTANA 100MG C/30 CPR;6;32,0000
11891; LOSARTANA 50MG C/ 30 COMP;117;4,8000
22281; LOSARTANA POT 50MG 30CPR EUR;33;4,8000
4947; LOSARTANA POT 50MG 30CPR GERME;109;4,8000
22258; LOSARTANA POT 50MG 30CPR TEU;240;4,8000
6705; LOSARTANA POTASSICA 50MG C/30;668;4,8000
26005; LOSARTANA+HCT100/25 GEOLAB;1;21,0000
26294; LOSARTANA+HIDROCLOROTIAZIDA 10;1;20,1200
4766; LOTAR 5/100MG C/30 CAPS;1;95,8700
9242; LOXONIN 60MG C/30 COMP;1;87,5400
24349; LUBRIFIK LUBRIF INTIMO GEL 50G;10;8,0000
31052; LUBRIS 0,5% COL 10ML;6;44,8700
19037; LUFBEM GOTAS 15 ML S/ MORANG;19;7,5000
19190; LUFTA GASTRO PRO SACHE UNIDADE;16;5,1900
28356; LUFTAFEM 200+500MG 6CP;1;18,3400
24915; LUFTAL GTS 15ML INFANTIL ;5;46,7800
2955; LUFTAL MAX 125MG C/10 CAPS;1;29,7100
19851; LUGANO 12MCG+250MCG 60CAP-;1;113,9700
7843; LUMIGAN RC SOL OFTA 3ML;2;176,8300
27798; LUNAH / 1MG /ML SOL OFT FR GOT;2;58,7700
28285; LUNAH / 2MG/ML SOL OFT FR GOT;1;68,8200
28435; LUNERA SOL OFT 10ML;1;71,0000
37676; LUR 1,25MG GTS 20ML;1;58,4400
36318; LUSANDA 10MCG H C 2 SACHES (A1;1;154,8700
36561; LUSANDA 5MCG H C 2 SACHES (A1);1;122,3400
28065; LUVA CIR ESTERIL C/PO MEDIX8,5;8;4,0000
27200; LUVA CIRUGICA 6.5 MEDIX;15;4,0000
37485; LUVA CIRURGICA ESTERIL TAM PAR;5;4,0000
37580; LUVA DE PROCEDIMENTO PO P 100;3;35,0100
27111; LUVA MEDIX S/PO P C/100 UNID;3;40,0000
37255; LUVA NITRILICA PRETA TAM G S/P;1;40,0000
28773; LUVA NITRILO S/PO MED BLACK;5;40,0000
19887; LUVA P/PROCED TAM M C/100;4;35,0000
21027; LUVA P/PROCED TAM P C/100;10;35,0000
37254; LUVA PROCEDIMENTO C/PO TAM G 1;15;35,0000
22857; LUVA PROCEDIMENTO M 100UN;14;35,0000
21954; LUVAS CIRURGICA SENSICARE 7,5 ;12;4,0000
23366; LYNAX GEL BG 30G+10 APLIC;1;89,0100
32489; MACA POWER (EM PO + VITAMINAS;3;55,0000
33782; MACA ULTRA EM PO 100G MAXINUTR;2;52,0000
30116; MAG B CX C/30 CP REV;1;89,0000
37069; MAG10 10 MAGNESIOS 90CAPS (UNI;1;86,0000
34223; MAGNAZIA LEITE MAGN 8% SUSP FR;1;12,0000
33140; MAGNEN B6 30CPR REV (NOVO) - M;1;174,0000
37354; MAGNEN MULTI C 70 COMP;1;384,9900
27557; MAGNESIA BISURADA ENV C/10;10;13,7500
33153; MAGNESIO DIMALATO 260MG;3;34,0000
37600; MAGNESIO DIMALATO 620MG 60CAPS;1;34,0000
29277; MAGNESIO DIMALATO 620MG C/60 ;2;24,0000
30990; MAGNESIO DIMALATO DUOM;1;33,0000
18917; MAGNESIO P.A 500MG C/ 60 CAPS ;9;25,0000
32114; MAGNESIO QUELATO 60CPS DUOM;1;29,0000
31571; MAGNESIO TREONATO C/ 60 SUPRA;1;43,0000
31499; MAGNESIO+TREONINA 60 CAPS DUOM;1;33,0000
34022; MAGPLUS 6 - MIX DE MAGNESIOS 6;4;45,0000
34023; MAGPLUS BIOTREONATO - MAGNESIO;2;45,0000
34026; MAGPLUS BISGLICINATO - MAGNESI;2;45,0000
34024; MAGPLUS CLORETO - MAGNESIO 60C;3;45,0000
34025; MAGPLUS DIMALATO - MAGNESIO 60;1;45,0000
34027; MAGPLUS MDK - MAGNESIO D3 E K2;3;45,0000
18183; MAIONESE CAP TODECACH 500G;3;39,0000
27506; MAIONESE SLINE VERM #TODE 500G;2;43,5000
28443; MALEATO DE ENALAPRIL 10MG 30C;70;4,8000
15332; MALEATO DEXCL 2MG C/20 COMP;1;5,5000
19813; MALEATO ENALAPRIL 10MG C/30;21;4,8000
11681; MAM 330ML ROSA LOLLY;1;33,0000
11682; MAM BIG AZUL 240ML;1;26,0000
16833; MAM BIG CLEAN 160ML RED;1;18,0000
16834; MAM BIG CLEAN 160ML RED RS;3;18,0000
33458; MAM LILLO SUPER EVOL 0+ 150ML;1;35,0000
16398; MAM LOLLY 240ML S1370 ROSA;4;14,0000
10246; MAM LOLLY AZUL 330ML AZUL 1206;2;33,0000
17228; MAM LOLLY AZUL OCEANO 250ML;2;25,0000
18092; MAM LOLLY BIG AZUL 350ML ;2;37,0000
17227; MAM LOLLY ROSA  250ML 2060;2;24,0000
20322; MAM NEOPAN DECORADA 250ML ;1;24,0000
16504; MAM SPECIAL 250ML PRAT 3060;2;25,0000
16505; MAM SPECIAL 250ML RED ROSA 306;3;25,0000
19417; MAM ZOO 240ML SIL R AZUL REF;3;25,0000
19418; MAM ZOO 240ML SIL R ROS;2;25,0000
31341; MAMAD LOLLY BIG NET RS 350ML;1;32,0000
21856; MAMAD TIP AZUL LOLLY 3UN;2;36,0000
21855; MAMAD TIP ROSA LOLLY 3UN;2;36,0000
36007; MAMADEIRA AUREA REF 30083/01 A;4;34,0000
36008; MAMADEIRA AUREA REF 30083/01 R;3;34,0000
37401; MAMADEIRA AUREA REF 30182/01 A;2;36,0000
37402; MAMADEIRA AUREA REF 30182/01 R;1;36,0000
37400; MAMADEIRA AUREA REF 30281/01 A;2;25,0000
36980; MAMADEIRA AUREA REF 30281/01 R;2;25,0000
26567; MAMADEIRA BIGDREAM;2;37,0000
23915; MAMADEIRA CLEAN 220 ML SIL RED;6;11,0000
12828; MAMADEIRA LOLLY 250ML ESENCE ;3;21,5000
24673; MAMADEIRA LOLLY AZUL 150ML;4;15,5000
23917; MAMADEIRA LOLLY AZUL 240ML;2;15,0000
24427; MAMADEIRA LOLLY BIG 300MG AZUL;2;25,0000
24428; MAMADEIRA LOLLY BIG 300ML RED ;2;25,0000
12826; MAMADEIRA LOLLY ESSENCE 250ML;2;21,5000
24676; MAMADEIRA LOLLY ROSA 150ML;2;13,0000
36679; MAMADEIRA P.CANINA REF30083/01;1;39,0000
36680; MAMADEIRA P.CANINA REF30083/01;1;39,0000
36678; MAMADEIRA P.CANINA REF30281/01;2;29,0000
23916; MAMADEIRA ROSA LOLLY 240ML;1;11,0000
24674; MAMADEIRA TIP 1460;4;15,5000
24429; MAMADEIRA TIP SIL 240 ML AZUL ;6;18,0000
24431; MAMADEIRA TIP SIL 240ML ROSA;6;18,0000
24325; MAMADES 75MCG C/28 COMP;1;48,6400
11676; MAMD BIG 340ML LOLLY FREE;2;25,0000
11675; MAMD BIG LOLLY FREE 340ML;1;25,0000
27391; MAMYPOKO CAL JB RN C/ 36;7;57,0000
22161; MANGUITO C/ POLEGAR TAM.G DIGI;3;36,0000
22261; MANTEIGA CACAU RIVKA;3;4,0000
2261; MANTEIGA DE CACAU ;58;4,0000
35117; MANTEIGA DE CACAU ROLLON 24UN;2;4,0000
7195; MANTEIGA DE CACAU ROLON 6,5ML ;71;5,0000
27366; MANTEIGA HIDRATANTE MURUMURU 3;3;49,0000
26398; MANTIDAN 100MG 30 COMPR;3;40,3700
17312; MARESIS BABY SOL SPRAY FR 100M;2;61,6500
24157; MARESIS HT 2% 100ML;1;64,9500
35574; MARESIS PROTECT 0,9%SOL FR 100;2;63,9800
10724; MAREVAN 2,5MG C/ 60 COMP;1;36,0800
1355; MAREVAN 5MG C/10 CPS;1;12,2200
5675; MAREVAN 5MG C/30 COMP;1;36,8600
35544; MARSHMALLOW FINI 80G PISTACHE;1;7,5000
27371; MAS DESMAIA 300G SEM NEM PIEDA;2;23,0000
17797; MAS NEBULIZADOR G TECH INFANTI;2;21,5000
27719; MASACARA INFANTIL 50 UNI;2;25,0000
32933; MASC 400G DABELLE RESGATA FIOS;2;20,0000
37003; MASC ACIDIFICANTE BE USE 250G;1;58,0000
26425; MASC BIO EXT 500G - MEL;1;51,0000
33079; MASC BIOEXTRATUS CAMOMILA 250M;1;32,0000
27697; MASC CABELOS C QUIMICA 500GR ;2;30,0000
20092; MASC CAP AMEN MAT 300G BLOND;1;51,0000
35488; MASC CAP DABELLE 400G CEREJA M;2;20,0000
37251; MASC CAP DABELLE 400G EXPLOSAO;2;20,0000
35491; MASC CAP DABELLE 400G MEU CRON;1;20,0000
35184; MASC CAP INOAR 500G ARGAN COND;1;34,0000
35260; MASC CAP INOAR 500G MEU CACHO;4;34,0000
30580; MASC CAP SIAGE LOIRO EXPE 250G;2;67,0000
36149; MASC CAP TRAT INOAR 500G LISO;3;47,5000
31656; MASC CAP VULT LIS PROF 250G;1;26,0000
24456; MASC CAPILAR MAGIC COLOR MATIZ;7;12,0000
17066; MASC COCO SOS 500G;2;29,0000
31040; MASC CP DOUR CAP/BABOSA 1KG;1;14,0000
30400; MASC CP DOUR DESM/CABELAO 1KG;1;14,0000
35028; MASC DABELLE MILAGRE MEL 400G;1;20,0000
30401; MASC DOURADO REG M.CACHEIA 1K;31;14,0000
30402; MASC DOURADO REGARV 1KG OLEO;1;14,0000
37369; MASC DOVE BOND INT REPAIR 250G;1;40,0000
37088; MASC DOVE NUTRI+TRI-OLEOS 32;1;21,0000
37089; MASC DOVE UMECT+COCO ANTIOX;1;21,0000
29891; MASC EUDORA GLOW EXPERT;1;67,0000
33432; MASC FAC ARGILA PRET ANTIP 130;1;27,0000
33434; MASC FACIAL ARGILA VERM ANTISS;3;27,0000
34659; MASC FACIAL PODEROSO GLOW UP70;2;33,0000
28222; MASC HASKELL 300G BANANEIRA;1;52,0000
27362; MASC HASKELL CAVALO FORTE 300G;3;53,0000
10119; MASC HASKELL MANDIOCA C/250G;2;49,0000
25491; MASC HASKELL QUINA ROSA 500G;1;49,0000
19847; MASC HID SALON OPUS VERNIZ 400;2;23,0000
31899; MASC HIDR AMEND ESSENCIAS 250G;1;52,0000
34707; MASC HIDRANUTRE 300GR;2;53,0000
31697; MASC LISO 500GR - LISO ATE FAL;2;28,0000
31696; MASC LOIRO 500GR - AMARELOU GE;2;29,5000
36391; MASC MAIS PROTECAO 250G;1;38,0000
17796; MASC NEBULIZADOR G-TECH ADULTO;3;21,5000
32089; MASC OH MY 300G AMARELOU;2;23,0000
30600; MASC PIGMENTANTE COLOR POTS 24;1;43,0000
30586; MASC RECONSTROI OS FIOS SIAGE;2;67,0000
30758; MASC REPOSITORA 250G;2;67,0000
20415; MASC S LINE SOS KIDS 500G ;2;23,0000
25220; MASC SALON LINE 500GR LOIMATIZ;4;30,0000
26110; MASC SALON LINE MATIZADORA CAS;3;45,0000
26109; MASC SALON LINE MATIZADORA PRE;2;48,0000
31931; MASC SALON SOS BOMBA HIDRAT RE;3;26,0000
33960; MASC SEM FRIZZ SEM DRAM 500GR;1;30,0000
30617; MASC SIAGE LISO INTE 250G SN;2;67,0000
30310; MASC SIAGE NUTRI ROSE 250GR SN;1;67,0000
28764; MASC SL 1K SOS CACHOS ARGININA;1;40,0000
31926; MASC SUPER OLEOS SALON 300G;8;22,5000
37439; MASC TRAT SKALA 450G HIDRATACA;3;21,0000
37440; MASC TRAT SKALA 450G NUTRICAO(;2;21,0000
37441; MASC TRAT SKALA 450G RECONSTRU;2;21,0000
29910; MASC.HASKELL 900G CAVALO FORTE;1;83,0000
30198; MASC.LOLA RAPUNZEL 450G;3;58,0000
31891; MASC.OH MY! 300GR KIDS CACHO;2;24,0000
31893; MASC.OH MY! 300GR KIDS LISO;1;24,0000
16162; MASCA FORCA PIMENTA 250G BIOEX;2;51,0000
29424; MASCARA 4D COMBATE FRIZZ 250G;2;67,0000
37567; MASCARA ACIDIFICANTE MATIZADOR;1;56,0000
37607; MASCARA AMLA INDIAN SECRET 250;2;42,0000
37128; MASCARA ANABOLIZANTE FOREVER L;2;34,0000
37119; MASCARA BANHO DE VERNIZ FOREVE;3;38,0000
37066; MASCARA BLACK 250G  VITISS;6;41,0000
36194; MASCARA BLOND MATIZADOR 250G D;2;33,0000
7020; MASCARA CAB EXTRA DANIFI 1KG;1;30,0000
4183; MASCARA CAP FORT GOTA DOURADA;1;30,0000
35002; MASCARA CAPILAR CONCENTRADA S;1;67,0000
24363; MASCARA CAPILAR PROG 300G;1;51,0000
37522; MASCARA CAPILAR SPECIAL BY FAT;2;10,5000
37523; MASCARA CAPILAR SPECIAL BY FAT;2;10,5000
37524; MASCARA CAPILAR SPECIAL BY FAT;2;10,5000
30779; MASCARA CAVALO FORE HIDRA 300G;3;53,0000
37124; MASCARA CRESCE CABELO FOREVER;2;38,0000
32090; MASCARA CRESCE FORTE CABELAO;2;23,0000
29786; MASCARA CRESPO 300GR - OH MY;1;23,0000
34491; MASCARA DABELLE CACLOS DA INDI;3;25,0000
21102; MASCARA DE CILIOS AZUL;3;18,0000
26980; MASCARA DESC VIAMED 50UND BRAN;6;10,0000
5230; MASCARA DESCART PROT 50UNIADE;36;10,0000
37609; MASCARA DESMAIA CABELO FOREVER;1;42,0000
37262; MASCARA ECOACTIVE ARGAN OIL 25;3;38,0000
32804; MASCARA EUDORA PRO CRONOL 250G;1;67,0000
33245; MASCARA EUDORA REFIL CICA 250G;1;54,0000
19503; MASCARA EVOLUT 500G MATI PRO V;2;30,0000
37569; MASCARA FRIZZ CANCELADO 240G H;1;56,0000
29376; MASCARA GRISALHOS 250 GR;2;42,0000
24689; MASCARA HASKEL BANANEIRA 500G;1;71,0000
34143; MASCARA HID SE CURVE 500G;2;55,0000
4261; MASCARA HIDR SALON VIOLET 400G;1;32,0000
34142; MASCARA HIDRATACAO EU AMO CRON;2;21,5000
37267; MASCARA INTENSE HYDRACREAM + A;2;38,0000
36167; MASCARA INTENSIVA PANTENE 270M;2;35,0000
27670; MASCARA KIDS CX 50U AZU;25;25,0000
32784; MASCARA LIQUIDA LAMELAR 200ML;2;72,0000
34638; MASCARA MAIS NUTRICAO 250 GR U;2;38,0000
37053; MASCARA MANDIOCA + VITAMINA E;3;36,0000
35109; MASCARA MAT BEAUTY COLOR POTS;1;43,0000
28944; MASCARA MATIZADORA 240G;1;43,0000
34144; MASCARA NUTRICAO EU AMO CRONOG;1;21,5000
2259; MASCARA PLASTICA P/ NEB. ADULT;7;20,0000
3115; MASCARA PLASTICA P/ NEB. INF K;6;20,0000
37610; MASCARA PLATINUM BLOND FOREVER;3;37,0000
34145; MASCARA PODER DOS OLEOS SE CUR;1;55,0000
37274; MASCARA POWER BOMB 250 G VITIS;1;38,0000
5496; MASCARA QUERAVIT 1KG BIOEXTRAT;2;101,0000
4255; MASCARA QUERAVIT 250G BIO EXTR;1;42,0000
5497; MASCARA QUERAVIT 500G BIOEXTRA;2;65,0000
37058; MASCARA QUIABO + OLIGOELEMENTO;1;36,0000
29618; MASCARA QUINA ROSA 300GR HASKE;2;44,5000
34146; MASCARA RECONSTRUCAO EU AMO CR;1;21,5000
17056; MASCARA S LINE INTENSA SOS 500;2;27,0000
16231; MASCARA S LINE SOS BOMBA 500G;2;26,5000
36741; MASCARA S.LINE M.LISO OSTENTAC;2;23,0000
35855; MASCARA S.LINE MEU LISO MATIZ;2;45,0000
4469; MASCARA SHITAKE 250G BIO EXTR;1;42,0000
32515; MASCARA SIAGE RESG IMED;2;67,0000
27264; MASCARA TRIPLA DESC AZUL C/50;80;10,0000
37062; MASCARA TUTANO + D-PANTENOL 25;3;36,0000
37127; MASCARA UTI FOREVER LISS 240G;3;38,0000
33348; MASCARA VEM DE GLICOLICO;2;23,0000
37064; MASCARA VIOLET FLOWERS 250 G V;3;38,0000
37121; MASCARA VOLUME ZERO FOREVER LI;3;60,0000
21774; MASFEROL C/ 40CPR ;1;16,0000
2905; MASSAGEOL AEROSOL 120ML;21;31,2300
5114; MASSAGEOL POMADA 15GR;4;10,5500
36901; MATERDAY LANOLINA 50G;2;41,0100
25816; MATHERLLY GEST 1000MG C/30;1;40,0000
25967; MAXALGINA 1 GR C/10;2;12,1000
13917; MAXALGINA 500MG/ML SOL.ORAL 20;200;4,0000
13423; MAXALT 10MG C/ 2 COMP;1;39,9000
651; MAXAPRAN 20MG C/28 COMP;1;83,4300
794; MAXIDEX COLIRIO;3;12,2800
15564; MAXIDRAT GEL 6MG C/30G;1;71,7000
9636; MAXIFLOX COL C/5ML;3;34,9000
14745; MAXIFLOX POMADA OFTA 3,5G;4;44,3900
3909; MAXIFLOX-D COLIRIO 5ML;10;47,7800
21552; MAXIFLOX-D PM OFTAL 3,5G;2;52,5300
22038; MAXILERG 0,1% COL 5ML;2;45,3800
11812; MAXIMUS A-Z OMEGA 3 C/ 30 CAPS;1;141,0000
2578; MAXINOM COLIRIO 5ML;2;23,3600
34849; MAXINUTRI CALCIUM MAXX D3 CARB;2;45,0000
29293; MAXINUTRI COLAGENO 90CPS;2;68,0000
34636; MAXINUTRI OMEGA 3 C/120CAPS;1;85,0000
24358; MAXINUTRI OMEGA 3,6,9 MULHER60;1;64,0000
12062; MAXITROL COL C/  5ML;4;26,1100
713; MAXSULID 400MG C/10 COMP;2;54,7900
14979; MAXTON KIT 2.8 PRETO TABACO;2;16,0000
7403; MAXTON KIT N.4.66 VERM.ALEGRIA;5;16,0000
10354; MAXTON KIT N.6.7  VERM.ALEGRIA;4;16,0000
2408; MAXTON+AGU.OXIG.CAST.ESC.N.3.0;5;16,0000
37601; MDK BRASIL (CALCIO MDK) 600MG;2;36,0000
2966; MECLIN 50MG C/15 COMP;2;55,3500
30186; MECLIN JET 25MG 10CPR;1;19,6300
34970; MECLIN MOVE 25MG C/ 5 COMP-OUT;1;13,4800
32844; MECOBE 1000 MCG C/ 30;5;32,8200
37513; MECOBE 1000MCG C 60 CPR;2;62,4500
34831; MECOBE 1000MG 90CP;2;139,7300
10288; MEDICASP SH C/130ML;1;38,0000
36647; MEDID PRESSAO OMRON BRACO 7142;2;247,0000
24558; MEDIDOR G-TECH GLICOSE ;1;78,0000
26432; MEFEX 500MG C/14 CPR;1;194,8100
29054; MEGA DHA C/120 CAPSULAS;1;199,0000
30124; MEIA ANTI-TROMB18-23 7/8 TAM-P;3;230,0000
22268; MEIA COMPRESSIVAS LEGLINE VENO;1;108,0000
30125; MEIA COXA ANTI TROMBO M;7;268,0000
13345; MEIA COXA SIGVARI PEQ LONG NAT;2;365,0000
10153; MEIA SIGARIS MED LONG MEIA COX;4;388,0000
30523; MEIA SIGV ANTITROMBO G PANT;2;193,0000
30119; MEIA SIGVARIS ANTITRO 18-23P;3;193,0000
26470; MEIA SIGVARIS BASIC 7/8 TAM 20;1;210,0000
12245; MEIA SIGVARIS GDE LONGA NAT ES;4;293,0000
12248; MEIA SIGVARIS GDE LONGA NAT ES;1;365,0000
12244; MEIA SIGVARIS GDE NORMAL NA ES;3;293,0000
12604; MEIA SIGVARIS GRA NORM COXA;3;365,0000
12605; MEIA SIGVARIS ME NORMAL PANTUR;2;314,0000
12602; MEIA SIGVARIS MED CURTA NAT;1;293,0000
12935; MEIA SIGVARIS MED LONG MEIA CO;2;365,0000
12243; MEIA SIGVARIS MED NORM NA ESCU;1;293,0000
13347; MEIA SIGVARIS PANT MED CURT;1;314,0000
12600; MEIA SIGVARIS PANTURRILHA M LO;1;293,0000
12601; MEIA SIGVARIS PE NORMAL ESCURO;1;293,0000
12603; MEIA SIGVARIS PEQ CURTA COXA;1;365,0000
12607; MEIA SIGVARIS PEQ CURTA COXA;2;388,0000
12246; MEIA SIGVARIS PEQ NORMAL NA ES;1;365,0000
22653; MEIA ULCECONFORT 40M AD M CURT;4;370,0000
26890; MEIA VENOSAN AES 3/4 ANTITROMB;3;133,0000
22868; MEIAS ULCERCONFORT 40MMHG AD P;2;370,0000
37300; MEL COLA + GELATINA MAX CAPI F;2;30,0000
33210; MEL EM CREME DABELLE 190 ML MI;1;26,0000
36092; MELA B3 GEL LIMP ANTIMAN 120G;1;129,0000
32079; MELAGRIAO VIT C 1G 30CP;2;40,0000
716; MELAGRIAO XPE CATARINENSE;3;25,0000
34531; MELATOMAX GTS 30 ML MARACUJA (;5;26,0000
34532; MELATOMAX PLUS 30CAP;7;24,0000
37646; MELATONINA  MENTA 20ML MAX;2;28,0000
35561; MELATONINA (ACALENTUS) 120 CPR;2;40,0000
37645; MELATONINA (ACALENTUS) 120 CPR;2;32,0000
37113; MELATONINA + L-TRIPTOFANO C/60;1;60,0100
34425; MELATONINA 120 COMP CATARINENS;4;43,0000
27466; MELATONINA 60CPR;1;24,0000
27467; MELATONINA SEM SABOR 120ML;2;21,0000
2612; MELHORAL AD ENV C/8 CPS;26;14,8500
10279; MELOCOX 15MG C/1 AMP;5;11,8900
2125; MELOCOX 15MG C/10 COMP;1;57,2200
31527; MELOCOX ODT 15MG 10CP;2;54,1800
17381; MELOXICAM 15 MG 10 COMP ;3;12,0000
17575; MELOXICAM 15MG C/ 10 COMP;1;8,9600
3511; MELOXICAM 15MG C/10 COMP EURO;10;10,0000
26876; MELOXICAM7,5MG 10CP PHL;3;7,0000
15400; MEMANTINA 10MG 30 COMP C1;1;24,2300
13112; MEMANTINA 10MG C/ 30 COMP;3;31,2500
16674; MEMANTINA CLORID 10MG 60CPR GN;3;40,2500
13677; MEMOACTIVE C/ 30 COMP;2;74,0000
33515; MEMORIN FOSFORO+VIT 60CAPS;3;55,0000
5461; MERITOR 2/1000MG C/30 COMP;2;69,4600
3836; MERITOR 4/1000MG C/30 COMP;1;93,5800
10413; MERTHIOLATE SPRAY C/ 45ML;2;54,0500
8560; MESIDOX 2MG C/30COMP;1;45,9200
11301; MESILATO DE DOXAZOSINA 4MG 30C;2;40,2000
23625; METAMUCIL SABOR ORIGINAL;1;150,5800
2175; METAMUCIL SACHE C/10 ENV;1;78,0600
26726; METFORMINA 500MG C/ 30 COMP NQ;43;4,2000
17724; METFORMINA 500MG C/ 30 COMP TE;973;8,1100
9674; METFORMINA 500MG C/30COMP;78;7,9100
17725; METFORMINA 850MG C/ 30 COMP TE;801;9,0000
9382; METFORMINA 850MG C30;26;8,0000
28232; METFORMINA 850MG C30 GEOL;59;8,0000
14551; METICORTEN 20MG C/ 10 COMP;1;37,4400
14552; METICORTEN 5MG C/20 COMP;2;27,7600
35476; METILB12 (METILCOBALAMINA) MAS;1;35,0000
32400; METILCOBALAMINA B12 60CP;8;49,0000
1300; METILDOPA 250MG C/30 CPS EMS;2;33,3600
8917; METILDOPA 500MG C/30COMP;3;60,8800
8764; METIOTRAT 30ML;4;10,0000
7255; METIOTRAT SPRAY C/ 45 ML ;3;18,0000
31436; METOPROLOL 100MG 30CP REV L.P;17;40,1200
31145; METOPROLOL 25MG 30CP REV L.P;5;20,7000
27579; METOPROLOL 50MG C/30 MEDLEY;17;38,1500
31435; METOPROLOL SUC 50MG 30CP;2;30,0000
18087; METOPROLOL XR 100MG 30 CPR;1;64,1700
30926; METRONIDAZOL 250MG C/20 COMP T;3;10,0100
22883; METRONIDAZOL 400MG 24CP G;6;16,0000
24444; MEU LISINHO KIDS COND 300ML;3;20,0000
26831; MEU LISO PROTECAO TOTAL CONDIC;1;18,0000
32111; MICONAZOL CR VAG 14APL 80G;1;20,0000
12256; MICONAZOL CR VAG. C/ 80G +APLI;1;32,0000
32346; MICOPLEX 45GR;1;50,2300
33443; MICOSTALAB SUSP 50ML;1;17,1200
37604; MICOZEN CREME VAG 80G+14APLIC;2;29,0000
22885; MICROPORE 5CM X 4,5M MISSNER;7;9,0000
24102; MICROVLAR 63CPR;16;32,0300
26273; MIGRALIV CX 12 COMP;1;23,0700
7632; MILGAMMA 150MG C/30 DRAGEAS;2;99,1100
8916; MILLAR 30GR;1;93,0000
29719; MILMUNE GALI. PINT. KIDS 30 GO;1;18,0000
35786; MILMUNE GALI. PINT. KIDS 30 GO;6;18,0000
29720; MILMUNE KIDS MORANGO 30 GOMAS;6;18,0000
732; MINANCORA POMADA 30GR;1;23,1200
24328; MINEL 200MG 30CPR   ARES %DN;1;184,7400
16894; MINERGI 0,375MG 30CPR C1;1;103,5700
16895; MINERGI 0,750MG 30CPR C1;1;187,7800
22541; MINESOL NEOSTRATA FPS70 40G;2;105,0000
30958; MINI ESC INTERDENTAL KESS CONI;6;28,0000
3583; MINIAN 150/20MCG C/21 CPS;1;47,7600
31079; MINILAX PEDIATRICO C/ 01 UNIDA;20;8,9300
31056; MINOXIDIL 50MG/ML+VAL 50ML;2;60,1300
2782; MIOFLEX-A C/12 COMP;3;27,4300
31589; MIOGESIC LIS 125+5MG CX 15 COM;2;39,3900
6310; MIOSAN CAF 5/30MG C/15 COMP;1;32,8100
33329; MIOSAN ODT 5MG 10CP;1;21,8100
36904; MIRAB 50MG C 30 CPR LP;1;178,6600
31410; MIRADOR COLICA  C/20CPD;7;15,7100
134; MIRTAX 10MG C/15 COMP REVST;1;19,6900
3491; MIRTAX 5MG C/15 COMP;2;19,6900
25795; MIRTAZAPINA 15MG C/ 30CP ORODI;10;56,4500
33525; MIRTAZAPINA 15MG CX 30 COMP RE;1;47,5700
25457; MIRTAZAPINA 30MG C/30 COMP;2;91,5100
24939; MIRTAZAPINA 45 MG C/ 30 CP REV;1;119,5600
33063; MIRTAZAPINA 45MG C/30;2;140,2300
36646; MIRTAZAPINA ODT 15MG 30CPR GN;1;40,1100
22376; MIRUGEL LUB  OFT 15ML ;2;62,1000
22257; MIRUGELL 5 ML ;8;28,5900
33873; MISSNER CR BARREIRA 100G BIOT;5;77,0000
31528; MOBALE 150MG CAP DURA CT BL A;2;112,8200
26096; MOBALE 75 MG C/30 CPS   -   C1;1;73,4700
34147; MODELADOR DE CACHOS SE CURVE 5;1;70,0000
36219; MODELADOR DE CILIOS CLASSIC RE;1;16,0100
37122; MODELADOR XO FRIZZ FOREVER LIS;4;42,0000
9470; MODIK 50MG/G DERM C/12 SACHES;1;294,2600
36495; MOLIERI 20 SEM PARAR 30COMP RE;1;75,7700
13063; MOLIERI 30 CAIXA C/ 3 CARTELAS;1;196,9400
17123; MOMENT CREME 0,025%;2;100,9300
27166; MOMETASONA G 50MCG 60DOSES;6;32,2300
9257; MOMETASONA POMADA 20G GERMED;2;22,0000
33321; MONAX 50MCG SPR NAS C/ 60 DOS;1;50,8900
27268; MONAX SUSP SPRAY NASAL C/120AC;2;75,3600
934; MONOCORDIL 20MG C/30 CPS;4;21,9600
3472; MONOCORDIL 40MG C/30 COMP;2;42,8200
11571; MONTELAIR 10 MG C/ 30 COMP ;1;83,2600
14632; MONTELAIR 4MG C/30 COMP;1;82,5500
30887; MONTELU 10MG C/30 GEOLAB;2;36,0000
37454; MONTELUCASTE 4MG 30CPR MAST (B;1;37,6900
34907; MONTELUCASTE 5MG COMP MAST 2BL;1;26,5800
37333; MONTELUCASTE MAST 5MG 30COMP B;1;33,2600
753; MONURIL PO C/1 ENV 8GR;1;79,5400
2371; MORDED CLEAN C/ESTR ROSA;2;9,5000
34343; MORDEDOR CHAVES AZUL 7046;1;18,5000
36283; MORDEDOR LATEX DINOSSAURO SM 1;1;17,0000
36284; MORDEDOR LATEX ELEFANTE 24CM 1;2;19,0000
36285; MORDEDOR LATEX MEU CONTROLE PR;2;26,5000
36012; MORDEDOR LOLLY AGUA PINGUIM RE;1;20,0000
36013; MORDEDOR LOLLY AGUA URSO REF 7;1;20,0000
37591; MORDEDOR LOLLY AGUA UVA REF 77;1;12,0000
36671; MORDEDOR LOLLY SILC DYNNO REF;3;21,0000
36014; MORDEDOR LOLLY SILC GIRAFFY RE;2;20,0000
36674; MORDEDOR LOLLY SILC MORANGUINH;2;21,0000
15963; MORDEDOR LOLLY TRICOLOR 7048;2;9,5000
29147; MOTIX GOTAS 30ML;1;117,0000
35729; MOTIX POM 50G;1;94,0000
37631; MOTOCICLETA ELETRICA 1000W V1W;1;10644,0000
33442; MOTORE 500 60COMP;1;223,3300
33071; MOTRAZ 100MG 30CP REV;1;79,3500
31769; MOTRAZ 50MG 60CP REV;1;59,2300
755; MOURA BRASIL COLIRIO 20ML;3;31,0000
3317; MOUSSE CHARMING GLOSS DESEMBAR;1;32,5000
37162; MOUSSE S.LINE DEFINICAO NATURA;2;33,0000
27872; MOVINAU 4MG/ML GTS 20ML (BROMO;2;7,0000
17455; MOXIFLOXACINO 400MG 5CPR;2;60,4500
17456; MOXIFLOXACINO 400MG 7CPR ;1;88,2600
35869; MUCOS EXPEC 600MG 10 ENV X 5G;8;35,0100
37079; MUCOS EXPEC XPE INF FR 20MG/ML;8;22,0100
770; MUCOSOLVAN XPE PED 120ML;2;48,2100
7553; MUD ORAL POMADA 10G;2;24,6500
13624; MULETA AXILAR DE ALUMINIO PAR;1;200,0000
10887; MULETA AXILIAR MED. MERCUR PAR;1;200,0000
27198; MULETA CANADENCE ALUM FIXA PAR;1;186,0000
33464; MULTI-BI 495MG CAP 30 BL;1;297,6000
3315; MULTIGRIP ENV C/4 CAPS;36;8,0000
36771; MULTIMIX PASTILHAS AD LIMAO;4;11,0000
20709; MUNHEQ CURTA TALA ESQ G;1;54,0000
20382; MUNHEQ CURTA TALA ESQ P ;1;54,0000
20362; MUNHEQ DUPLA TALA ESQ M;1;57,0000
30809; MUNHEQUEIRA  AJUSTAVEL;3;33,0000
36994; MUNHEQUEIRA BUMERANGUE ELAST A;1;35,0100
36984; MUNHEQUEIRA BUMERANGUE PRETO T;1;45,0000
36995; MUNHEQUEIRA C/TALA AJUSTAVEL F;1;52,9900
9421; MUNHEQUEIRA ELAST PRETA ;2;42,0000
32115; MUNHEQUEIRA ELASTICA;1;39,0000
9420; MUNHEQUEIRAELAST BEGE;2;42,0000
5701; MUPIROCINA POMADA 15G GEN PRAT;2;47,0000
485; MUSCULARE 10MG C/15 COMP;1;23,8000
5169; MUSCULARE 5MG C/15 COMP;2;21,3700
37388; MUSTELA CALMANTE HIDR CR 200ML;1;125,0000
35554; MUSTELA HYDRA BEBE CORPO 500ML;1;159,0000
3251; MUVINLAX C/20 ENV 14G;6;74,6700
4234; MYDRIACIL 1% COL 5ML;5;23,2700
772; MYLANTA PLUS SUSP 240ML;2;66,4600
26209; MYRAFER GOTAS 30ML;1;55,2700
20113; MYRBETRIC 50MG C 30 C;1;341,2700
35816; N KY GEL LUB INT LIQUID 50G;2;34,0000
14581; N MED PROTC FPS15;1;25,0000
16588; N SAB LIQ INTIMO FRESH 250ML;2;28,0000
16976; N VISAGE Q10 ANTISSI NO 12X50G;1;55,0000
18912; N VISAGE Q10 ANTISSINAIS DIA N;2;55,0000
12693; NACTALI 75MCG  C/ 28 COMP;1;52,5900
3441; NAN COMFOR 1 800G;2;96,0000
2511; NAN COMFOR 2 800G;2;87,0000
8599; NAPRIX 10MG C/30 COMP;2;91,9300
14067; NAPRIX 2,5MG 30CPR REV;1;91,9300
2462; NAPRIX 5MG C/30 COMP;2;91,9300
8598; NAPRIX A 10/10MG C/30 COMP;1;82,1700
11423; NAPRIX A 2,5/5 MG C/ 30 COMP;1;82,1700
632; NAPRIX A 5MG/5MG C/30 CAPS;1;82,9500
7193; NAPRIX D 5/12.5MG C/30 COMP;1;81,0400
15011; NAPRIX D 5/25MG 30CAP;1;81,2700
1873; NAPRIX-A 10MG/5MG C/30 CAPS;2;82,1700
3520; NAPROXENO 550MG 10CPR NEOQUIMI;11;22,0000
23952; NAPROXENO G TEUTO 500MG 10CP;4;16,0000
36611; NAPROXENO SODICO (G) 550MG 10C;15;20,0000
27649; NAPROXENO SODICO(GEN) 550MG 10;1;20,0000
32890; NARATRAPTANA 2,5MG C/ 4;3;18,5700
36514; NARATRIPTANA 2,5MG 8CP NOVA QU;4;27,0000
23221; NARIDRIN INF 15ML ;3;10,0000
2018; NARIX GOTAS 30ML;8;4,5000
29675; NASOAR REFIL 30 ENV;1;65,0000
34630; NASOJET ALTO 0,9% 30ENV;2;62,2300
34233; NASOJET ALTO 0,9% 30ENV+240ML;2;58,1200
16185; NASOJET C/ 50ML - 9MG/M;8;20,0000
13498; NATIFA PRO C/ 28 COMP;1;102,7000
9080; NATRILIX C/30 COMP;1;66,7800
1603; NATRILIX SR C/30 COMP REV;1;65,1700
33714; NATU COR 6.0  LOURO ESC;8;14,0000
33715; NATU COR 7.0 LOURO NAT;7;14,0000
24282; NATU HIR OLEO DE RICINO;17;2,0000
28123; NATUCOR 6.66 VERMELHO CEREJA;4;14,0000
24484; NATUCOR 8,0 LOURO CLARO;6;14,0000
6186; NATUCOR CASTANHO CLARO N.5.0;15;14,0000
1523; NATUCOR CASTANHO ESCURO N.3.0;8;14,0000
6185; NATUCOR CASTANHO MEDIO N.4.0;7;14,0000
3361; NATUCOR CHOCOLATE N.6.7;6;14,0000
1520; NATUCOR PRETO AZULADO N.1.7;6;14,0000
1519; NATUCOR PRETO NATURAL N.1.0;3;14,0000
1522; NATUCOR PRETO SUAVE N.2.0;8;14,0000
35524; NATULAX PSYLLIUM 176G - LARANJ;1;80,0000
37506; NATULAX PSYLLIUM ENV. 10 X 8G;2;40,0000
36605; NAUSICALM B6 25MG+5MG SOL GOT;2;16,6300
35913; NAUTEX ODG 8MG GRAN LAR C 10 E;1;84,0700
36403; NAZZO H GEL NASAL 30ML;1;80,2600
27492; NEBACETIN PDA 15G HYP ;4;32,8000
32502; NEBACIMED PMD 15G;1;10,8400
26727; NEBILET 5MG C/90;3;362,4800
21044; NEBILETE 5MG C/ 60 COMP;1;267,0800
24923; NEBITAH5MG CX 30COMP;1;58,9700
34599; NEBIVOLOL 5MG C/60;2;78,9800
21906; NEBULIZ INALADOR DE AR COMPRIM;6;140,0000
36281; NECESSAIRE SUPERFICIE EXT TECI;2;80,0000
28224; NECTAR CONCENTRADO MURUMURU 35;2;44,0000
35866; NENFY (FERRIPOLIMALTOSE) 100MG;7;40,0000
32519; NEO B 5000MCG+100+100MG C/ 30C;1;92,6300
10488; NEO BRASIL COLIRIO C/20ML;4;14,0000
4361; NEO CEBETIL COMPLEXO INJ 1X1;45;25,8000
2903; NEO FEDIPINA (NIFEDIPINA) 20MG;3;16,8000
4729; NEO FOLICO (ACIDO FOLICO) 5MG;2;8,0000
30594; NEO QUIMICA VITAMINA D 2000;6;28,0000
15451; NEOCOFLAN AEROSOL 85ML SPRAY;5;26,5600
27673; NEOCOPAN COMPOSTO 10ML;4;16,6300
25984; NEOCOPAN COMPOSTO C/ 20 COMP;3;20,6500
35756; NEOGERMINA FLORA 1BI 12CAP (NE;1;31,2300
3543; NEOMICINA+BACITR POM 15G CIMED;2;7,0000
6047; NEOPIRIDIN C/12 PASTILHAS;6;14,0000
2577; NEOPIRIDIN SPRAY 50ML;3;28,0000
9858; NEOSALDINA C/ 30 COMP ;13;49,1800
759; NEOSALDINA ENV C/4 COMP;50;8,0000
2519; NEOSORO SOL NASAL AD 30ML;72;6,0000
23389; NEOSTRATA MINESOL FPS 30 OC 40;1;100,0000
22537; NEOVANGY 35MG CX 60 COMP REV L;2;150,8000
31386; NEOVLAR 63 DRAGEAS;1;29,3100
788; NEOZINE 100MG C/20 CPS;3;36,0000
789; NEOZINE 25MG C/20 CPS;1;16,7600
790; NEOZINE GOTAS AD 20ML;6;22,1900
35395; NEROLOM KIDS 240ML KRESS;2;40,0000
27067; NEROLON 480ML XPE ADT;1;60,0000
16085; NESINA 12,5MG COM 30CPR;1;171,9000
14840; NESINA 25MG C/ 30 COMP;2;196,0300
16640; NESINA MET 12,5+850MG 60C;1;201,0600
18509; NESINA PIO 25+30MG 30CPR;1;292,8100
15123; NESTOGENO 1 800G ;2;73,0000
15124; NESTOGENO 2 800G;2;73,0000
29513; NESTONUTRI 1-3 ANOS 800G;1;67,0000
3680; NEULEPTIL 10MG C/20 CPS;3;15,6400
3002; NEULEPTIL GOTAS 4% 20ML;7;31,1700
22566; NEUROFORT MORANGO 500 ML;3;35,0000
20565; NEUT HYDRO BOOST GEL WATER 50G;1;85,0000
36114; NEUT NORWEGIAN HID CORP C/F400;1;110,0000
31403; NEUT NORWEGIAN HID CORP S/F400;1;110,0000
5309; NEUTRALIZANTE SFERA LOCAO 1L;2;25,0000
7226; NEUTROFER 150MG C/30 COMP;1;37,5500
2510; NEUTROFER 300MG C/30 COMP;2;65,7900
6468; NEUTROFER 500MG C/30 COMP;2;97,9300
2571; NEUTROFER FOLICO C/30 CPS;1;48,6400
792; NEUTROFER GOTAS 30ML;2;68,5800
36104; NEUTROG NORWEGIAN 200ML COM FR;1;79,0100
27469; NEUTROGENA ANTIS BRIGT BOOST;1;120,0000
25937; NEUTROGENA FACE CARE REPARADOR;1;47,0000
6517; NEVANAC GOTAS 5ML;1;101,3800
10653; NEVRALGEX ENV C/10;45;5,0000
3907; NEVRIX C/20 COMP;2;77,0200
36710; NEVRIX FLASH C 30 CP;1;91,9000
4948; NEVRIX INJ C/3 AMP 2ML;3;27,8400
11490; NICORETTE 2 MG C/ 30 TABLETES;2;107,1500
3492; NICORETTE 4MG C/ 30 TABLETS ;1;107,0000
15912; NIMEGON 100MG 28CPR;1;357,6500
14378; NIMEGON MET 50/1000 C/56 COMP;3;359,7800
5409; NIMELIT 100MG C/12 COMP;25;4,0000
13977; NIMELIT GOTAS 50MG/ML 15ML (VI;7;6,0000
19270; NIMESILAM C/12 COMP;88;4,0000
15678; NIMESULIDA 100MG C/12 CPRS;36;4,0000
14076; NIMESULIDA 50MG/ML 15ML;3;6,0000
14236; NIMESULIDA GEL 40 GRAMAS;1;19,0000
25573; NIMESULIDA GEN 100MG 12CP;12;4,0000
12469; NINHO FASES 1+ 400G;2;34,0000
24575; NINHO INSTANTANEO FORTI+ 750G;5;49,0000
32340; NINHO INSTATANEO FORTI+ 150G;13;9,0000
26952; NINHO INTEGRAL 750G;1;50,0000
33820; NINHO INTEGRAL INSTANTANE 575G;9;40,0000
37006; NINHO ZERO LACTOSE SACHE 700G;5;51,0000
21658; NIQUITIN 21MG 7 ADE TRANSP ETA;1;144,1100
32770; NIRAJ CRE ULTRA HIDRAT PES 240;5;13,0000
9115; NISTANT+OXI+ZINCO G MEDLEY 60G;71;17,0000
16127; NISTATINA 25.000UI/G CR 60G C/;5;20,0000
16520; NISTATINA CR VAG 60G + 14 APL;1;20,0000
29488; NISTATINA(GEN) 100000UI/ML 50M;3;12,0000
846; NISULID C/12 COMP;1;72,8200
3562; NISULID DISPERSIVEL C/12 CPS;1;80,4200
37666; NISULID XR 200MG C 6 CAP DURAS;1;49,8900
33277; NITAZOXANIDA 20MG/ML SUS 45ML;4;16,0100
25723; NITAZOXANIDA 500MG C/6 CPR GMD;5;32,3600
19763; NITAZOXANIDA 500MG C/6COMR;1;32,4600
32726; NITAZOXANIDA 500MG C/6CPR;2;29,8900
31278; NITRATO DE MICONAZOL CREME;2;12,5600
31084; NITRATO DE MICONAZOL EMU FR 30;2;10,2300
34366; NIVEA CELL EX DIA  BAKUCH 50G;1;73,0000
28578; NIVEA FEM CLINICAL 150ML;4;22,0000
3172; NIVEA HID FIRMAD.Q10 PLUS 200M;3;36,5000
9682; NIVEA HID LOTION EXPRESS 200ML;4;17,5000
28579; NIVEA MEN AER DERMA PROT 150ML;4;22,0000
13271; NIVEA MEN ESPUMA BARBEAR 200ML;2;35,0000
5993; NIVEA PROT LABIAL ESSECIAL 4,8;2;21,0000
34365; NIVEA Q10 CRE REVITALIZ NOITE;1;47,0000
30865; NIVEA TOQUE SECO FPS 70 40ML;1;48,0000
23025; NIVUX 100MG+20MG 12CPR;1;67,6100
4890; NOCICLIN COMP C/21;6;10,0000
10335; NOEX 100 C/100 DOSES;2;85,7100
4367; NOEX 32MCG 120 DOSES;1;47,6400
4671; NOEX 50MCG 200 DOSES;9;85,7200
805; NOOTROPIL 800MG C/30 CPS;1;50,3700
8004; NORDETTE CX 21 COMP;1;14,5800
2884; NORESTIN 0,35MG C/35 COMP;1;16,6500
29304; NORETISTERONA+ ESTRADIOL INJ;1;25,0000
845; NORIPURUM COMP MAST C/30;3;79,4300
2623; NORIPURUM EV C/5 AMPOLAS 5ML;9;104,1000
14203; NORIPURUM FOLICO C/ 30 COMP MA;1;80,8900
808; NORIPURUM GOTAS 30ML;1;49,9400
3356; NORIPURUM XPE 120ML;1;37,9400
18864; NORMADERM SAB 70GR;1;64,0000
36538; NORTRIPTILINA (G) 25MG 30CAP;2;42,2400
35867; NORTRIPTILINA 25MG 30CAP GN C1;4;24,5600
36188; NORTRIPTILINA 75MG 30CAP GN C1;2;87,6700
36997; NOSEWASH LAVAGEM NASAL 10ML HE;3;30,0000
812; NOTUSS XPE AD 120ML;3;32,9500
813; NOTUSS XPE PED 120ML;4;29,0800
24315; NOURIN 5MG 30CP;1;41,6700
814; NOVACORT CREME 30GR;3;50,8800
815; NOVACORT POMADA 30GR;2;50,8800
13419; NOVALGINA 1G EFERVESCENTE 10CP;6;38,5500
8790; NOVALGINA 1GR C/10 COMP;14;26,4000
36626; NOVALGINA FLASH 16CPR;2;49,9800
818; NOVALGINA GOTAS 10ML;1;18,0800
819; NOVALGINA SOL ORAL 100ML;2;50,2500
2777; NOVALGINA SUP INF C/5 UNID;1;24,9900
6153; NOVAMOX 2X 400/57MG SUSP 70ML;4;49,9800
27471; NOVANLO 2,5 MG COM 90 COMP;1;161,9500
29300; NOVANLO 5 MG COM C/90CP;6;323,3700
24930; NOVEX DOCTORRICINO CR TRATCOND;1;14,0000
32871; NOVO B 150MG 30CP;1;98,6700
1834; NOVOCILIN 250MG C/150ML;9;22,0000
1314; NOVOLIN N 10ML;1;69,0500
14883; NOVOPRAZOL 20MG C/ 56COMP ;18;12,5000
11853; NOVORAPID FLEXPEN PACK INSULIN;3;68,9700
27672; NOVOTRAM GOTAS 100MG/ML C1;1;122,8800
36186; NUCLEAR RUSH GEL C/10 SACHES 2;2;36,0000
36187; NUCLEAR RUSH GEL C/10 SACHES 2;8;36,0000
37150; NUSIRA 25MG+25MG C 20 COMP (C1;1;102,6300
36294; NUTRADEICA ISDIN CR 50ML;1;95,0000
14274; NUTREN SENIOR 740G S/SABOR;2;192,0000
37453; NUTREN SENIOR BAUNI 740G PROMO;2;160,0000
12083; NUTREN SENIOR S/ SABOR 370G;3;108,0000
35814; NUTREN SENIOR S/SABOR 740G DES;31;160,0000
31297; NUTRICAO MELATONNA MARACUJA 20;2;22,0000
32907; NUTRIDE MAXX 2.000UI C/60 CAPS;1;37,0000
37502; NUTRIWHEY GAINER BAUNILHA1.2KG;2;113,0000
37499; NUTRIWHEY GAINER CHOCOLAT1.2KG;2;113,0000
37503; NUTRIWHEY GAINER MORANGO 1.2KG;2;113,0000
31057; OAZ LOCAO PERNAS E PES;1;55,0000
33376; OC VITA CAPILI 80ML ALECRIM;5;9,5000
2374; OCTIFEN COLIRIO 5ML;2;40,3000
1497; OCUPRESS COLIRIO 5ML;5;118,9400
1823; OFLOX SOL OFT 5ML;2;57,9900
25123; OFOLATO 2.000 C/30CP;1;121,3500
18767; OFOLATO BLISTER C/ 30 COMP ;1;115,0000
4690; OFTANE 10ML;1;78,9500
2197; OFTPRED COLIRIO 5ML;1;54,5100
28505; OH MY COND SEM FRIZZ, SEM DRAM;2;29,0000
23563; OHDE 15000 UI C/4 CAPS MOLES;2;62,3800
29468; OHDE 50.000 UI CAP C/4CPS ;2;101,2000
29628; OHDE 7000 UI CAP MOLE BL AL PL;2;21,0500
30658; OHDE 7000UI 30CPS;1;94,0900
28364; OIL SH RECONSTRUTOR LOLA 250ML;2;27,0000
22002; OKOTICO 25MG 30CPR;2;67,7600
37442; OL CAP SKALA 90ML MARACUJA(E);3;21,0000
30790; OLANZAPINA 10 COM 30;1;76,5600
15967; OLANZAPINA 10MG C/30 ;4;91,2300
21645; OLANZAPINA 10MG C/30 COMP ;1;87,0000
11576; OLANZAPINA 2,5MG C/ 30 COMP BI;3;61,3300
16280; OLANZAPINA 2,5MG C/30 COMP EUR;3;29,2300
30650; OLANZAPINA 5MG C/30 GERMED;4;43,2300
36150; OLEO BANANA FARMAX 100ML *;4;8,0000
22136; OLEO BIO EXTRATUS 40ML SILITAN;2;23,0000
37443; OLEO BOOSTER S.LINE 120ML DEFI;4;44,0000
37493; OLEO CAP BEAUTYE 60ML ALECRIM(;1;8,0000
34741; OLEO CAP DABELLE EXPLOSA 190ML;2;26,0000
33218; OLEO CAP DABELLE HAIR MULT 75M;3;31,0000
32170; OLEO CAP DABELLE HAIR RICI 40M;2;23,0000
35130; OLEO CAP INOAR 07ML CICATRIFIO;5;9,5000
36070; OLEO CAP INOAR 120ML RIVO FIOS;1;55,0000
36807; OLEO CAP PROBELLE OIL AMENDOA;5;12,4900
32833; OLEO CAP RICINO APINIL 60ML;4;16,0000
36280; OLEO CAP UMEC DABELLE 75ML CAC;3;20,0000
37021; OLEO CAPILAR 90ML ABACATE;3;21,0000
37022; OLEO CAPILAR 90ML MAIS CACHOS;3;21,0000
37023; OLEO CAPILAR 90ML MELANCIA;2;21,0000
37024; OLEO CAPILAR 90ML UVA;3;21,0000
35093; OLEO CAPILAR BELL CORPUS 60ML;2;18,0000
29100; OLEO CAPILAR DE RICINO 60ML;11;10,0000
37657; OLEO CAPILAR FIXED OJON 60ML;3;10,0000
35429; OLEO CAPILAR KERATEX OJON E AL;2;9,0000
37325; OLEO CAPILAR MAX CAPI ABACATE;3;8,0000
37327; OLEO CAPILAR MAX CAPI ARGAN 60;3;8,0000
37328; OLEO CAPILAR MAX CAPI BABOSA F;1;8,0000
37329; OLEO CAPILAR MAX CAPI CERAMIDA;4;8,0000
37332; OLEO CAPILAR MAX CAPI ROSA MOS;1;8,0000
31516; OLEO CAPILAR SILITAN 120ML;1;44,0000
25498; OLEO CBA AMAZONICO 35ML;3;21,0000
33010; OLEO CORP AMEIXA NEGRA;3;13,0000
33011; OLEO CORP ROSA MOSQUETA COLAG;2;13,0000
35545; OLEO CORPO PAIXAO 100ML FRAMBO;1;13,5000
35546; OLEO CORPO PAIXAO 100ML INSPIR;1;13,5000
35547; OLEO CORPO PAIXAO 100ML IRRESI;6;13,5000
36245; OLEO CORPO PAIXAO 200ML BRIDGE;1;21,0000
35493; OLEO CR DABELLE 190ML CEREJA M;2;26,0000
27756; OLEO DANOS VORAZES 50ML;1;30,0000
32309; OLEO DE ABOBORA GTS 30 ML (DUO;1;18,0000
25767; OLEO DE ALHO 100% VEGETAL 30ML;3;8,0000
31298; OLEO DE ALHO 250MG 60CAPS;2;25,0000
25829; OLEO DE ALHO 60 CP;2;22,0000
18831; OLEO DE AMENDOAS PX 100ML TENT;7;13,5000
28465; OLEO DE ARGAN 7ML INOAR;2;11,0000
36945; OLEO DE AVESTRUZ CAPSULAS C/60;22;75,0000
26770; OLEO DE BABOSA 100% VEGETAL 30;4;8,0000
29099; OLEO DE BABOSA CAPILAR FIXED;7;10,0000
19697; OLEO DE BANANA IDEAL 30ML ;6;5,5000
24278; OLEO DE COCO 30ML VITA SEIVA;1;8,0000
8789; OLEO DE COCO COBRA EXT VIR 200;8;41,0000
20601; OLEO DE COCO EXTRAVIRGEM 15ML ;25;3,5000
17537; OLEO DE COCO SEM SABOR 200ML;4;30,0000
13318; OLEO DE COCO VIRGEM 200ML - CO;1;25,0000
37557; OLEO DE COPAIBA 30ML (DUOM);1;39,9900
18011; OLEO DE GIRASSOL A.G.E AL 200M;3;15,0000
36084; OLEO DE LIMP DEMAQUILANTE 200M;1;58,9900
21266; OLEO DE LINHACA 1000MG 60CAPS;2;46,0000
19202; OLEO DE LINHACA 1000MG C/120CA;2;83,0000
30991; OLEO DE LINHACA C/60CPS DUOM;2;39,0000
27717; OLEO DE SUCUPIRA 30ML DUOM;1;20,0000
36854; OLEO DIVINO HEADLINE COCONUT 1;1;33,0000
33211; OLEO EM CREME 190 ML DABELLE C;4;26,0000
33637; OLEO EM CREME 190 ML DABELLE C;1;26,0000
33212; OLEO EM CREME 190 ML DABELLE F;2;26,0000
33213; OLEO EM CREME 190 ML DABELLE R;1;26,0000
28560; OLEO ESSENCIAL DE ALECRIM 10ML;2;39,0000
37178; OLEO ESSENCIAL DE LAVANDA;1;18,0000
27187; OLEO ESSENCIAL LAVANDA 10ML;2;70,0000
28856; OLEO HALLEY BABY AZUL 200ML;1;22,0000
35005; OLEO KERATEX CAPILAR TUCUMA;1;9,0000
22952; OLEO LINHACA DOURADA;7;45,0000
32978; OLEO LOLA BENDITA GREE ABACAXI;1;34,0000
32979; OLEO LOLA BENDITA GREE BANANA;1;34,0000
32980; OLEO LOLA BENDITA GREE MAMAO 5;4;34,0000
33214; OLEO MAGICO DABELLE 45ML ARGAN;2;23,0000
24831; OLEO MINERAL 100ML ;5;7,0000
20293; OLEO MINERAL 100ML (IMEC);1;12,0000
15275; OLEO MINERAL CAPILAR MURIEL 80;5;9,5000
37623; OLEO MINERAL PURO 100ML BELLAP;10;13,0000
36774; OLEO MINERAL SOL 100ML (*AIRE);3;8,0000
35799; OLEO MURIEL ARABE 100ML;2;13,0000
36212; OLEO MURIEL BIO SKIN 100ML;2;13,0000
37399; OLEO MURIEL MAMMY 100ML;3;13,0000
36975; OLEO MURIEL ROMA CARE 100ML;1;13,0000
5966; OLEO P/BANHO AMENDOA C/AVELA 1;2;13,0000
840; OLEO P/BANHO AMENDOA DOCE MURI;4;13,0000
18072; OLEO PAIXAO ISPIRADORA 200ML;1;21,0000
2843; OLEO PAIXAO PARIS 200ML;1;21,0000
26841; OLEO PINGA ACAI E PRACAXI 50ML;3;30,0000
26842; OLEO PINGA CENOURA OLIVA 50ML;2;30,0000
27053; OLEO PINGA PATAUA MORINGA 50ML;1;30,0000
29979; OLEO POS DEPILA 100ML DEPILAX;1;22,5000
9511; OLEO REMOVEDOR POS DEPILATORIO;2;21,0000
21944; OLEO REPARADOR ARGAN BELL CORP;3;19,0000
24961; OLEO ROSA MOSQUETA EPILE 10ML;6;24,0000
37481; OLEO ROSA MOSQUETA PURO CORP 6;5;27,0000
25769; OLEO ROSA MOSQUETA V.SEIVA 100;2;8,0000
36856; OLEO S.LINE #TODECACHO EXT.FOR;1;26,5000
36855; OLEO S.LINE #TODECACHO FORTE 6;2;26,5000
36857; OLEO S.LINE ARGAN 50ML;1;21,0000
35865; OLEO S.LINE CACHOS SONHOS DEFI;1;38,0000
37164; OLEO S.LINE DEFINICAO CACHO OS;2;42,0000
36859; OLEO S.LINE DEFINICAO NATURAL;2;21,0000
35863; OLEO S.LINE HIDRATACAO PROFUND;2;38,0000
34004; OLEO SALON MULTY 50ML MARACUJA;4;21,0000
34005; OLEO SALON MULTY 50ML MELANCIA;1;21,0000
34006; OLEO SALON MULTY 50ML MORANGO;1;21,0000
25091; OLEO TUTI AMORE COCO 120ML;1;12,0000
34053; OLEO V SEIVA RICINO PURO 60ML;1;12,5000
35134; OLEO VEGETAL POS DEPILBELLA 10;5;35,0000
33375; OLEO VITA CAPILA RICINO 80 ML;4;9,5000
4233; OLEO VITA MURIEL 80ML ABACATE;5;9,5000
1857; OLEO VITA MURIEL 80ML BABOSA;5;9,5000
2885; OLEO VITA MURIEL 80ML SEMENTE;7;9,5000
28972; OLMESAR+HCT 40+12,5MG 30CP GER;41;38,3600
33503; OLMESARTANA  20MG 30CPR;7;30,1200
20532; OLMESARTANA 20MG+HIDRO12,5MG30;1;35,8700
30468; OLMESARTANA 40MG 30CP REV;13;38,9800
17160; OLMESARTANA 40MG+HIDRO12,5MG 3;65;39,4500
27925; OLMESARTANA+HIDROCLO GERMED 40;59;40,2000
17148; OLMESARTANA+HIROC. 20/12,5MG;6;40,1900
17174; OLMESARTANA+HIROC. 40/25MG 30C;69;42,1400
17465; OLMY ANLO 40+10MG 30CPR;1;67,4400
35734; OLSAR 20MG C 30 COMP REV;1;54,4500
31645; OLSAR 40 MG COM REV CT BL AL A;1;57,2700
30511; OLSAR H 20MG/12,5MG 30 CP REV;1;79,4500
30058; OLSAR H 40+25MG C/30 CP;2;90,4600
30531; OLSAR H 40/12,5 C//30;2;90,4600
848; OMCILON-A ORABASE PASTA C/10G;2;28,3200
34218; OMEGA 3 + Q10 60 CPS;3;59,0000
16908; OMEGA 3 1000MG 60 CAPS (CATAR;14;42,0000
37533; OMEGA 3 60 CAPS ECOFITUS;1;60,0100
33876; OMEGA 3 60CPS ULTRA CONCENTRAD;2;95,0000
37647; OMEGA 3 AAZ MXN 60 CAPS MAXNUT;2;82,0000
17883; OMEGA 3 CATARINENSE C/120 CP ;7;68,0000
36035; OMEGA 3 OLEO DE PEIXE 1000MG 6;4;52,9900
28730; OMEGA FOR 1000MG C/60CPS;2;80,0000
28731; OMEGA FOR PLUS 1G C/60 CAPS;3;125,0000
21069; OMEGA PLUS (3, 6, 9) 1.250MG 6;1;52,0000
31293; OMEGATIVE AZ C/30 CAPS;6;50,0000
35355; OMEGATIVE AZ C/60 CAPS KRESS;2;85,0000
30756; OMENAX 20MG 56 CAPS;13;14,0000
24650; OMEPRAZOL 20MG 56CPS;55;12,5800
37555; OMEPRAZOL SODICO 40MG AMP U;5;27,0000
5858; OMEPREL 40 MG C/ 28 CAPS;2;25,4500
9428; OMNIC OCAS C/30 COMP;2;152,9000
24903; OMOPREL 20MG C/56;4;12,5000
26187; OMOPREL 40MG C/ 56 COMP;2;36,4500
27426; OMPERAZOL 20MG C/56 CPS GEOLAB;11;12,5000
32950; ONDANSETRONA 4 MG C/ 10 CP;1;14,0000
17338; ONDANSETRONA 4MG INJ C/ 50AMP ;23;8,0000
37352; ONDANSETRONA 8MG 10CPR GEN RAN;1;14,9900
34159; ONDANSETRONA 8MG 10PR NVQ;11;20,6000
31615; ONDANSETRONA BIOLAB MENTA 8MG;1;16,0000
34589; ONDANSETRONA GERMED 4MG 10CPR;12;13,9800
33670; ONDIF 4MG C/10 FILMES;1;52,1800
33468; ONDSET 4MG/5ML 100ML;2;90,8400
37259; OPTILAR 4MG 5ML   GBIO SS:0;1;49,8900
37433; OPTIVE ADVANCE SOL ESTERIL 10M;1;100,2100
10580; OPTIVE UD C/ 30 FLACONE. 0,4ML;2;125,2600
32863; OPTOCARE UL COL 10ML;5;32,0000
35749; ORA PRO NOBIS PO 110G - FORTLI;1;46,0000
33752; ORA PRONOBIS PREMIUM 500MG 120;1;28,0000
11230; ORLISTATE 120 MG C/ 42 CAPS;1;121,6400
33478; ORT LONGA MERCUR C/TALA PUNHO;1;120,0000
10422; ORTESE P/ PUNHO TAM UNICO;1;80,0000
9497; ORTESE P/OMBRO TAM. M MERCUR;2;106,0000
8644; ORTESE PUNH C/TALA TAM P MERCU;4;72,0000
11232; ORTESE PUNHO G 1 UNIDADE;2;72,0000
11231; ORTESE PUNHO M 1 UNIDADE;1;72,0000
854; OS-CAL 500MG C/60 CPS;2;141,0100
9164; OS-CAL D 500MG+400UI C/60CPR;1;150,0000
22659; OS-CAL D SANOFI 500+1000 60CP;1;197,1500
15461; OSSONE C/ 30 COMP RESV;1;157,3200
9532; OSTEOBAN 150MG C/1 COMP;1;63,6500
29296; OSTEOFIX 1250MG + D 200UI 60CP;6;42,1900
29118; OSTEOFIX D 1500MG/200UI (600MG;6;42,6900
9932; OSTEOTRAT 35MG C/4 COMP;3;111,0400
886; OTO-BETNOVAT SOL 10ML;3;39,4000
5273; OTO-XILODASE SOL OTOL 8ML;1;28,2800
4069; OTOCIRIAX SUSP OTOL 5ML;4;54,6700
858; OTOSPORIN SOL 10ML;2;19,0300
31944; OX CCT HIALURONI 300G;4;25,0000
36427; OX CD HIDRATA 200ML (FLORA);3;24,0000
36429; OX CD MICELAR 240ML (FLORA);2;24,0000
36430; OX CD NUTRE 200ML (FLORA);2;24,0000
35237; OX ESCITALOP 15MG 30CPR (C1) M;2;42,7000
35474; OX ESCITALOP 20MG ML 15ML(C1)B;3;31,2500
31797; OX MASC MARIMARIA VITA GL 190G;2;27,0000
32792; OX OLEO CAP NUTRE 3X1 120ML .;8;37,0000
36806; OX PROMOPACK MICELAR SH 200ML;3;34,0000
34996; OX SH 200ML HIALURONI;2;22,0100
36431; OX SH HIDRATA 200ML (FLORA);2;22,0000
36433; OX SH MICELAR 240ML (FLORA);3;22,0000
36208; OXAL. ESCITALOPRAM(C1)10MG C/3;1;12,7500
25441; OXALATO DE ESCITALOPRAM 20 MG;18;21,5900
35669; OXALATO ESCITALOPRAM 15MG X 30;2;14,2400
4078; OXCARBAZEPINA 300MG C/30 COMP;5;44,8900
8921; OXCARBAZEPINA 600MG 30CPR MEDL;6;79,2100
24010; OXIMETRO G-TECH LED;1;126,0000
21716; OXOTRON 60MG C 15 C;1;41,7900
29973; P SOLAR HELIODERM KIDS FPS50;1;47,5000
32080; P.VIT CABELOS/UNHAS MULTI 60CP;2;44,0000
36608; PA0502|DBELLA CREME DEP CORP P;6;27,5000
36607; PA1118|DBELLA CREME DEP CORP A;6;27,5000
36609; PA1168|DBELLA CREME DEP FACIAL;6;17,5000
37475; PA1220|DBELLA FOLHAS CORP MEL;6;23,0000
37474; PA1571|DBELLA CREME DEP FACIAL;6;17,5000
37473; PA1572|DBELLA CREME DEP CORP R;5;27,5000
36610; PA1581|DBELLA LOCAO POS DEP HI;6;29,0000
34760; PACK COM 3 ESCOVAS DENTAIS KES;12;26,0000
3726; PACO 500/30MG C/12 COMP;6;36,0600
34795; PAIXAO OLEO FLOR/BAUNILHA 100M;3;13,5000
11957; PALMILHA SILICONE 40/41;1;164,0000
33235; PALMILHA SILIPAUHER C/ARCO BRA;1;157,0000
22116; PAMELOR 10MG C/ 30 CAPS C1;1;45,8900
7152; PAMELOR 25MG C/30 CAPS;2;71,7600
37677; PAMFER 100MG/ML SOL GTS 30ML;1;57,6200
37232; PAMFER 400MG C 30 CPR;5;67,8000
23932; PANT 50MG/50ML ACHE;1;76,7500
16783; PANT COL CAP 50 MG 50ML;1;92,1000
36616; PANT COND ANTIQUEDA 150ML;1;86,0000
28932; PANT SEC 50ML NOVO;4;80,9700
36617; PANT SHP ANTIQUEDA 200ML   A;1;86,0000
4366; PANTOCAL 40MG C/28 COMP;2;57,3400
9845; PANTOGAR C/ 90 CAPSULAS;4;363,3300
30352; PANTOPRAZOL 20MG 28CP NEO;2;14,2400
34656; PANTOPRAZOL 40MG 28 CPR LR;3;17,9000
17126; PANTOPRAZOL 40MG 42 GERMED;1;22,0000
37622; PANTOPRAZOL 40MG 60CPR;20;24,0000
15526; PANTOPRAZOL 40MG C/ 28 COMP BI;20;17,0000
21949; PANTOPRAZOL 40MGCP 42COMP;3;22,0000
26989; PAPAGAIO PVC C/TAMPA TAYLOR;7;22,0000
34125; PAPEL DEPIL STA CLARA ROLO 50M;5;43,0000
33612; PAPO RETO CONDICIONADOR 270M;2;39,9900
33611; PAPO RETO MASC FLUIDA 270ML;1;45,0000
33609; PAPO RETO SHAMPOO 270ML;1;42,0000
17322; PARAC+CODEIN 500MG/30MG 12CPR;2;17,0000
35075; PARACET+CODEINA (G) 500+30MG;1;20,0000
36753; PARACETAMOL 200MG/ML GTS 15M;4;7,0000
10186; PARACETAMOL 750MG C/ 10 COMP(T;57;5,0000
29696; PARACETAMOL 750MG ENV C/10;7;4,0000
36387; PARAMOL 500MG C/10 COMP ENV;35;6,0000
16245; PARKIDOPA 250+25C/ 30COMP;1;62,2300
27142; PAROXETINA 10 MG C/20 ;6;29,1200
9015; PAROXETINA 20MG 30CPR EUROFARM;2;30,0000
27615; PASALIX C/30;1;78,4800
20710; PASALIX PI 500MG 20CPR;1;78,1800
36682; PASSA FIO KESS REF 1995 C/1 UN;35;3,8100
21934; PASTA D AGUA 120GR - FARMAX;2;10,0000
30179; PASTA D,AGUA 80GR;2;12,0000
30256; PASTILHA GAROTO HORTELA;124;1,5000
5524; PATANOL COLIRIO 5ML;1;86,4300
2493; PATANOL S COLIRIO 2.5ML;3;86,4300
26536; PATZ SL 5MG 20CP C1*;1;93,9100
30096; PAUSE FEMME 150MG C/30 COMP;1;95,3600
8353; PAXTRAT 20MG C/30 COMP;2;118,5300
12071; PAZINE 315MG C/ 30 COMP;1;101,5400
34509; PE MILAGROSO;7;7,0000
37015; PEDIALYTE ACTIVE LAR/ABA 500ML;1;38,0000
4226; PEDRA HUME 20G  PO;3;4,0000
36842; PEDRA HUME SOL SPRAY 30ML (UNI;7;8,9900
26522; PEG LAX 8,5G 14 SACHES S/SABOR;1;47,0500
25578; PEG-LAX SOL ORAL C/14 ENV  NEG;1;58,0000
32228; PEGLAX 4000 250ML SOLUCAO ORAL;1;55,0000
36985; PEIXONIX OMEGA 3 SABOR CEREJA;2;64,0000
34862; PELUCIA HENEGEL180G SACHE;4;14,0000
899; PENETRO INALANTE 45ML;2;36,8900
27913; PENTE CABELO ESCOBEL GRANDE;3;2,5000
35300; PENTE DE ACO TIRA PIOLHO (ROSA;1;20,0000
35301; PENTE DE ACO TIRA PIOLHO (VERD;3;20,0000
31771; PENTE FINO DE ACO INOX VERDE;7;20,0000
32609; PENTE GARFO 3 UN PROART;1;17,0000
31770; PENTE SUPER FINO ACO ROSA;3;20,0000
23455; PENTE VERTIX BL CB LARGO 1631;4;10,0000
27617; PENTE VERTIX BLUE CAB FINO1635;3;7,0000
33382; PENTE VERTIX BLUE CAB META1634;1;9,5000
4625; PENVIR LABIAL 1% CREME 5GR;1;74,3000
2659; PEPSOGEL SUSP 240ML;2;23,0000
4063; PERCOF 6MG/ML XPE 120ML;3;48,9600
17350; PERFENOL(PARAC+CLORF+FENIL)20C;21;14,0000
15295; PERFUME EUROESSENCE MILLI 100M;2;54,0000
17076; PERGO 2MG SOL 120ML;1;55,2000
18346; PERIOGARD EXTRA MINT 250ML;4;34,0000
1678; PERIOGARD SOL COLGATE S/ALCOOL;2;34,0000
21984; PERIOTRAT MENT FORT S/AL 250ML;5;23,0000
3665; PERIOTRAT S/ ALCOOL C/ 250ML;3;23,0000
6769; PERIOTRAT SOL BUCAL 250ML;2;23,0000
13333; PERIVASC 450+50MG C/ 30 COMP;1;83,6300
15083; PERLUMES 150MG C/ 1 AMPOLA 1ML;28;18,0000
22338; PERMANGANATO DE POTASSIO 10 CP;11;5,0000
16191; PERMESE 5+2MG/ML 1ML INJ+S;4;34,0100
15631; PEROLA 75MCG 28CPR;1;52,9200
34108; PES DE ANJO 30ML;12;7,0000
1256; PETIVIT BC SUSP 240ML;23;15,0000
36130; PETROPEL SACO DE PAPEL MONO PI;4;1,0000
37227; PH004 PO SOLTO TRANSLUCIDO 10G;13;11,0000
35102; PH0160 PRIMER FACIAL 30ML PHAL;8;16,0000
35103; PH0170 FIXADOR DE MAQUIAGEM PH;12;15,0000
35447; PH025 BRUMA ILUMINADORA MATTE;7;12,0000
35054; PH0587 BASE MATTE ALTA COBERTU;3;28,0000
35055; PH0588 BASE MATTE ALTA COBERTU;4;28,0000
35056; PH0589 BASE MATTE ALTA COBERTU;2;28,0000
35057; PH0590 BASE MATTE ALTA COBERTU;2;28,0000
35100; PH0591 BASE MATTE ALTA COBERTU;4;28,0000
36815; PH0661 BASE MATTE ALTA COBERTU;2;28,0000
37229; PH5046 MASCARA SUPER EYE LASHE;16;11,0000
35456; PH8002 LAPIS PARA OLHOS A PROV;14;5,0000
472; PHOSFO ENEMA 130ML;2;23,6400
36198; PHOTODERM XDEFENSE SPF50+ 40ML;1;112,0000
18341; PIASCLEDINE 300 100+200MG 30CA;1;366,8700
29721; PICOL DE CROMO C/60;2;28,0000
33490; PICOPREP SACHE C/2;2;55,2800
19521; PIEMONTE 10MG 30CPR RE;1;79,9900
27122; PIEMONTE GRANU 4 MG C/30 SACHE;1;88,9000
27197; PIETRA ED 2MG C/ 90 CP REV;1;174,1100
26858; PILHA  AUDITIVA DURACELL 312;2;32,0000
29275; PILHA ALC.PANASONIC PRE.PAL.4U;7;25,0000
29430; PILHA ALC.PANASONIC PRE.PEQ.4U;6;21,5000
22052; PILHA ALCALINA PANASONIC 12V U;3;13,0000
23386; PILHA ALCALINA PANASONIC PEQUE;3;16,5000
22799; PILHA ALCALINA PANASONIC PREMI;7;13,0000
22798; PILHA ALCALINA PEQUENA PANASON;4;10,5000
26355; PILHA DURACEL AUDITIVA 13 6UNI;4;31,5000
35065; PILHA DURACELL AUDITIVO 10 6UN;2;29,0000
35630; PILHA ELGIN AUDITIVO 06UN 10;6;19,0000
30262; PILHA MEDIA - PANASONIC;4;8,0000
12885; PILHA PANASONIC AA2 C/2UNI;10;9,0000
10398; PILHAS ALCALINA  PANASONIC C/2;4;10,0000
19505; PINAZAN 100MG C/30 COMP C1-;1;269,4100
16909; PINAZAN 25MG 30CPR C1;1;66,9500
32827; PINCA ENOX  DIADONAL 1707;3;14,0000
37594; PINCA PRECISCO ENOX RF1710 P.D;3;13,5000
36218; PINCA REF 1702 SILVER GOLD PON;1;17,5000
19048; PINCA SOBRANCELHAS ENOX 700 RE;3;14,0000
34896; PINCEL RUBY MELU ESF LE30 1UN;1;7,0000
18429; PINCEL TINT SANTA CLARA ;8;4,5000
36426; PIOGLITAZONA 30MG 30CPR GN TEU;1;72,3700
35043; PIOTAZ 30MG 30CPDS;1;85,9400
22540; PIROXICAM 20MG 10CPS (G) GERME;3;9,0000
18198; PISA 0,375MG 30CPR C1;1;102,3200
10175; PLABEL 10MG C/ 20 COMP;3;8,0000
24258; PLABEL GTS 10ML;2;6,0000
36282; PLASTICO P/PLASTIF 80X110MM 0,;2;22,5000
10974; PLENANCE 10 MG C/ 30 COMP;1;98,8600
23748; PLENANCE 10/10MG 30CPR;2;103,2000
27567; PLENANCE 5/10MG 30CPR;1;89,6900
24314; PLENANCE EZE 20+10 C/30;2;148,2900
9386; PLENIGELL GTS OFTAL 5ML;3;31,8900
14592; PLENITUD R. INTIMA P/M C/8;2;25,0000
31684; PLOT TWIST GUAVA ELIXIR 200ML;1;54,0000
31687; PLOT TWIST GUAVA OIL 90 ML;1;45,0000
32417; PO COMPACTO MOOD RUBY ROSE;3;13,0000
15277; PO DESC LIGHTNER LEITE 50G;7;10,5000
24968; PO DESCCARE LISS P.SOJA 300G;1;22,0000
8903; PO DESCO CARE LISS CAMOMIL 20G;1;5,5000
6877; PO DESCO CARELISS CAMOMILA 50G;12;9,0000
1115; PO DESCO CARELISS PROTEINAS 50;7;8,5000
36533; PO DESCOLORANTE PELO E PELE SA;1;3,5000
36534; PO DESCOLORANTE PELO E PELE SA;4;6,5100
36535; PO DESCOLORANTE PELO E PELE SA;10;6,5100
34767; PO DESCOLORANTE SUNLESS 50G;1;10,5000
4032; POLARAMINE 10MG CREME 30GR;2;30,7300
4952; POLARAMINE 2.8MG/ML GOTAS 20ML;1;49,1800
913; POLARAMINE 6MG C/12 CPS;2;40,9800
911; POLARAMINE LIQ 120ML;1;40,9800
23549; POLIVIT IMUNIDADE CATARINENSE;2;35,0000
23547; POLIVITAMINICO A-Z C/60 CAPS;1;30,0000
23548; POLIVITAMINICO HOMEN C/60 CAPS;3;35,0000
23550; POLIVITAMINICO MULHER C/60 CAP;2;35,0000
36080; POLIVITAMINICO SUPRA MULHER 60;4;25,0000
21794; POLPA EM CREME MURUMURU HASKEL;2;49,0000
36828; POLTAX 50MG C/ 20 COMP REVESTI;1;6,0000
34471; POMADA  FINALIZANTE AZU 160GR;2;13,0000
36950; POMADA BOM JESUS 200G ULTRA;37;40,0000
34476; POMADA INFINITY PEROLADA 160GR;3;13,0000
34474; POMADA MOD VERMELHO 160GR;4;13,0000
37435; POMADA NEGRA 200G NATUBIO;58;42,0000
21639; POMADA P/MASAGEM 240G CANELA D;12;11,0000
21638; POMADA P/MASSAGEM 150G CANELA;10;11,0000
20437; POMADA P/MASSAGEM 150G SUPER P;5;14,0000
37218; POMADA P/MASSAGEM BELL CORPUS;12;9,0000
31066; POMADA PRETA PREMIUM 150G APIN;3;8,0000
34487; POMADE BARBER INFINITY;2;13,0000
36989; PONDERA 15MG 30CPR C1   EURO;1;120,0600
7956; PONDERA 20MG C/30COMP;1;240,5400
37100; PONDERA 25MG C 30 COMP REV (C1;1;245,7800
22965; PONDERA XR  12,5 MG  30CP;2;107,0900
24168; PONDERA XR 25MG COM 30 COMPRIM;1;163,0900
21584; PONT RAVOR 30ML C/PERF;1;16,0000
27896; PONTEIRA PARA BASTAO / ANDADOR;22;20,0000
11114; PONTEIRA PARA MULETA 1UN;5;22,0000
37181; PONTEIRA PARA MULETA AUXILIAR;2;10,0100
17846; PORTA ESCOVA DE DENTES AMERICA;2;2,5000
32495; POS SOL BABYDEAS-AEROSSOL;1;39,0000
8836; POS-SH QUERAVIT 250ML BIOEXTRA;1;45,0000
824; POSTEC POMADA 20GR;2;156,2500
35878; PR200 - ESFOLIANTE MELANCIA CO;1;17,0000
35879; PR201 - SABONETE MELANCIA CORP;5;15,0000
35881; PR211 - SABONETE PITAYA CORPO;2;15,0000
35884; PR244- SABONETE MORANGO CORPO;5;15,0000
35885; PR252 - MASCARA DE ARGILA NEGR;3;17,0000
35886; PR263 - ESFOLIANTE MORANGO COM;1;17,0000
35887; PR273 - ESFOLIANTE CEREJA COM;2;17,0000
35888; PR281 - MASCARA ARGILA VERDE A;2;17,0000
35890; PR290 - SABONETE PELE COM MANC;1;14,0000
35891; PR292 - TONICO FACIAL PELE COM;4;14,0000
35892; PR30 - Q BUMBUM ESFOLIANTE 200;2;17,0000
35893; PR303 - ESFOLIANTE CHOCOLATE C;2;17,0000
35896; PR56 - ESFOLIANTE FACIAL ROSA;2;13,0000
28273; PRADA 452 ESCOVA;2;35,5000
17595; PRAIVA 400MG C/ 5 COMP MOXIFLO;1;183,9500
678; PRATIDERM POMADA 60GR;11;20,0000
7224; PRATIUM 140MG/ML GOTAS 15ML;1;40,9800
18980; PRECOL GTS 30ML ;1;154,0000
35170; PREDNISOLONA (G) 20MG 10CPR (N;1;13,5600
23147; PREDNISOLONA 20MG 10 CP;6;18,6100
10155; PREDNISOLONA 20MG C/10COMP GER;3;10,0000
35668; PREDNISOLONA 3MG 60ML (EUROFAR;3;21,6200
23148; PREDNISOLONA 40MG 7 CP;11;25,2800
35169; PREDNISOLONA 40MG 7CP REV (GEN;1;23,1200
23065; PREDNISOLONA 5MG 10CPS;11;7,8700
27724; PREDNISOLONA SUSP 120ML VITAME;4;16,8500
27777; PREDNISOLONA SUSP 60ML VITAMED;1;27,0000
36488; PREDNISONA 5MG 20 CPS / GEN;1;8,0000
34829; PREDNISONA 5MG C/20COMP MEDLEY;1;10,0100
36751; PREDSIM 10MG C  10CPR;1;24,0300
3828; PREDSIM 20MG C/10 CPS;3;42,8500
31966; PREDSIM 40MG 7CP;2;70,7300
3223; PREDSIM 5MG C/10 COMP;2;14,6700
1852; PREDSIM GOTAS 20ML;1;49,2800
3586; PREDSIM SOL 60ML;3;38,8700
24947; PREGABALINA 150 MG COM 30 CPAS;1;46,2400
30098; PREGABALINA 150MG C/30;4;32,1400
24661; PREGABALINA 150MG C/30CAPS;3;38,4100
37546; PREGABALINA 50MG 30CPS (C1) ME;3;40,8900
28811; PREGABALINA 75MG 30CAP DURA;1;23,5900
25730; PREGABALINA 75MG C/30;12;28,8500
24308; PREGABALINA 75MG C/30 CAPS;1;23,5800
5003; PRELONE 20MG C/10 COMP;3;39,2600
31946; PRELONE 40MG C 7 CP REV;1;61,3500
2852; PRELONE 5MG C/20 COMP;2;27,6800
599; PRELONE SOL ORAL 60ML;4;37,0700
16211; PREMIUM MEIA COXA PONTEIRA ABE;3;281,0000
15475; PREMIUM PANTURRILHA PONTEIRA A;5;293,0000
21263; PREND CH COLOR C/ 2UND REF 707;1;12,5000
21031; PREND CH PEQUENO;1;12,5000
23998; PRENI 3MG SUS 60ML;1;30,4200
23071; PRENI 40MG C/7 CPR.;2;73,0100
12880; PRES BLOWTEX SENSITIVE C/3 UN;10;12,0000
15917; PRES PRUDENCE CELEBRAT C/3UN;18;5,0000
33877; PRES SEX FREE EXCITING 3UN;1;7,0000
10310; PRESER PRUDENCE HORTELA C/3;2;5,0000
10312; PRESER PRUDENCE MORANGO C/3;3;5,0000
34876; PRESERV BLOWTEX 03UN SENSITIVE;11;12,0000
18651; PRESERV BLOWTEX MORANGO C/ CHO;7;6,0000
9854; PRESERV BLOWTEX PRAZE PROLONGA;9;12,0000
7770; PRESERV BLOWTEX TRAD C/3 UNID;11;6,0000
11089; PRESERV MENTA MADEITEX;2;2,5000
36096; PRESERV PRUDENCE 03UN ULTRA SE;3;6,0000
23301; PRESERV PRUDENCE MELANCIA C/3;7;5,0000
27869; PRESERV RILEX ALGODAO DOCE C/3;4;2,5000
10768; PRESERV RILEX C/3 UN CHOCOLATE;6;2,5000
11560; PRESERV RILEX C/3 UN TUTTI-FTU;2;2,5000
24216; PRESERV RILEX C/3UN LEITE COND;10;2,5000
11091; PRESERV UVA MAIDEITEX;4;2,5000
9853; PRESERV. ELITE C/3UNI;2;3,0000
19225; PRESERV. RILEX C/3 UND EXTRA L;1;5,5000
16047; PRESERV.PRUDENCE NEON C/ 3 UNI;4;11,5000
18493; PRESERV.SEXFREE S/MENTA C/3 ;6;2,5000
18494; PRESERV.SEXFREE S/MORANGO C/3 ;6;2,5000
8427; PRESERVATIVO BLOWTEX 3UND HOT ;12;11,5000
8425; PRESERVATIVO BLOWTEX 3UND T-FR;10;6,0000
33163; PRESERVATIVO K MED TRAD C/3;2;5,4900
25134; PRESERVIT 60CAPS;1;147,0000
8190; PRESMIN COL 5ML;2;42,0700
12770; PRESS PLUS 2,5/10MF C/ 30 COMP;2;80,9200
10019; PRESS PLUS 5/20MG C/ 30 CAPS;1;136,2200
14066; PRESSAT 2,5MG 60CPR;1;87,0800
28413; PRESSAT 5MG 90CPR;1;125,1100
28587; PRESTIGIO CHOCOLATE NESTLE UN;44;3,2000
34939; PRESTOBAR GILLETTE 3 CHAMPI UN;4;6,0000
26440; PRESTOBARBA3 COOL L4P3;1;26,0000
11931; PRESV BLONTEX ACTION;1;4,0000
1557; PREVIANE CARTELA C/ 21 COMP;6;25,0000
1; PRIMERA TRINTA CAIXA C/63 COMP;6;100,3200
6450; PRIMERA VINTE CAIXA C/63 COMP;2;100,3200
36314; PRIMOGYNA 2MG BL C 28 COMP;1;117,6300
8174; PRIMOLUT - NOR 10MG C/30 COMP;2;118,0600
15267; PRIMOSISTON ORAL 30COMP BAYER;1;59,6300
36024; PRINCIPIA CREME HIDRATANTE CH0;1;50,0000
36696; PRINCIPIA PROT SOL FPS40 PS01;3;47,5100
36511; PRINCIPIA PROT SOL FPS70 PS05;3;61,0000
36512; PRINCIPIA PROT SOL FPS70 PS05;2;61,0000
36513; PRINCIPIA PROT SOL FPS70 PS05;1;61,0000
36700; PRINCIPIA PROT SOL FPS99 PS01;1;71,0000
37135; PRINCIPIA SERUM ACIDO MANDELIC;1;70,0000
35290; PRINCIPIA SERUM NIAC/GLIC MIX;1;75,0000
37134; PRINCIPIA SERUM NIACINAMID/ZIN;1;60,0000
14016; PRISTIQ 100MG C/ 28COMP ;1;302,8300
30908; PROBIATOP C/30CPR;2;160,0000
10609; PROBIATOP SCH 30 1G;1;160,0000
24596; PROBID C/30 CPS ASPEN;1;114,0000
31860; PROCTAN C/10 PROT P/ DEDOS 25G;1;63,0000
13101; PROCTODERM SAB INTIMO 100ML;1;68,0000
7124; PROCTYL C/10 BISNAGAS 3G;3;113,2500
942; PROCTYL C/15 SUP;1;121,6000
943; PROCTYL POM 30GR C/10 APLIC;2;113,2500
26868; PROFENID MORANGO GTS 20ML;1;48,9100
14908; PROFERGAN 25MG C/ 20 COMP TEUT;9;7,4200
27087; PROFERGAN CREME 30G ;3;21,1200
947; PROFLAM 100MG C/12 CPS;2;87,2700
945; PROFLAM CREME C/30GR;1;54,0700
26906; PROHN CX 15CPS;1;87,0000
33445; PROLIVE GG 5CAP;1;47,8000
3280; PROLOPA 200/50MG C/30 COMP;3;134,6500
11528; PROLOPA BD 100/25 MG C/ 30 COM;5;68,7400
336; PROLOPA HBS 100/25MG C/30 COMP;4;102,0600
13003; PROMESTRIENO 10MG 30G C/20 APL;2;66,2300
2064; PROPOLIS SOL GOTAS 30ML;7;28,0000
27216; PROPOLIS VERDE EXT ORGANICO;3;46,0000
7588; PROPRANOLOL 10MG C/30 COMP EMS;3;11,6200
17510; PROPRANOLOL 40MG 30CPR;28;5,0000
24874; PROPRANOLOL 40MG C/ 40COMP;1;6,0000
953; PROPRANOLOL 40MG C/30 CPS EMS;3;18,5400
1133; PROPRANOLOL 40MG C/30COMP;157;5,0000
17525; PROS 2MG 30CPR SUP;1;45,9600
23087; PROS HP 2MG/5MG C/ 60 CAP;1;204,5700
30436; PROSOY 30MG C/6 COMP.REVET.;1;63,4400
9193; PROSSO C/30 COMP;2;222,0000
29813; PROSSO D+ KM 1000 C/30 COMP ;2;181,0000
29956; PROSSO D+ KM 2000UI 30 COMPR M;1;206,0800
31537; PROSSO KM C/30 TABLETES MAST;1;201,0000
30780; PROT CAVALO FORTE HIDRA 150G;2;49,0000
25081; PROT CERDAS DENTAL HILLO MESCL;5;6,0000
26638; PROT CICA MATTE FPS 50 40G ;1;57,0000
14940; PROT DIAR CAREFREE PROTECAO;7;27,5000
15235; PROT DIARI CAREFREE S/P 15 UNI;6;10,5000
24994; PROT FAC LOREAL UV DEF MEDIA F;1;63,0000
30724; PROT HELIODERM FC COR FPS50;2;40,0000
31047; PROT HELIODERM KIDS FPS70 120M;6;62,0000
21711; PROT LABIAL AMORA 4,8G;5;21,0000
20567; PROT LABIAL MELANCIA 4,8G;6;21,0000
36635; PROT LABIAL NIVEA 4,8G BRIDGER;2;19,5000
36724; PROT LABIAL NIVEA 4,8G MANGA S;1;17,0000
35938; PROT LABIAL NIVEA 5,5ML LIP OI;1;30,0000
35939; PROT LABIAL NIVEA 5,5ML LIP OI;4;30,0000
35940; PROT LABIAL NIVEA 5,5ML LIP OI;2;30,0000
22406; PROT LABIAL NIVEA CEREJA 4,8G;2;21,0000
35644; PROT SOL EXPERTISE MAQ COR 2;1;57,0000
35645; PROT SOL EXPERTISE MAQ COR 3;2;57,0000
29007; PROT SOLAR FACIAL SUNLESS 60G ;1;38,0000
33880; PROT SOLAR SUNLESS FAC STICK B;1;65,0000
29270; PROT SOLAR SUNLESS FAC STICK M;1;76,0000
33697; PROT SOLAR TOQ AVELUDADO FPS50;2;45,0000
21788; PROTENA - CT FR X 60 C PSULAS;1;228,0000
20546; PROTENA C/30 CAP;1;141,0000
29917; PROTENA PLUS D 60CAPS;1;266,0000
37530; PROTETOR COLCHAO WELLNESS C/5;40;20,0000
16279; PROTETOR DE COLCHAO ADULTCA M;17;44,0000
15726; PROTETOR DE COLCHAO G C/5 UN;27;40,0000
35834; PROTETOR LABIAL TOP BEAUTY SOS;3;5,0000
35836; PROTETOR LABIAL TOP BEAUTY SOS;1;5,0000
35404; PROTETOR OCULAR ADULTO BEGE 12;2;24,0000
32183; PROTETOR SOLAR FPS 50 C MEDIA;2;55,0000
26606; PROVAGIN 30G GEL ;1;96,4300
27098; PROVANCE 30CP;1;142,1000
29595; PROVANCE MINI 360MG C/30 SACHE;1;158,0000
27902; PROVANCE MINI CT 5 SACHES;3;45,7100
34595; PRYSMA 1MG 30CP C1;1;139,3600
35779; PRYSMA 2MG 30CPR (B1);3;142,7900
35478; PRYSMA 3MG 30CPR B1;1;142,7900
956; PSOREX CREME 30GR;4;51,6800
957; PSOREX POMADA 30GR;5;53,1000
15209; PULMICORT SUSP 0,5MG C/ 5X2ML;1;76,7700
17362; PURAN 100MG C/ 30 COMP ;8;18,1700
17363; PURAN 50MCG C/30 COMP ;7;21,3500
17332; PURAN T4 112MG C/30 ;3;35,6600
17500; PURAN T4 125MG C/30 COMP;3;26,6600
2603; PURAN T4 150MCG C/30 COMP;2;28,6200
17679; PURAN T4 175MG C/30;1;36,2100
18112; PURAN T4 200MG C/30 COM;2;62,6500
17365; PURAN T4 25MG C/ 30 COMP;5;19,2800
14201; PURAN T4 37,5 MCG C/ 30 COMP;2;12,2100
14200; PURAN T4 62,5MCG C/ 30 COMP;1;20,3200
17366; PURAN T4 75 C/ 30 COMP;6;23,2800
32266; PURAVIT ADZ 10ML;1;54,3700
21548; PURAVIT IMUNE 75ML ;2;86,0000
9616; PURAVIT MULTI SOLU 120ML;1;72,4100
37678; PYLORIPAC 14CPR;1;496,9600
7664; PYLORITRAT IBP C/7CART + 28 CA;4;110,9800
5089; PYRIDIUM 100MG C/25 DRAGEAS;3;30,6500
5462; PYRIDIUM 200MG C/18 DRAGEAS;4;36,8000
36088; Q+VITTA MELATONINA INOSITOL 30;3;31,0000
37648; Q10 GOLD (COENZIMA Q10) 100MG;1;82,0000
37649; Q10 GOLD (COENZIMA Q10) 50MG 6;1;60,0100
36340; Q10 GOLD 200MG 30 CAPS;1;76,0000
35058; QBM506 ESPONJA PARA PO;1;4,0000
7896; QLAIRA 26+2 COMP REV;2;77,0000
962; QUADRIDERM CREME 20GR;2;63,9900
36902; QUEIMACURE 30G ECOFITUS;2;29,0000
31412; QUEIMADOL POMADA 30G BELLAPHYT;1;20,0000
36905; QUELATUS MIND FOS 60CPR;1;240,0000
34493; QUERATINA DABELLE 75ML;1;15,0000
17652; QUET 100MG 30CPR C1;1;142,9500
37372; QUET XR 50MG 60CPR C1;1;312,6000
35754; QUETIAPINA (G) 200MG 30CPRV (;3;69,4500
9304; QUETIAPINA 100MG C/ 30 COMP GE;1;45,2300
15621; QUETIAPINA 25MG 30CPR (GEOLAB);1;24,6900
12543; QUETIAPINA 25MG C/ 30 COMP GER;5;20,8900
9409; QUETROS 25MG C/30 COMP;4;56,6000
7631; QUITLIS SOL 150ML;1;90,0000
33635; R PENT DABELLE 270G MEU CRONO;2;15,5000
2179; RAPILAX GOTAS 30ML;22;30,9800
34911; RAZAPINA 15MG CX 30 COMP;2;101,4200
17424; RECARGA DE QUERATINA 80G;3;16,0000
35261; RECARGA INOAR 090G QUERATINA C;4;21,0000
35849; RECARGA INOAR 200ML LIQ QUERAT;2;30,0000
37471; RECART 90 CP;9;280,0000
36071; RECONST CAP INOAR 300ML MAGIC;3;31,0000
37611; RECONSTRUTOR SOS FOREVER LISS;2;50,0000
16678; RECONTER 10MG 60CPR;1;129,8300
21523; RECONTER 20MG C/ 30 ML C1;1;207,7700
21930; REDOXON  TRIPLA ACAO 30C;2;58,0000
14349; REDOXON 1G LARANGA C/30 COMP;1;51,5800
22394; REDOXON 1G TRIPLA AC 10CPR EF;5;23,0000
1926; REDOXON 1GR LARANJA EFERV;10;21,5100
970; REDOXON EFERV 2GR C/10 CPS LIM;9;28,3700
25042; REFIL INTERDENTAL KESS CONICO;2;18,0000
22612; REFIL SAB LIQ DOVE BABY GLICER;1;17,0000
37339; REFORGAN IMUNO C 30 COMP REV;2;112,0000
21792; REGENCEL 10000UI 25 5 5MG POM;3;18,6300
34753; REGULAX FIBRAS 120ML;1;35,1300
36604; REGULAX FIBRAS GELEIA 150G;5;50,0000
35209; RELAX ANEY 240G GUANIDINA *;3;16,0000
5480; REMILEV 250/60MG C/20 COMP REV;1;88,0400
28279; REMOV CALOS ENOX 587 ;2;21,5000
37043; REMOV FARMAX 100ML S/ACETONA L;3;4,0000
36808; REMOVEDOR COM ACETONA ALYNE 10;9;5,2000
37167; REMOVEDOR COM ACETONA ALYNE BL;7;5,0000
28791; REMOVEDOR DE ESM ALYNE 60% BLU;1;22,0000
10326; REMOVEDOR DE ESMALTE BEIRA 90M;4;3,0000
18628; REMOVEDOR FARMAX 500ML ;3;15,0000
35564; REMOVEDOR SEM ACETONA ALYNE MO;2;6,0000
1287; RENALAPRIL 10MG C/30 CPS;23;17,3100
4536; RENALAPRIL 20MG CX 30 COMP;13;14,8200
977; RENALAPRIL 5MG C/30 CPS;14;15,6900
32781; RENOVI B PLUS 5+100+100+4,3MG;1;56,2100
17734; RENU GOTAS UMIDIFICANTES 15ML;1;45,0000
31934; REP CAPILAR FIXED CERAMIDAS C/;1;8,0000
11055; REP DE PONTAS 30ML;1;47,0000
29026; REP PONT TUTY MAX 100ML;2;16,5000
32675; REP PONTAS AMIDO DE MILHO 30ML;3;8,0000
18075; REP PONTAS GOLD 42ML LISO PROL;1;22,0000
31691; REP PONTAS ORIGEM;3;8,0000
31935; REP. PONTAS FILTRO SOLAR 30ML;1;9,0000
31199; REP.PONTAS BELL CORP.COCO 60ML;6;16,5000
35634; REP.PT. BABABELL 60ML TUTTI FR;6;18,0000
35432; REPAR PONTAS FIXED ABACATE 30M;2;8,0000
33401; REPAR PONTAS FIXED ALECRIM 30M;2;9,0000
36555; REPAR PONTAS FIXED TRAD 30ML;1;8,0000
36853; REPAR PONTAS KERATEX BABOSA 25;1;14,0000
36843; REPAR PONTAS ORIGEM ACIDO GLIC;1;8,0000
37054; REPARADOR DE PONTA MANDIOCA +;2;30,5000
37318; REPARADOR DE PONTAS FIO RESTOR;4;8,0000
37319; REPARADOR DE PONTAS FIO RESTOR;4;8,0000
37320; REPARADOR DE PONTAS FIO RESTOR;6;8,0000
37321; REPARADOR DE PONTAS FIO RESTOR;5;8,0000
37322; REPARADOR DE PONTAS MAX CAPI A;5;8,0000
37323; REPARADOR DE PONTAS MAX CAPI A;4;8,0000
27233; REPARADOR DE PONTAS ORIGEM BAB;1;8,0000
21860; REPARADOR DE PONTAS RAVOR F SO;2;16,0000
10649; REPEL XO INSETO KIDS;9;16,0000
37220; REPELENTE LOCAO BYE BYE 200ML;4;16,0000
8910; REPOFLOR 100MG C/12 CAPS;3;40,1200
3570; REPOFLOR 1GR C/4 SACHET;3;29,2300
3135; REPOFLOR 200MG C/6 CAPS;4;40,3000
9621; REPOPIL ENV C/21 COMP;12;15,2300
25650; REPOS AMACIANTE CUT 120ML;5;10,0000
24640; REPOS CREME UREIA 500G;2;34,0000
30191; REPOS OLEO DE MALALEUCA;1;11,0000
32577; RESFEGRIPE 10CPS CARTELA;37;5,0000
34650; RESFEGRIPE SINUS 500MG/30MG 24;2;20,0000
25809; RESFENOL 20 CAPS;2;20,0000
33972; RESMA DE PAPEL REPORT PREMIUM;10;1,0000
31279; RESSALIV PRE FLACONETES ABACAX;10;1,0000
23027; RESTITUE 40MG C/ 30 CP REV;1;86,5400
4749; RETEMIC 5MG C/30 COMP;1;46,9400
9675; RETEMIC 5MG C/60 COMP;1;77,9500
4539; RETEMIC UD 10MG C/30 COMP;2;141,0700
30893; REUPLAQ 400MG 30CP REV;1;118,3400
5054; REUQUINOL 400MG C/30 COMP;1;125,5900
11450; REVANGE C/ 10 COMP ;1;33,0800
24913; REVITALIFT  DIURNO FPS18 49G;1;65,0000
22265; REVITALIFT  NOTURNO 49G;1;65,0000
26818; REVITALIFT LOREAL 25G ;1;46,5000
30199; REVITALIFT PRO RETINOL DIU F20;1;79,0000
33181; REXON AER MEN ACT DRY 250ML;1;20,0000
34120; REXONA  AER AP POWD DRY 250ML;7;24,0000
21882; REXONA CLINICAL AER EXTRA150ML;10;21,0000
32268; REXONA CLINICAL CL;3;29,0000
21883; REXONA DES AE F.CLIN CLASS;1;21,0000
33737; RICCA ESC CAB VENT BLACK 2409;1;15,5000
27618; RICCA ESCOVA P/ACABAMENTO;1;26,0000
28278; RICCA LAMINA DESBASTAR CALOS ;3;24,0000
21459; RINOSORO 0,9% JET INF C/100ML;1;53,8500
12410; RINOSORO JET 0,9% C/100ML;1;53,8500
18309; RISEDRONATO 35MG  C/ 4 COMP RE;4;64,2600
23796; RISEDRONATO 35MG 4CPR;1;56,2300
37544; RISPERIDON 1MG ML 60ML;1;151,0700
33387; RISPERIDONA (G) 3MG 30CP (C1);3;18,6500
24557; RISPERIDONA 1MG  30ML NOVA QUI;8;51,2300
15385; RISPERIDONA 2MG 30CPR ACTAVIS;4;26,5600
17075; RISPERIDONA 2MG 30CPR REV C1;1;20,1200
17828; RISPERIDONA 3MG 30 CP;1;31,2000
19089; RISPERIDONA 3MG C/ 30 COMP;1;27,2300
22211; RISPERIDONA G TEUTO 1MG 30CP;3;15,8000
28066; RISPERIDONA G TEUTO 2MG 30CP;6;18,2300
34262; RISQUE CL DGEL TOP COAT EFEITO;6;13,0000
9704; RISS 2 MG C/30 COMP;1;65,8300
29547; RITMONEURAN RTM 20CAPS;2;22,0000
35509; RITMONEURAN RTM 35MG/M(PASSIFL;3;39,8800
28469; RIVAROXABANA 10MG C/30 COMP;3;42,4500
30714; RIVAROXABANA 15MG 30CP;6;28,4100
37156; RIVAROXABANA 15MG 30CPR GN LEG;1;19,0000
26725; RIVAROXABANA 20MG GEN 30 CPR R;3;35,5600
29805; RIVAXA 10MG 30CPR - RIVAROXABA;2;52,3400
31474; RIVAXA 15MG 30CPR - RIVAROXABA;2;51,3900
30093; RIVAXA 20MG 30CPR - RIVAROXABA;1;51,3900
3360; RIVOTRIL 2,5MG GOTAS 20ML;2;33,7200
3004; RIVOTRIL 2MG C/30 CPS;4;37,4600
28370; RIZI-M C/14 CP;1;151,4500
31633; ROSA MOSQUETA BEVEG SERUM FACI;1;35,0000
9746; ROSUVASTATINA 20 MG C/30 COMP;6;25,5600
26872; ROSUVASTATINA BIO 5MG 30CP;2;24,1200
37335; ROSUVASTATINA CAL 40MG 30CPR B;1;87,5600
35402; ROSUVASTATINA CALC 40MG 30CPR;3;89,0000
11058; ROSUVASTATINA CALCICA 20MG;48;23,1200
28710; ROSUVASTATINA CALCICA 5MG;3;20,0000
25823; ROSUVASTATINA G 10MG C/30 NORV;55;16,2100
30913; ROSUVASTATINA RANXBX 10MG 30CP;38;14,8900
31666; ROTEAS 30 MG COM REV CT BL AL;1;228,6300
31905; ROTEAS 60 MG COM REV CT BL AL;1;358,9600
32725; ROUP INT PLENITUDE FEM G/XG;3;48,0000
34265; ROUPA INT PLENIT ACT MULHE P/M;2;85,0000
34126; ROUPA PLENITUD ACTIVE G/XG 16U;4;91,0000
24842; ROXETIN XR 12,5MG 30CP C1;1;99,7400
24619; ROXETIN XR25MG CX 30COMP C1;1;165,0800
36820; RR-F8422 GEL PARA SOBRANCELHAS;1;10,0100
35451; RR-L6402-G1 GLOSS TINT OLINDA;8;17,0000
36816; RR-M602-G1 CORRETIVO LIQUIDO M;17;15,0000
35452; RR-M602-G2 CORRETIVO LIQUIDO M;2;14,9900
32414; RUBY ROSE  ILUMINADOR COMPACTO;1;18,0000
37679; RUNNER 20MG 30CPR;1;59,3400
37478; RUNNER 5MG C 30 COMP REV;1;26,9200
25735; RUSOVAS 10MG 30CPR;2;76,8300
27810; RUSOVAS 10MG C/90 COMP;1;149,8200
14594; RUSOVAS 20 MGC/30 COMP;3;134,0600
26092; RUVA 10MG C/30 CPR REV;3;61,3900
26093; RUVA 20MG C/30 CPR REV;2;107,4600
33035; S.LINE CP MELAO 1K;2;40,0000
37288; S.O.S. RESTAURACAO INTENSIVA M;2;45,0000
23173; SAB BABY DOVE 75G;5;7,0000
24365; SAB DAVENE AVEIA AMENDOA 90G;1;5,0000
35850; SAB DERMACHEM 100G GEL MELANCI;3;10,0100
35851; SAB DERMACHEM 100G GEL MORANGO;5;10,0100
5506; SAB DOVE 90G;3;7,0000
3054; SAB DOVE BABY HIDRAT 180ML REF;11;17,0000
37628; SAB DOVE BABY LIQ HID 400ML;6;27,0000
37629; SAB DOVE BABY LIQ HID 400ML;3;27,0000
192; SAB ENXOFRE 90G GRANADO;8;11,0000
36725; SAB FAC FACE BEAUT 150ML BEAUT;3;11,0000
36726; SAB FAC FACE BEAUT 150ML BEAUT;3;11,0000
36727; SAB FAC FACE BEAUT 150ML BEAUT;3;11,0000
36728; SAB FAC FACE BEAUT 150ML LOVEL;2;11,0000
36729; SAB FAC FACE BEAUT 150ML LOVEL;2;11,0000
36731; SAB FAC FACE BEAUT 150ML LOVEL;1;11,0000
34869; SAB FAC LABOTRAT RETINOL 100ML;1;16,0000
37376; SAB FAC PAYOT 220ML DETOX VIT;3;38,0000
26514; SAB FACIAL HIDRADERM CICLOS 14;1;34,0000
36554; SAB GEL LIMPEZ 250 ML ANTIACNE;1;29,0000
36834; SAB GIOVANNA BABY 090G BLANC V;3;4,5000
31727; SAB GIOVANNA BABY CHERRY;1;4,5000
24231; SAB GRANADO 90G CAMOMILA;1;7,5000
9912; SAB GRANADO BEBE ERVA DOCE 90G;9;7,5000
10358; SAB GRANADO BEBE LAVANDA 90G;1;7,5000
13404; SAB GRANADO BEBE REFIL 250ML L;2;21,0000
34878; SAB HIDRAMAIS 500ML LIQ AMEIX;2;18,0000
25659; SAB INTIMO MICELAR CIA NATUREZ;1;17,5000
32814; SAB J LIQ 400 LIMP SUP/PODER;1;45,0000
33882; SAB J&J BABY LIQ CAMOMILA 400M;1;37,0000
8597; SAB J&J BABY LIQ H SONO LAV/CA;2;26,0000
28320; SAB LA FRUTA MORANGO 150G;4;6,0000
27590; SAB LA FRUTA UVA LAVANDA 150G;1;6,0000
30000; SAB LA FRUTA VANILLA 150G;2;6,0000
31762; SAB LIQ APINIL 220ML YLANG YLA;3;6,5000
35606; SAB LIQ BABY GLIC 250ML AZUL C;4;13,0000
35607; SAB LIQ BABY GLIC 250ML AZUL S;3;9,5000
35608; SAB LIQ BABY GLIC 250ML CAMOMI;1;13,0000
35609; SAB LIQ BABY GLIC 250ML CAMOMI;4;9,5000
36686; SAB LIQ BABY GLIC 250ML LAVAND;5;13,0000
36687; SAB LIQ BABY GLIC 250ML LAVAND;6;9,5000
35605; SAB LIQ BABY GLIC 250ML ROSA C;3;13,0000
36375; SAB LIQ BABY GLIC 500ML AZUL C;2;18,5000
36982; SAB LIQ BABY GLIC 500ML AZUL S;1;15,0000
36210; SAB LIQ BABY GLIC 500ML CAMOMI;5;18,5000
36211; SAB LIQ BABY GLIC 500ML CAMOMI;6;15,0000
36684; SAB LIQ BABY GLIC 500ML LAVAND;6;18,5000
36685; SAB LIQ BABY GLIC 500ML LAVAND;3;15,0000
36376; SAB LIQ BABY GLIC 500ML ROSA C;2;18,5000
36981; SAB LIQ BABY GLIC 500ML ROSA S;3;15,0000
32709; SAB LIQ BIOCAP LIM SICILIANO 5;4;18,0000
19617; SAB LIQ CHEVEUX 1LT ALGAS MARI;1;18,0000
19316; SAB LIQ CHEVEUX 500ML ALGAS MA;3;15,5000
19317; SAB LIQ CHEVEUX 500ML ERVA DOC;3;15,5000
19318; SAB LIQ CHEVEUX 500ML LAVAN;3;15,5000
19319; SAB LIQ CHEVEUX 500ML MORANG;1;15,5000
21169; SAB LIQ CHEVEUX HORT 500ML;3;15,5000
22613; SAB LIQ DOVE GLICERINA 200ML;3;22,0000
30260; SAB LIQ GRANADO BEBE CAL 250ML;5;21,0000
13090; SAB LIQ GRANADO ERV250ML REFIL;10;21,0000
24381; SAB LIQ INTIMO L2P1 TOPZ;1;20,0000
14584; SAB LIQ NIVEA INT NAT 250ML;1;28,0000
35800; SAB LIQ OLEO BANHO MURIEL 230M;2;14,0000
37582; SAB LIQ OLEO BANHO MURIEL AMEI;3;14,0000
36445; SAB LIQ OLEO BANHO MURIEL AMEN;3;14,0000
35802; SAB LIQ OLEO BANHO MURIEL ARAB;3;14,0000
35803; SAB LIQ OLEO BANHO MURIEL CERE;2;14,0000
37581; SAB LIQ OLEO BANHO MURIEL LAVA;3;14,0000
36446; SAB LIQ OLEO BANHO MURIEL ROMA;2;14,0000
35804; SAB LIQ OLEO BANHO MURIEL ROSA;3;14,0000
31380; SAB LIQ SOFT TIRA MANCHAS 100M;3;9,0000
22692; SAB LIQ TOK BOTHANI  500ML;1;11,0000
22872; SAB LIQ TOK BOTHANICO F VERMEL;2;20,5000
22871; SAB LIQ TOK BOTHANICO NEUTRO;3;20,5000
22869; SAB LIQ TOK BOTHANICO PESSEGO;2;11,0000
25662; SAB LIQ TUTI 2 LIT LAVANDA;2;22,0000
25663; SAB LIQ TUTI 2 LITR PITANGA;3;22,0000
22021; SAB LIQ TUTI ALGODAO 2 L;2;22,0000
25185; SAB LIQ XUXINHA SONO TRANQUILO;1;17,5000
9712; SAB LIQ. TURM XUXINHA S/CORANT;3;17,5000
9711; SAB LIQ. TURMA XUXINHA 210ML ;3;17,5000
13433; SAB LIQUI JOHMSONS RN 200ML;3;32,0000
32710; SAB LIQUIDO CEREJA E AVELA;3;18,0000
24976; SAB LIT T.XUXINHA 400ML GLICER;4;26,0000
36401; SAB LUX BOTANICALS 085G LAVAND;1;3,0000
36891; SAB LUX GLIC ORQUIDEA NEGRA;1;14,9900
23034; SAB LUX LAVANDA 250ML;1;12,0000
36267; SAB LUX LIQ LAVANDA REF 200ML;1;8,0000
37430; SAB NANE PREMIUM 240ML LIQ(E);1;11,5000
20953; SAB PROTEX 85G AVEIA;11;3,5000
20946; SAB PROTEX 85G BALANCE ;3;3,5000
20947; SAB PROTEX 85G COMPLETE 12;4;3,5000
20955; SAB PROTEX 85G CREAM ;6;3,5000
20950; SAB PROTEX 85G ERVA DOCE;11;3,5000
20949; SAB PROTEX 85G MACADAMIA ;2;3,5000
20957; SAB PROTEX 85G SUAVE ;2;3,5000
20954; SAB PROTEX 85G VIT E;7;3,5000
6491; SAB PROTEX LIQ AVEIA 250ML;2;15,0000
6492; SAB PROTEX LIQ CREAM ANTIB 250;3;15,0000
12556; SAB PROTEX LIQ LIMPEZ PR 250ML;3;16,5000
11037; SAB PROTEX LIQ SPORT 2EM1250ML;2;15,0000
9201; SAB PROTEX LIQ VITAMINA E 250M;2;15,0000
35121; SAB PROTEX SERUM HIALURO 250ML;2;17,0000
37236; SAB PROTEX SERUM RETINOL 250ML;2;17,0000
34558; SAB SANASAR 100MG/G 80G;3;24,0000
29980; SAB ULTRA HIDRAT ROSA MOSQUET;4;10,0000
30258; SAB. GLIC CALENDULA 90G;6;7,5000
30259; SAB. LIQ. BEBE CALENDULA 250ML;7;28,0000
35839; SAB. LIQ. FRIZON REFIL 200ML A;1;7,0000
35840; SAB. LIQ. FRIZON REFIL 200ML E;1;7,0000
35842; SAB. LIQ. FRIZON REFIL 200ML L;2;5,0000
35843; SAB. LIQ. FRIZON REFIL 200ML M;3;7,0000
23604; SAB. LIQ. INTIMO BELL CORPUS 2;1;7,5000
37222; SAB. LIQ. INTIMO CIA NATUREZA;2;17,5000
23190; SAB. LIQ. TOKBOTHANICO NEUTRO;1;11,0000
32048; SAB. LIQ. TUTI AMORE 1LT ALGA;2;15,5000
31204; SAB. LIQ. TUTI AMORE 1LT ERVA;1;15,5000
29342; SAB. LIQ. TUTI AMORE NEUTRO;2;22,0000
34892; SAB. LUIQ. MUNDO BITA 250ML AV;4;22,0100
22870; SAB. TOK BOTHAN 1,9L ERVA DOCE;1;20,5000
23191; SAB. TOK BOTHAN 1,9L ORQUIDEA;2;20,5000
33424; SAB.DOVE ANTIBACTERIANO 90GR;1;5,2000
23033; SABONETE DAVENE AVEIA CLASSICO;7;5,0000
34867; SABONETE FACIAL ACIDO GLICOLIC;3;16,0000
30288; SABONETE FISIOGEL 400ML;1;116,0000
31200; SABONETE INTIMO AROEIRA;1;6,5000
32997; SABONETE INTIMO MENTA 220ML;1;6,5000
32257; SABONETE LIMA DA PERSIA 190ML;3;21,0000
31249; SABONETE LIQ DE MARACUJA 190ML;1;21,0000
26043; SABONETE LIQ DOVE BABY;2;22,0000
37659; SABONETE LIQ HIDRAMAIS ANTIB N;3;18,0000
37658; SABONETE LIQ HIDRAMAIS ANTIB S;3;18,0000
23272; SABONETE LIQ TOKBOTANICO PITAN;3;20,5000
29555; SABONETE LIQUIDO DOVE BABY REF;2;17,0000
22690; SABONETE LIQUIDO ERVA DOCE;3;11,0000
22023; SABONETE LIQUIDO FRUTAS VERMEL;2;22,0000
31240; SABONETE LIQUIDO HIDRAMAIS 500;3;18,0000
31242; SABONETE LIQUIDO HIDRAMAIS 500;3;18,0000
22689; SABONETE LIQUIDO PITANGA;2;11,0000
35908; SABONETE LIQUIDO SENSISKIN INF;5;35,0100
34312; SABONETE PROTEX FRESH 85G;7;3,5000
10821; SABONETE REFIL LIQ 250ML;2;21,0000
24977; SABONETE XUXINHA 400 ML;5;25,0000
14417; SABONETEIRA RICCA 1 UNI;7;9,0000
31763; SABOTE TALCO 210ML;4;6,5000
36030; SACHE AMOSTRA GRATIS FACIAL CL;3;1,0000
34818; SACO DE LIXO 15L JEITOSA;1;1,0000
33141; SACOLAS RECICLADAS BRANCAS 60X;60;1,0000
23670; SAL AMARGO 30G;1;4,5000
23447; SAL AMARGO 30G UNIFAR;10;3,5000
2009; SAL DE ANDREWS ENV C/5GR;50;2,2500
1977; SAL DE FRUTA ENO ENV C/2 ABACA;27;4,9900
823; SAL DE FRUTA ENO GUARANA 100GR;1;32,6000
968; SAL DE FRUTA ENO GUARANA C/2;28;4,9900
600; SAL DE FRUTA LAR 2ENV 5G;22;5,2900
35306; SALMETEROL+FLUTICASONA (G) 25/;1;140,1200
35307; SALMETEROL+FLUTICASONA (G) 25/;1;166,7800
27560; SALOMPAS ADES PEQUENA C/10UN;19;12,6100
2948; SALOMPAS EMPL GR 1 ENV C/2 UND;5;11,1700
29577; SALON LINE CR PENT KIDS CACHIN;2;40,0000
31326; SALON LINE SPRAY DESEMBAR KIDS;1;22,0000
35308; SALONPAS ADESIVO GRANDE C/2 UN;20;10,1400
35352; SALONPAS ADESIVO PEQUENO C/10;19;11,4600
34029; SALONSIP GELADO 1X3 UNI;1;21,7700
12653; SANASAR EMULSAO C/ 100ML ;1;21,9200
35173; SANASAR LOCAO BENZILA 250MG 10;1;19,0000
2611; SANATIVO 30ML C/PALHETA;1;23,8400
21125; SANATIVO TRADICIONAL 60ML LAPE;1;38,0000
36200; SANDALIA BARUK/RETROPE GRANDE;1;121,9900
36199; SANDALIA BARUK/RETROPE MEDIO;1;121,9900
24828; SANY D 2000 C/60 COMP;1;77,8200
33274; SANY D 2000UI CALCIO;2;48,0000
29183; SANY D 200UI GT MACA VERD 10ML;3;21,0000
25460; SANY D 50.000 C/4 CAPS ACHE;2;84,2200
22847; SANY D 5000 C/ 30 COMP;1;89,8100
18759; SANY D 50000 UI C/ 4 COM;3;91,9300
25242; SANY D 7000 30 CAP;2;80,0700
25917; SANY D 7000 UI COM REV CT BL A;1;103,5300
25011; SANY D CAPS 10.000 C/4;4;28,4500
26609; SANY D CAPS 2.000UI BL X 30 A;1;39,0000
28085; SANY D CAPS 2.000UI BL X 60 A;1;51,0000
33135; SANY-D 14.000UI C/4 COMP;3;36,4700
21116; SAUDE DA MULHER FR 150ML;3;24,3300
37080; SAYA CONTROL LEVONORGESTREL 1C;3;8,0000
37202; SB LQ INTIMO DERMACYD 200ML. D;4;20,0000
16651; SCALID (NIMESULIDA) 100 MG 12;21;5,0000
1889; SCALP 23;132;2,0000
9633; SEAKALM  C/100ML;1;38,9800
3753; SEAKALM 260MG C/20 COMP;3;36,0000
25698; SEAKALM 600MG C/20 COMP;7;61,2300
27868; SEAKALM MELATONINA 0,21 MG;2;30,0000
36928; SECANTE ESM IMPALA AER 400ML O;1;21,0000
30527; SECNIDAZOL 1000MG 2 COMP;1;10,2300
16365; SECNIDAZOL 1000MG C/02;1;11,0200
173; SECNIDAZOL 1000MG CX C/4COMP G;2;18,1200
35662; SECRELISE XPE FR 120ML (EMS);8;32,0000
35331; SEDA SERUM TOQUE DE SEDA 100;1;21,5000
1015; SEKI XPE 120ML;3;36,9700
8134; SELADOR DE PONTAS 60ML BIOEXTR;3;52,0000
27688; SELANTE AMEND INDIANO 180G;1;42,0000
27364; SELANTE PONT CAVALO FORTE 35ML;1;52,0000
37307; SELANTE REDUTOR FIO RESTORE KE;3;52,0000
2860; SELENE CAIXA C/63 DRAGEAS ;3;80,9000
9295; SELOZOK 100MG C/30 COMP;2;142,8800
3927; SELOZOK 25MG C/30 COMP;11;45,5100
4783; SELOZOK 50MG C/30 COMP;8;91,3300
36468; SENSE MORANGO CHAN 540G 12UN -;1;58,9900
34590; SENSIBIO GEL MOUSSANT 200ML;2;98,0000
23954; SENSIDRAT 10% 120ML;4;18,0000
835; SENSODINE BRANQ 90G;1;20,0000
3655; SENSODINE ORIGINAL 90G;4;20,0000
24163; SENSODYNE RAPIDO ALIVIO KIT;1;39,0000
5351; SERETIDE DISKUS 50/250MCG C/60;1;200,7200
11499; SERETIDE SPR 25/50MCG 120DS;2;168,4800
6396; SERETIDE SPRAY 25/125MCG C/120;2;200,7200
10617; SERETIDE SPRAY 25/250 MCG 120D;1;326,1400
36073; SERINGA 20ML C/AG LUER SLIP 25;9;1,5000
36292; SERINGA BD 50U C 10UN;3;33,0000
37009; SERINGA DESC 0,5ML C/ AG 6 X 0;42;1,5000
1884; SERINGA DESC 10ML;113;1,5000
1883; SERINGA DESC 20ML;140;1,6000
1886; SERINGA DESC 3ML;70;1,0000
1885; SERINGA DESC 5ML;498;1,0000
27023; SERINGA DESC. 60ML C/B.LUER LO;11;4,0000
25265; SERINGA INSULINA 1ML;1690;1,5000
33480; SERINGA LAV NASAL M 15ML;1;20,0000
33481; SERINGA LAV NASAL M 15ML;1;20,0000
28040; SERINGA NASAL 10ML TUBARAO;2;30,0000
28042; SERINGA NASAL 10ML UNICORNIO;1;30,0000
29868; SERINGA NASAL GATO 10ML;2;30,0000
29867; SERINGA NASAL LEAO 10ML;2;30,0000
29219; SERINGA SR 1ML INS C/AGULHA;163;1,5000
30702; SERTRALINA 100MG 30COM;4;31,2300
33993; SERTRALINA 25 MG C/ 30 COMP;7;52,5600
26198; SERTRALINA 50MG 30CP GEOLAB;1;12,8900
33980; SERTRALINA 50MG 30CP TORRENT;5;16,4500
31295; SERTRALINA 50MG 30CPR RBX;4;12,5900
25952; SERTRALINA 50MG C/ 30 COMP TEU;1;13,2100
36083; SERUM ANTIOLHEIRAS 30ML PRIN;1;81,0000
37191; SERUM CAP PANTENE 095ML FORCA/;1;42,0000
32592; SERUM CORP DOVE PRO-RET 180ML;1;30,0000
32589; SERUM DEO-HIDRANTE DOVE 180ML;2;30,0000
32587; SERUM DEO-HIDRANTE DOVE 380ML;3;53,0000
33022; SERUM DEO-HIDRANTE DOVE 380ML;1;53,0000
31022; SERUM DERMACHEM AC HIAL 1,5;2;15,0000
34148; SERUM DO PODER SE CURVE 60ML;1;49,0000
33314; SERUM DOVE BOND INTENSE 110ML;2;38,0000
37539; SERUM DOVE CORP INTENS HIAUR;1;50,0000
32590; SERUM DOVE CORP PRO-CERA 380ML;2;53,0000
31021; SERUM EFEITO SECATIVO DERMA;2;15,0000
37377; SERUM FAC PAYOT 30ML COMPLEXO;3;99,0000
31453; SERUM FACIAL ROSA MOSQUETA EPI;2;24,0000
29013; SERUM HIDRADERM NIACINAMI 30ML;2;56,0000
24688; SERUM MEU CRESPO MEU TUDO 60ML;1;20,5000
35753; SERUM MULTIREPARADOR;2;80,0000
29014; SERUM RETINOL HIDRADERM CICLOS;1;67,0000
29015; SERUM SALICILICO HIDRADERM CIC;1;54,0000
26383; SERUM VIT-C GARNIER 30ML;2;84,0000
25374; SERUM VITAMINA C 30 ML ;7;54,0000
18158; SEX FREE TUTTI-FRUTI C/3UNI PR;1;2,5000
18159; SEX FREE UVA C/ 3 UNI PRESER;15;2,5000
37617; SH + MULTIFUNCINAL YAMASTEROL;3;19,0000
35721; SH 300ML+CO 200ML S.LINE XEROS;3;33,0000
35722; SH 300ML+CO 200ML S.LINE XEROS;2;33,0000
4394; SH ACQUA KIDS CAB CACH.250ML;1;13,5000
4277; SH ACQUA KIDS LISOS FINOS 250M;1;15,0000
23165; SH ACQUAKIDS MARSHMALLOW 250ML;2;15,0000
30489; SH AMEND MILLEN MARROQUI 300ML;1;62,0000
4256; SH ANTI-RESIDUO QUERAVIT 200ML;6;41,0000
19490; SH BABY TODECACHINHO 300ML;1;20,0000
33361; SH BIO EXT 250ML CRESPO;2;43,0000
18118; SH BIO EXTRATUS POS COLO 250ML;2;38,0000
33622; SH BIOEXTRATUS CAMOMILA 250ML;2;43,0000
28318; SH BOTHANICO 400 ML BROT BAMBU;2;9,0000
21743; SH BOTHANICO JABORANDI 250ML;1;37,0000
31291; SH BOTICARIO SIAGE REC FIOS 25;2;46,0000
33821; SH C.DOURADO 300+CO250ML BABOS;2;17,5000
33823; SH C.DOURADO 300+CO250ML LISO;2;17,5000
33824; SH C.DOURADO 300ML+CO 250ML ME;5;17,5000
27698; SH CACHO 500ML - NINGUEM SEGU;1;29,0000
36311; SH CLEAR 200ML ANTICASPA ANTIC;3;22,5000
35038; SH CLEAR 200ML VINI JR. HIDRAT;3;22,5000
35494; SH CLEAR 400ML ANTICASPA HIDRA;1;33,0000
4012; SH CLEAR ANTIC MAX FRESH 200ML;4;22,5000
5987; SH CLEAR ANTICASPA MEN 200ML;3;22,5000
6409; SH CLEAR ANTICASPA/QUEDA 200ML;3;22,5000
9410; SH CLEAR MEN CONTROL 400ML;2;36,5000
12041; SH CLEAR MEN CRONT COC 200ML;3;22,5000
14214; SH CLEAR MEN LIMP PRO 200ML AN;2;22,5000
33636; SH DABELLE 250ML MEU CRONO PER;2;22,0000
37431; SH DOVE 370ML CACHOS ATIVOS BI;2;33,0000
33644; SH DOVE ADVANCED REGENERATE NU;1;26,5000
29335; SH ELS HIALURONICO PURE 200ML;1;20,0000
29336; SH ELS HIALURONICO PURE 400ML;2;36,0000
36458; SH ELSEVE 200ML COLLAGEN LIFTE;4;20,0000
36459; SH ELSEVE 400ML COLLAGEN LIFTE;6;36,0000
34267; SH ELSEVE 400ML LISO DOS SONHO;1;36,0000
12879; SH ELSEVE EXTRAD OLEO 200ML;3;20,0000
29333; SH ELSEVE HIALU PURE 400ML;2;38,0000
25570; SH ELSEVE HIALURONICO 200ML;1;20,0000
25614; SH ELSEVE HIDR HIALU 400ML;2;33,0000
12891; SH ELSEVE OLEO EXTRA 400ML;2;36,0000
9437; SH ELSEVE REP T5 200ML;6;20,0000
30759; SH EUD SIAGE PRO CRONOLOGY;1;46,0000
29422; SH EUDORA COMBATE FRIZ 250ML;1;46,0000
29889; SH EUDORA GLOW EXPERT 250ML;3;46,0000
17071; SH FORCA PIMENTA 1 LT;1;80,0000
21800; SH FRIZON GALAO ARGAN 5LTS;1;61,0000
31676; SH FRIZON PESSEGO C/ 2 L;1;29,0000
25776; SH FRIZON QUERATINA 2L;1;29,0000
9045; SH GRANADO BEBE 250ML;2;20,0000
33298; SH HASKELL AC LIMP EQ 300ML;1;45,0000
10136; SH HASKELL BANANEIRA C/300ML;2;52,0000
1291; SH HASKELL CAV FORTE 300ML;4;52,0000
25492; SH HASKELL ENCORPA CABELO 500;1;70,0000
33299; SH HASKELL INFUSAO DE OLEOS 50;1;70,0000
10130; SH HASKELL JABORANDI C/300ML;1;45,5000
10131; SH HASKELL MANDIOCA C/300ML;3;47,0000
10133; SH HASKELL TUTANO C/300ML;2;47,0000
1609; SH HEALD & SHOULDERS ANTI COCE;2;21,0000
1624; SH HEALD & SHOULDERS HIDRATAC;3;21,0000
18596; SH HIDRATACAO PANTENE 175ML;7;17,5000
20576; SH HOMEM ANTICAS ANTIQ 250ML ;1;43,0000
7059; SH HOMEM CAB GRISALHOS 250ML B;1;36,0000
28857; SH INFANTIL HALLEY BABY 200ML;3;10,5000
35186; SH INOAR 0500ML ARGAN HIDRATAC;3;33,0000
35382; SH INOAR 0500ML ARGAN RECONSTR;2;33,0000
35853; SH INOAR 0500ML LISO EXTRAORDI;4;38,0000
35262; SH INOAR 0500ML MEU CACHO MEU;3;33,0000
36072; SH INOAR 0500ML RIVO FIOS ANTI;2;35,0100
35187; SH INOAR 500ML ARGAN LISO SED;2;33,0000
8124; SH JABORANDI 1LT BIOEXTRATUS;3;90,0000
32299; SH JOHNSONS KIDS BLACK 200ML;3;22,0000
31634; SH KOLENE ORIG 300ML;1;13,0000
31700; SH LISO 500ML - LISO ATE FALAR;2;29,0000
28544; SH LOLA MEU CAC MIN VID  500ML;2;38,0000
34641; SH MAIS NUTRICAO 350 ML UN/01/;2;56,0000
21556; SH MURUMURU 300ML;3;45,0000
35210; SH NANE 100ML +COND100ML *;1;29,0000
35211; SH NANE 240ML;1;9,5000
1993; SH NEUTRO 250ML BIOEXTRATUS;1;38,0000
35565; SH NIELY GOLD 275ML RECONSTRUC;1;22,5000
14117; SH NIELYGOLD OLEO ARGAN 300ML;2;22,5000
34101; SH OX 200ML+CO170ML COLAGENO;1;34,0000
34447; SH OX 240ML PEPTIDEOS;2;21,0000
37446; SH OX 400ML LISOS(E)*;2;25,0000
32150; SH OX 500ML MICELAR;3;27,0000
33692; SH OX GLICOLICO 240ML;2;22,0000
33003; SH OX MEN 200ML ANTICASPA *;1;22,0000
33004; SH OX MEN 200ML ANTIQUEDA *;1;23,5000
32004; SH OX VITA GLOW 240ML;3;22,0000
35212; SH PANTENE 0175ML BIOTINAMINA;1;16,5000
35213; SH PANTENE 0300ML BIOTINAMINA;3;28,5000
28815; SH PANTENE 300ML EQUILIBRIO;5;28,5000
31558; SH PANTENE 300ML QUERATINA;1;28,5000
23652; SH PANTENE BAMBU 200ML;2;16,5000
14455; SH PANTENE BRILHO EXT 400ML;2;30,0000
14668; SH PANTENE CACHOS DEFINI 400ML;1;30,0000
29742; SH PANTENE EQUILIBRIO 175ML;4;16,5000
14457; SH PANTENE HIDRAT 400ML;3;32,0000
14459; SH PANTENE LISO EXT 400ML;3;32,0000
31557; SH PANTENE PR QUER 175ML;3;16,5000
14667; SH PANTENE RESTAURA 400ML;3;32,0000
30690; SH REGE POS QUIMICA;2;46,0000
18597; SH RESTAURA PANTENE 175ML ;1;16,5000
27694; SH ROLOU QUIMICA 500ML;2;29,0000
32206; SH RS MOSQ VS2368 300ML ANTIO;2;22,0000
16493; SH SALON LINE CACHOS SOS 300ML;2;21,0000
20787; SH SALON LINE SOSO MEL 300ML;6;21,0000
16229; SH SALON SOS BOMBA 300ML;1;21,5000
32630; SH SECO - 150 ML - CHARMING;4;28,0000
35215; SH SECO RICCA AER 150ML S/PERF;1;26,0000
35216; SH SEDA 300ML COLAGENO VIT C *;1;14,0000
35217; SH SEDA 300ML TOQUE SEDA *;1;14,0000
22247; SH SEDA 325ML ANTICASPA  HID D;6;14,0000
28504; SH SEM FRIZZ SEM DRAMA 500ML;1;29,0000
4334; SH SHITAKE PLUS 350ML BIO EXTR;3;56,0000
30582; SH SIAGE NUTRI ROSE 250ML SN;3;46,0000
32513; SH SIAGE RESG IMEDIATO;2;46,0000
36249; SH SKALA 325ML BABOSA+COND 200;1;17,0000
36883; SH SKALA 325ML FRUTASTICA COCO;1;17,0000
36884; SH SKALA 325ML GLICOLICO+COND;1;17,0000
36255; SH SKALA 325ML MAIS CACHINHOS+;1;16,0000
29571; SH SL BOMBA FORCA ENGROSSA 300;2;19,0000
28766; SH SOS ARGININA 300ML;1;20,0000
17413; SH SOS CACHOS 300ML S LINE;3;21,0000
25410; SH TIO NACHO ALOE VERA 415 ML ;1;43,0000
18660; SH TIO NACHO ANTI-IDADE 415ML;1;43,0000
34677; SH TIO NACHO ANTICASPA 415ML;1;40,0000
32756; SH TIO NACHO ANTIGRISALHO 415M;3;46,0000
18966; SH TIO NACHO ENGROSSADOR 415;3;43,0000
28311; SH TOK BOTANICO;3;9,0000
23450; SH TOKBOTHANICO JABORANDI 1,9L;2;20,0000
21039; SH UMECTANTE BIO EXTR;1;38,0000
1024; SH+COND ACQUA KIDS CAB FINOS ;2;26,5000
25169; SH+COND ACQUA KIDS MARSHMALLOW;2;26,5000
36537; SH. FRIZON 1LT CRESCE FORTE;1;24,0000
23506; SH. PANTENE BAMBU 400ML;3;32,0000
37525; SH. SPECIAL BY FATTORE 1LT CAC;2;20,0000
37526; SH. SPECIAL BY FATTORE 1LT FOR;2;20,0000
37527; SH. SPECIAL BY FATTORE 1LT LIS;1;20,0000
37528; SH. SPECIAL BY FATTORE 1LT QUI;3;20,0000
37529; SH. SPECIAL BY FATTORE 1LT REC;2;20,0000
23001; SH.ELSEVE 400M LON/SONHOS819;1;36,0000
31895; SH.HASKELL 300ML INFUSAO DE OL;2;49,5000
31894; SH.OH MY! 300ML KIDS CACHO;1;24,0000
31896; SH.OH MY! 300ML KIDS LISO;3;24,0000
30275; SH.SEDA 325ML PREBIO+BIOTINA;1;14,0000
24824; SH.XUXINHA SONO TRANQUILO 210M;2;13,5000
34948; SHAKE DIET WEEK BAUNILHA 360G;2;38,0000
32039; SHAKER APARELHO P/ FISIOTERAPI;2;105,0000
23446; SHAMP BABY DOVE GLICERINA;2;18,5000
33332; SHAMP DOVE BOND 175ML;1;18,0000
14500; SHAMP QUINA ROSA 300ML;1;44,5000
34070; SHAMPOO A SECO MACA DO AMOR RI;2;26,0000
37566; SHAMPOO ACIDIFICANTE MATIZADOR;1;52,0000
37048; SHAMPOO ALECRIM + EXTRATOS MAR;8;36,0000
37605; SHAMPOO AMLA INDIAN SECRET 300;2;43,0000
37129; SHAMPOO ANABOLIZANTE FOREVER L;2;29,0000
37289; SHAMPOO ANTI RESIDUO FIO RESTO;3;34,0000
32628; SHAMPOO ARGAN 300ML;1;20,0000
37120; SHAMPOO BANHO DE VERNIZ FOREVE;5;33,0000
37065; SHAMPOO BLACK 200 ML VITISS;5;41,0000
23247; SHAMPOO CACHOS DEFINIDOS 325ML;5;14,0000
37125; SHAMPOO CRESCE CABELO FOREVER;2;49,0000
29788; SHAMPOO CRESPO 300ML - OH MY;1;21,0000
37608; SHAMPOO DESMAIA CABELO FOREVER;2;32,0000
37264; SHAMPOO ECOACTIVE ARGAN OIL 30;3;41,0000
37036; SHAMPOO EKOPURE ARGAN 400ML;1;9,0000
37030; SHAMPOO EKOPURE BABOSA 400ML;3;9,0000
37032; SHAMPOO EKOPURE CERAMIDAS 400M;2;9,0000
37031; SHAMPOO EKOPURE MANDIOCA 400ML;2;9,0000
23425; SHAMPOO ENCORPA CABELO 300ML H;3;52,0000
37290; SHAMPOO FIO RESTORE MARROM 300;3;34,0000
37309; SHAMPOO FIO RESTORE TERMIC SEL;3;38,0000
37568; SHAMPOO FRIZZ CANCELADO 300 ML;1;52,0000
33350; SHAMPOO GLICOLICO OH MY;2;21,0000
29377; SHAMPOO GRISALHOS 250 ML;1;46,0000
27705; SHAMPOO HIDRA NUTRE;4;51,0000
37268; SHAMPOO INTENSE CLEAN + AMARAN;6;41,0000
37269; SHAMPOO INTENSE HYDRACLEAN + A;2;41,0000
37050; SHAMPOO JABORANDI + EXTRATO DE;4;36,0000
17060; SHAMPOO KIDS SOS 300ML;3;22,0000
36849; SHAMPOO LOLA BASICAO 250ML;2;23,0000
37055; SHAMPOO MANDIOCA + VITAMINA E;4;36,0000
14608; SHAMPOO MAT ESPEC 300ML;1;65,0000
37018; SHAMPOO MATCHA ANTIRRESIDUOS 3;1;50,0000
37303; SHAMPOO MAX CAPI ERVAS  FIO RE;1;26,0000
26430; SHAMPOO MEL 250ML;2;38,0000
21803; SHAMPOO NUTRITIVO CACHOS SALON;3;22,5000
37019; SHAMPOO OLEOSIDADE NUNCA NEM V;2;22,0000
34625; SHAMPOO OX COLAGENO..240ML;3;22,0000
35947; SHAMPOO PANTENE 175ML BOND REP;3;16,5000
35982; SHAMPOO PANTENE 300ML BOND REP;4;28,5000
22249; SHAMPOO PRETOS LUMINOSOS 325ML;2;14,0000
37059; SHAMPOO QUIABO + OLIGOELEMENTO;3;36,0000
36743; SHAMPOO S.LINE MEU LISO SEL MA;4;19,0000
34150; SHAMPOO SE CURVE 500ML;2;58,5000
32337; SHAMPOO SULFETO DE SELENIO;5;39,0000
37063; SHAMPOO TUTANO + D-PANTENOL 30;2;36,0000
37312; SHAMPOO VIGORI TRAT  FIO RESTO;3;38,0000
37271; SHAMPOO VIOLET FLOWERS 300 ML;1;41,0000
29429; SHAMPOOS HEAD & SHOULDERS MASC;1;16,5000
27360; SHP CAVALO FORTE HIDRA 300ML;1;52,0000
17493; SHP CLEAR MEN ICE COOL MENT 40;2;36,5000
19557; SHP CLEAR WOME ANTIC DETOX DIA;1;22,5000
19558; SHP CLEAR WOME ANTIC FLOR CERE;3;22,5000
31699; SHP CRESCE CABELA OH MY  500ML;3;29,0000
27696; SHP DIAS DE QUEDA MY 300ML;4;29,0000
21048; SHP DOVE BABY CAB CL H ENRIQ 2;2;17,0000
37630; SHP DOVE BABY HIDRAT GLI 400ML;3;24,0000
36045; SHP DOVE RECON AMINOACIDO 37;1;33,0000
35957; SHP DOVE UV REPAIR 370ML   U;2;33,0000
14939; SHP J&J BABY GTS DE BRILHO 400;1;32,0000
12021; SHP J&J CAB CACHEADOS 400ML;3;32,0000
12020; SHP J&J CHEIR PROLOG 400ML;4;32,0000
30578; SIAGE COND ACELERA CRESC 200ML;2;48,0000
30013; SIAGE COND CAUT/LISOS 200ML;3;48,0000
29419; SIAGE COND CICA-THERAPY 200ML;2;48,0000
29890; SIAGE COND GLOW EXPERT 200ML;1;48,0000
30995; SIAGE COND REGEN POS QUIMICA V;2;48,0000
33627; SIAGE COND SCALP REBALANCE 280;1;66,0000
36497; SIAGE COND VOL IMEDIATO 200ML;1;48,0000
30015; SIAGE LEV CAP CAUT/LISOS 100ML;3;52,0000
30016; SIAGE MASC CAP CAUT/LISOS 250G;2;67,0000
29604; SIAGE MASC E.N HIALUR HAIR PLA;1;67,0000
36498; SIAGE MASCARA CAP VOL IMEDIATO;2;67,0000
29418; SIAGE SH 250ML CICA THERAPY;2;46,0000
30014; SIAGE SH CAUT/LISOS 250ML;3;46,0000
29602; SIAGE SH E.N HAIR PLASTIA 250M;1;46,0000
33626; SIAGE SH SCALP REBALANCE 300ML;1;66,0000
30996; SIAGE SHAMP ACELERA CRESC V3 2;2;46,0000
36496; SIAGE SHAMP VOL IMEDIATO 250ML;2;46,0000
7343; SIGMATRIOL 0.25MG C/30 CAPS;1;205,4500
24795; SIGV 20/30 SELECT PANT GG2 PA;2;330,0000
30120; SIGVARIS 401 PANTURRILHA MEDIA;6;165,0000
24797; SIGVARIS SELECOMPREM 7/8 PA GG;1;408,6300
36763; SIL-HP 4MG C 30 CAPS;1;67,5000
19181; SILIMALON 30DRG NIKK;1;84,8600
21278; SIMBRINZA 8ML;2;172,4300
1028; SIMECO PLUS SUSP 240ML;3;66,1300
22190; SIMETICONA  75MG/ML 15ML;50;7,5000
24904; SIMETICONA 75 MG GTS 15 ML (MU;62;7,5000
25458; SIMETICONA COMPRIMIDO 40MG C/2;2;11,5100
23474; SIMETICONA G GTS C/15ML;2;8,0000
3037; SINOT CLAV 400MG+57MG 70ML;1;53,5000
6515; SINOT CLAV 875+125MG C/14 COMP;1;88,7300
2847; SINTOCALMY 300MG C/20 COMP;1;58,2100
11067; SINTOCALMY 600MG C/ 30 COMP;1;93,2900
30994; SINVASTATINA 20MG 30CP G;6;8,4000
7599; SINVASTATINA 20MG C/30 COMP GE;235;8,4000
32034; SINVASTATINA 40MG 30CP G NOVAR;12;11,4000
31840; SINVASTATINA 40MG C/30;6;11,5000
1395; SINVASTATINA 40MG C/30 GENER;49;8,4000
42; SIRDALUD 2MG C/30 CPMP;1;72,8100
35049; SITAGLIPTINA 50MG 30 CPRS SAN;1;43,5600
36341; SITGLU 100MG 30CPR;2;120,6100
35191; SITGLU 50MG C 30 COMP;1;84,4100
35619; SITGLU MET 1000+50MG 56CPR;4;118,8200
35563; SITGLU MET 850/50MG 56CPR;2;118,8200
27335; SKAFE AMP CAP VITAMINA-A 10ML;5;2,0000
28901; SKAFE VITAMINA PRO B-5;5;2,0000
33547; SKALA CR PENTEAR CACHINHOS 250;2;10,0000
28631; SL ESFOL HIDRADERM 180G LAVAND;2;25,0000
24443; SL SH MEU LISINHO KIDS 300ML ;2;18,0000
30423; SLEEPFOR 30CPS 470MG;1;61,0000
36461; SLOW-K 600MG C 30 CPR LIB PROL;2;29,2400
1219; SOAPEX SAB 80GR;2;32,0000
35773; SOAPEX SAB CREMO 100ML   GAL;1;62,0000
8288; SODIX(DICLOF SODIO)50MG 20CPR;13;5,0000
25610; SOFT COLOR 30;6;29,0000
25612; SOFT COLOR 7,1 LOURO ACINZENTA;10;29,0000
29554; SOFT COLOR 73 AVELA;4;29,0000
6328; SOFT COLOR PRETO N.20;12;29,0000
35359; SOFTOL 50MG C 30 COMP;1;79,1000
20550; SOMALGIN CARDIO 100MG 60;6;51,7500
23212; SOMALGIN CARDIO 81MG 60CPR;3;33,4400
32406; SOMBRA DE SOBR RUBY ROSE;5;14,0000
35422; SONDA ALIMENTACAO ENTERAL 14FR;6;29,0000
29327; SONDA DE FOLEY 2 VIAS N 20   W;1;8,9900
26992; SONDA P/ALIMENTACAO N12 SOLUME;9;36,0000
32861; SONDA URETRAL N.12;20;2,5000
27551; SONDA URETRAL N.16 MEDSONDA;2;2,5000
26185; SONDA URETRAL N10 MEDSONDA;10;2,5000
29884; SONIC 50MG 60CPR;1;59,2300
1027; SONRIDOR CAF C/2 COMP EFERV;28;9,1000
1429; SONRISAL ENVELOPE C/ 2 COMP;22;3,3000
7947; SONRISAL LIMAO ENV C/2 COMP;2;3,1900
15804; SORINE H 3% SOL NAS SPR 50ML;1;33,9300
1043; SORINE INF SOL 30ML;1;21,7900
24520; SORINE JET BABY 0,9% SOL NAL;1;49,0800
33441; SORINE JET DUO JATO CONTINUO 1;2;51,0000
28205; SORO FISIOL CLO SODIO 9% 100ML;23;13,0000
6746; SORO FISIOLOGICO  0,9% 100ML ;32;3,5000
22182; SORO FISIOLOGICO 0,9% 500ML;99;8,0000
33660; SORO FISIOLOGICO 250ML;6;5,0000
26991; SORO FISIOLOGICO AMP 0,9 250ML;10;15,0000
30928; SORO FISIOLOGICO AMPOLA UNIDAD;150;1,5000
1882; SORO FISIOLOGICO EV 500ML;5;20,0000
2138; SORO RINGER/LACTADO 500ML;49;20,0000
37348; SOROX FRUTAS AMARELAS 550ML;2;12,0000
35944; SOROX MORANGO COM LARANJA 550M;3;13,0000
35945; SOROX TANGERINA 550ML;3;13,0000
30029; SOS BOMBA ANTIQUEDA MASCARA 50;2;26,0000
30028; SOS BOMBA ANTIQUEDA SHAMPOO 30;3;20,5000
31670; SOS BOMBA ATIVADOR ORIGINAL 30;2;18,5000
26065; SOS CACHOS AZEITE DE OLIVA CON;2;22,5000
26023; SOS CACHOS MAIS PODEROSOS COND;1;22,5000
3234; SPIRIVA RESPIMAT 2.5MCG 4ML;3;542,2900
24233; SPORTACTIVE COMP 20-30MMHG M P;1;96,0000
30959; SPRAY ARGAN CHARMING CLESS;1;35,0100
34495; SPRAY CACHOS DABELLE;3;32,0000
35496; SPRAY DABELLE 180ML CEREJA MAN;3;32,0000
36596; SPRAY DABELLE 180ML MILAGRES M;2;32,0000
18714; SPRAY DESEMBARA KIDS 300ML;1;22,0000
9007; SPRAY KARINA 250ML;1;30,0000
37664; SPRAY P/MASSAGEM BELL CORPUS 1;6;15,0000
35726; SPRAY PERFUMADO S.LINE 200ML M;1;25,0000
35727; SPRAY PERFUMADO S.LINE 200ML U;1;24,0000
37665; SPRAY SECANTE SIL TOP BEAUTY 6;6;23,0000
12808; SPREY APIS FRESH 35ML MENTA;2;8,0000
12388; STANGLIT 30MG C/ 30 COMP;1;134,6800
33702; STEATON 300MG 30CAP;1;196,0000
5666; STELE 1MG/GR CREME VAG 50GR+AP;1;73,9200
6536; STER 10MG/MG COL 5ML;1;33,9100
11342; STER MD COLIRIO C/ 10 ML ;1;55,7800
37398; STILGRIP(PARACETA+ASSOC) ENVEL;10;3,0000
1047; STILL COLIRIO 5ML;2;24,2100
31877; STILNOX 10MG 28CPR;1;166,6900
36300; STIMA 10MG C 20 COMP (C1);1;59,7900
33450; STOMALIV C/1 ENVELOP SEM SABOR;45;1,0000
35178; STOMALIV ENV SACHE UN GUARANA;38;0,8600
9881; STOMALIV SABOR ABACAXI 1 ENV;43;1,5000
22473; STREPSILS LARANJA 16U S/ACUCAR;1;37,2100
22358; STREPSILS LARANJA 8U S/ACUCAR;2;20,3700
13065; STUB 0,4 MG C/ 30 CAPS ;1;154,4100
1049; STUGERON 25MG C/30 CPS;1;29,1400
1050; STUGERON 75MG C/30 CPS;1;40,6500
25854; SUCC DE DESVENLAFAXINA 50 C/30;1;58,6000
25108; SUCC DE DESVENLAFAXINA MONOIDR;1;46,5600
32752; SUCC METOPR 25MG 30 CPR REV BI;4;20,7000
32601; SUCCINATO DE DESVENLAFAXINA;4;56,2500
23899; SUCCINATO DE METOPROLOL 50 MG;1;40,1200
20242; SUCCINATO METOPROLOL 25MG 30CP;1;20,7000
1757; SUCRAFILM 1GR C/30 COMP;1;79,9400
33205; SUCRAFILM 200MG/ML SUSP 200ML;1;122,3000
7389; SUCRAFILM 2G C/20FLAC 10ML;1;122,3000
28112; SUGANON 5MG C/30 COMP;1;178,0100
10607; SULFADIAZ. DE PRATA CREME 30G;6;17,8000
37548; SULFATO DE SALBUTAMOL 100MCG S;53;17,4600
16802; SULFATO DE SALBUTAMOL XAROPE;5;14,7600
27070; SULFATO FERROSA GTS 30ML;3;8,0000
32347; SULFATO FERROSO ARTE NATIVA;1;10,0100
24693; SULFATO FERROSO GOTAS ARTE NAT;6;7,5000
1053; SULPAN C/20 CAPS;2;46,3600
6159; SUMATRIPTAMINA 50MG C/2 COMP G;2;29,5900
2054; SUMAX 25MG C/4 COMP;3;39,4800
3136; SUMAX 50MG C/2 CPS;2;36,3900
13997; SUMAXPRO 50+500MG C/ 2 COMP;1;49,0300
13996; SUMAXPRO 85+500MG C/ 2 COMP;2;79,9600
27415; SUNLESS PO COMP FPS 50 BEG CLA;2;92,0000
33156; SUNLESS PO COMP FPS 50 BEG MED;2;91,0000
29005; SUNLESS PROT 50FPS FACIAL 60GR;1;37,0000
29006; SUNLESS PROT SOLAR FAC F50 60G;1;38,0000
33319; SUNLESS PROT STICK F50 TRAN 12;1;79,0000
36203; SUNMAX FLUID FPS55 60ML;1;66,0100
12850; SUP GRANADO INF C/ 1 UNIDADE;24;2,0000
10630; SUP. GLICER GRANADO C/1UN ADT;1;2,4200
36319; SUPER 12H ENX BUCAL FR500ML FR;2;17,0000
36327; SUPER 12H ENX BUCAL FR500ML ME;1;17,0000
36329; SUPER 12H GEL DENT BG90G FRUT;2;10,0100
36326; SUPER 12H GEL DENT BG90G MELAO;2;10,0100
36322; SUPER DESODORANTE  FR150ML ACQ;4;14,0000
36324; SUPER DESODORANTE FR 150ML CIT;6;14,0000
36320; SUPER DESODORANTE FR 150ML ENE;5;14,0000
36331; SUPER DESODORANTE FR 150ML WOO;4;14,0000
36330; SUPER DESODORANTE FR 250ML ACQ;1;20,0000
37638; SUPER FRESH CREME DENTAL 90G M;6;4,5000
37639; SUPER FRESH ENXAGUANTE BUCAL M;6;9,5000
34549; SUPERHIST 0,5MG/ML XPE 60ML;2;37,1700
35356; SUPERHIST ODT 5MG 10CPR;1;53,2500
30776; SUPERMASCARA  ACIDIFICANTE 240;3;56,0000
30361; SUPLEVIT MULHER 60CPS;3;60,0000
36563; SUPRA AZ 500MG 60CAPS;3;30,0000
33566; SUPRINUTRI SABOR BANANA 400G;2;51,0000
33783; SUPRINUTRI SENIO CHOCOLATE 400;1;46,0000
33568; SUPRINUTRI SENIOR ORIGINAL 400;3;51,0000
2128; SUSTAGEN BAUNILHA 400GR;3;86,0000
2163; SUSTAGEN KIDS BAUN 380GR;1;37,0000
2282; SUSTAGEN KIDS CHOC 380GR;1;37,0000
2056; SUSTAGEN KIDS MORANGO 380G;1;37,0000
8172; SUSTAGEN MORANGO 400G;2;86,0000
1058; SUSTRATE C/50 CPS;1;42,1200
17717; SYMBICORT SPR 6/200MCG 120D;3;181,9400
22085; SYMBICORT TUR 6/100MCG C/120 D;3;217,1700
34183; SYMPTA 30MG C/30 CAPS LR C1;2;79,5500
34184; SYMPTA 60MG C 30 CAPS LR (C1);1;158,4200
15197; SYNTHROID 137MCG 30CPR;2;63,7300
8000; SYNTHROID 88MG C/30 COMP;2;54,9100
27873; SYSTANE COMPLETE 10ML;1;94,0000
10640; SYSTANE LUBRIF. COL. 10ML;6;75,6700
11487; SYSTANE UL 15ML LUBRIF OCULAR;2;103,7700
15528; TADALAFILA 20MG C/ 4 COMP;12;20,0000
18064; TADALAFILA 5MG 2BLT X 15;1;30,0000
21846; TADALAFILA 5MG C/30CPS;1;20,0000
8689; TALCO FLORA NENEN 180G;7;12,0000
25664; TALCO FLORA VERDE;2;13,0000
8690; TALCO GRANADO BEBE 100G;1;18,0000
35416; TALCO HALLEY 200G INGLESINHA;3;13,0000
21786; TALCO INFANTIL BABY POPPY 200G;2;17,0000
25555; TALCO INFANTIL HALLEY BABY 200;1;13,0000
25556; TALCO INFANTIL HALLEY BABY 200;1;13,0000
36734; TALCO NANE 200G;1;13,0000
13724; TAMARINE 12MG C/ 20 CAPS;1;112,7500
5023; TAMARINE 6MG C/20 CAPS;1;103,5100
19070; TAMARINE GELEIA 150G ZERO ACUC;1;102,4900
36915; TAMARINE GERMINA 4BI 5FA C 5ML;1;48,4700
17437; TAMIRAM 750MG 7CPR REV ;1;191,9900
2100; TAMISA 20 CAIXA C/63 COMP;2;100,2800
11167; TAMISA 30 S/ PARA C/ 3 ENV 28;1;133,6900
33479; TAMOXIFENO 20MG 30CPR;1;50,6000
3842; TANDENE C/30 COMP;2;16,8400
8294; TANDRILAX C/15COMP;11;21,1100
1063; TANDRILAX C/30 DRAG;1;38,8900
31397; TANDUO 30CP;6;111,3300
7065; TANTIN C/28 COMP;1;30,9900
31583; TAPAZOL 10MG 100 COMP;2;81,0400
1065; TAPAZOL 5MG C/100 COMP;1;40,8600
8145; TARFIC 0,1% POMADA C/ 10 G ;1;110,1100
35162; TARGIFOR TE AJUDA TPM 15CAPS;1;45,0000
31184; TARGIFOR+C 1+1G 16CPR EFERV SN;3;44,0000
28016; TARTARATO DE BRIMONIDINA 1,5MG;1;37,0800
30924; TARTARATO DE BRIMONIDINA 5ML;3;109,1000
16621; TAVOK 500MG 7 COMP;2;109,5000
20238; TAVOK 750MG C/7 COMP ;1;138,8100
36764; TEARFILM 5MG-ML 10ML   GBIO;3;23,3100
5654; TECNOMET METOTREXATO 2,5MG C/2;2;48,2600
1073; TEGRETOL 200MG C/20 CPS;7;36,9700
2164; TEGRETOL CR 200MG C/20 CPS;1;36,2800
28338; TEGRETOL CR 400MG 60 CP C1;2;242,0400
1071; TEGRETOL XPE 100ML;5;40,1100
33127; TENA PANTS ROUPA INT NOTU G/EG;16;79,0000
33129; TENA PANTS ROUPA INT NOTU P/M;5;78,0000
9952; TENIS PE AER 150ML ORIGINAL;6;19,0000
9953; TENIS PE AER 150ML WOMAN;1;19,0000
15284; TENOXICAM 20MG C/ 10 COMP;6;13,0000
1697; TENSALIV 10MG C/30 COMP;14;11,0000
751; TENSALIV 5MG C/30 COMP;179;8,1600
11391; TENYS PE ACTION 100G PO;1;12,5000
9512; TENYS PE AEROSOL TRADIC 150ML;3;19,5000
4745; TENYS PE AEROSSOL CANFORADO;3;20,5000
12626; TENYS PE CANFORA SPRAY 150ML;6;19,0000
13248; TENYS PE WOMAN C/100G PO;1;12,5000
30235; TERBINAFINA 250MG C/28;1;61,2300
7760; TERBINAFINA CREME 20G GEN GERM;3;30,0900
34332; TERCEN 250MG/5ML 100ML+SER *;1;179,8900
1410; TERICIN AT CREME VAGINAL C/45G;1;82,6700
35733; TERMO PLUS 240G FRUT/VERM/GENG;1;156,0000
15163; TERMOMETRO DIG. G.TECH ROSA;1;22,0000
19527; TERMOMETRO DIGITAL BRANCO;6;22,0000
25745; TERMOMETRO DIGITAL OMRON DE TE;3;22,0000
37171; TERMOMETRO INFRAVERMELHO SEM-C;1;128,0000
15514; TEROLAC 0,5% OFT 5ML;5;60,3700
33510; TEROQUATRO 4MG ML SOL OFT FR 5;11;48,2700
32916; TERZA 250MG 5ML PO SUSP 100ML;2;179,8900
24141; TESOURA UNHA RETA ENOX692;1;17,0000
30648; TESS COM 21CP;2;30,0600
29208; TESTE CONFIRA TIRA GRAVIDEZ;22;7,0000
34301; TESTE DE FERTILIDADE CONFIRA;4;33,9900
34651; TESTE GRAVIDEZ CONFIRA SEMANAS;3;25,0000
22073; TESTE OVUL CLEARBLUE DIGI C/10;1;132,0000
35220; TESTOSTERONA 250MG/ML INJ 1AMP;5;430,0000
36132; TESTOSTERONA CIP 100MGML INJ 2;1;149,5600
35477; TETR4 MAGNESIO 60CPS - TIARAJU;1;48,0000
30866; THEALOZ DUO 10ML;2;102,0000
570; THERACNE GEL ESFOLIANTE 80G;1;115,0000
5610; THERACNE SAB BARRA 80G;2;82,0000
26738; THERAPSOR CAPILAR 25ML;1;48,3600
24193; TIBOLONA 2,5 MG GERMED;2;47,6800
36911; TIGELA GRADUADA COM ALCA VERTI;2;6,5000
28678; TIGELA P/ CERA C/ ABA GRADUADA;4;10,0100
19392; TIGELA P/TINT C/ SUPORT SA CLA;3;4,5000
33038; TILEMAXY BABY 15ML;13;15,0000
32251; TILEMAXY CRIANCA SUS OR 160MG/;3;13,0000
31561; TILEMAXY SOL OR GTS 200MG/ML 1;16;6,0000
24023; TIMOLOL 0,5% 5ML EMS;3;5,5000
8260; TIMOLOL 0,5% COL 5ML;12;6,0000
1092; TIMOPTOL 0,50% COL.5ML;1;25,4800
28969; TIN BIOCOL HOM BOZZ CAST MEDIO;3;32,5000
32717; TIN COLOR TOUCH 2/0 PRETO;3;34,0000
34164; TIN COLOR TOUCH CAST CL AC;2;34,0000
30824; TIN IMEDIA UNIV NUDES S/AM 3U;1;33,0000
18852; TIN MAXTON 8.26 RUIVA MISTICA;3;16,0000
29831; TIN SOFT COLOR 77 MARROM DOUR;3;29,0000
24407; TINIDAZOL+MICONAZOL CR VAG 40G;2;26,6900
22784; TINT B. COLOR KIT 6674 RUIVO L;2;19,0000
19479; TINT BC KIT 42.26 MARSALA VIOL;2;18,0000
19480; TINT BC KIT 96.44 RUIVO CLARO;4;18,0000
17699; TINT BEAUTCOLOR 76.44 RUIVO AB;1;19,0000
20850; TINT BEAUTY COLOR KIT 1.0 PRET;7;18,0000
35415; TINT BEAUTY COLOR KIT 5.5 CAST;4;18,0000
27899; TINT BEAUTYCOLOR 76.66 R.ARIEL;1;18,0000
27900; TINT BEAUTYCOLOR 76.77 SEQUOIA;1;18,0000
28461; TINT BEAUTYCOLOR 86.44 COBRE;3;18,0000
28462; TINT BEAUTYCOLOR 86.74 CARAMEL;3;18,0000
31962; TINT BELA 12,11;1;11,5000
30109; TINT BELA 8,0 SEM AMONIA;3;13,0000
16832; TINT BELA E COR MINIKIT 3.0;5;11,5000
36371; TINT BELA&COR MINIKIT 9.0 LOUR;4;11,5000
33229; TINT BELACOR 1.0 PRETO ONIX;6;11,5000
33030; TINT BIOCOLOR PROM 5.3 CAST/DO;1;34,0000
32718; TINT BIOCOLOR PROM 6.1 LOU/CIN;6;34,0000
11535; TINT CASTING CR GLOSS 800 LORO;4;33,0000
33028; TINT COLOR PER 7/1 LOUR M ACIN;1;32,0000
32716; TINT COLOR PERF 4/0 CAST M;1;32,0000
32166; TINT COLOR PERF 5/0 CAST CLARO;3;32,0000
32168; TINT COLOR PERFECT WELLA 6/7 L;3;32,0000
32900; TINT COLOR TOUCH 4/0 CAST MED;3;34,0000
33778; TINT COLOR TOUCH 5/3 CAST CLR;1;34,0000
32719; TINT COLOR TOUCH 6/0 LOURO ESC;2;34,0000
32720; TINT COLOR TOUCH 7/0 LOURO M;2;34,0000
32901; TINT COLOR TOUCH 7/1 LOU MED C;1;34,0000
32721; TINT COLOR TOUCH 8/0 RUBIO CLA;4;32,0000
33780; TINT COLOR TOUCH 9/0 RUBIO;2;34,0000
25693; TINT COR 7.44 RUIVO ACOBRE;4;15,5000
1585; TINT COR&TON 4,3 CAST MED DOUR;3;15,5000
8033; TINT COR&TON CAST CLAR DOU 5.3;1;15,5000
8034; TINT COR&TON CAST CLARO 5.0;8;15,5000
8035; TINT COR&TON CAST ESCURO 3.0;64;15,5000
8036; TINT COR&TON CAST MEDIO 4.0;4;15,5000
9432; TINT COR&TON CHOCOLATE N.6.7;5;15,5000
8032; TINT COR&TON LOUR ESC VERM 6.6;3;15,0000
9728; TINT COR&TON LOURO ESC ACI 6.1;6;15,5000
8038; TINT COR&TON LOURO ESCURO 6.0;3;15,5000
8039; TINT COR&TON LOURO MEDIO 7.0;6;15,5000
8041; TINT COR&TON MARROM DOURAD 7.7;5;15,5000
8042; TINT COR&TON PRETO 2.0;4;15,5000
8043; TINT COR&TON PRETO AZULADO 1.0;2;15,5000
8044; TINT COR&TON VIOLINE 3.66;6;15,5000
23014; TINT CR MAXTON KIT PR 12.111;2;16,0000
31872; TINT IMEDIA 6.66 LOU ESC VER;3;32,0000
25817; TINT IODO 30ML (UNIPHAR);7;8,0000
12634; TINT KIT MAXTON 7.1 LOURO CINZ;6;16,0000
18474; TINT KOLESTON 20 PRETO;6;28,0000
18127; TINT KOLESTON 366 ACAJU PURPUR;3;28,0000
18475; TINT KOLESTON 40 CAST MEDIO;8;28,0000
18746; TINT KOLESTON 46 BORGONHA;3;28,0000
18239; TINT KOLESTON 50 CAST CLARO NE;13;28,0000
20422; TINT KOLESTON 537 MARROM SE;3;28,0000
23018; TINT KOLESTON 54  CAST DOU ACO;1;28,0000
18476; TINT KOLESTON 60 LOURO ESC;3;28,0000
18128; TINT KOLESTON 61 LOURO CINZA E;10;28,0000
33881; TINT KOLESTON 674 CHOCOLATE AC;4;28,0000
18263; TINT KOLESTON 70 LOURO MEDIO;5;28,0000
19909; TINT KOLESTON 72 LOURO MAT;5;28,0000
18477; TINT KOLESTON 77 MARROM DOURAD;8;28,0000
17997; TINT KOLESTON 7744 VERMELHO;3;28,0000
25545; TINT KOLESTON COL 10 PRET INF;7;28,0000
22142; TINT KOLESTON LOURO AVELA;5;28,0000
15954; TINT LIGHT COLOR 6.0 LOURO ESC;10;21,0000
21394; TINT LIGHT COLOR 6.62 MARSALA;1;21,0000
16167; TINT LIGHT COLOR PROF 7.0 LOUR;9;21,0000
19180; TINT LIGHT COLOR PROF 7.7 MARR;3;20,5000
13009; TINT MAXTON 6.1 LOUR ESC;5;16,0000
24931; TINT MAXTON 7.4 LOURO MED ACOB;3;16,0000
36973; TINT MAXTON+AGUA OXIG 7.2 LOUR;7;16,0000
36196; TINT MAXTON+AGUA OXIG 8.4 LOUR;2;16,0000
36974; TINT MAXTON+AGUA OXIG 9.43 FER;1;16,0100
26640; TINT S/A BEAUTY COLOR 42.26;3;18,0000
11689; TINT SALON LINE 1.0 PRETO AZUL;6;21,0000
14880; TINT SALON LINE 2.0 PRETO;5;21,0000
9189; TINT SALON LINE 3.0 CAST ESCUR;5;21,0000
9449; TINT SALON LINE 4.0 CAST MEDIO;7;21,0000
9460; TINT SALON LINE 5.0 CAST CLARO;11;21,0000
16353; TINT SALON LINE 66.46;1;21,0000
14959; TINT SL LIGHT COLOR 6.7 CHOC;5;21,0000
26201; TINT SOFT COLOR 1.0 CAFE EXPRE;2;29,0000
25609; TINT SOFT COLOR 28 PRETO AZUL;6;29,0000
33104; TINT SOFT COLOR 366 BORDEAUX;1;29,0000
26202; TINT SOFT COLOR 4.15 CAPPUCCIN;3;29,0000
25740; TINT SOFT COLOR 40 CAST MED;8;29,0000
26968; TINT SOFT COLOR 46 BORGONHA;10;29,0000
18508; TINT SOFT COLOR 50 CAST;5;29,0000
26359; TINT SOFT COLOR 54;2;29,0000
25611; TINT SOFT COLOR 60 L ESCURO;2;29,0000
29553; TINT SOFT COLOR 63 CARAMELO;2;29,0000
26360; TINT SOFT COLOR 67 CHOCOLATE;3;29,0000
25741; TINT SOFT COLOR 70 LOURO NATUR;7;29,0000
33452; TINT WELLA PERFECT 3/0;1;32,0000
28463; TINT. BELA 2.11 SEM AMONIA;3;13,0000
28282; TINT. BELA 4.0 SEM AMONIA;4;13,0000
28464; TINT. BELA 6.0 SEM AMONIA;2;13,0000
30106; TINT. BELA 7.0 SEM AMONIA;4;13,0000
30107; TINT. BELA 7.1 SEM AMONIA;1;13,0000
24437; TINT.BEAUTY KIT56.44 RUI/MO426;3;18,0000
30683; TINT.CASTING 532 PETIT;1;33,0000
23768; TINTA BEAUTY COLOR 5,37;2;18,0000
31614; TINTA BELA COR S/ AMONIA 66.26;3;13,0000
28280; TINTA BELA COR SEM AMONIA 2.0;5;13,0000
28281; TINTA BELA%COR SEM AMONIA 3.0;7;13,0000
20451; TINTA KOLESTON 80 LOURO CLARO;1;28,0000
20452; TINTA KOLESTON AMORA 5546;1;28,0000
18809; TINTA KOLESTON CHOCOLATE 67;4;28,0000
22821; TINTURA ARNICA 30ML;10;7,0000
32487; TINTURA BELA S/AMONIA 96.44;3;13,0000
2397; TINTURA DE IODO 30ML FARMAX;2;7,5000
33492; TINTURA DE JALAPA 200ML (NOVO);6;15,0000
2997; TIOCONAZOL+TINID CR VAG 35G 7A;1;32,0000
10808; TIORFAN 10 C/ 18 SACHES 1G;1;63,7400
2257; TIORFAN 100MG C/9 CAPS;2;65,4900
11911; TIORFAN 30MG 18 SACHES;1;67,5100
20363; TIPOIA EM BRIM INF TT1515;1;38,0000
26605; TIPOIA ESTABIL. ESTOFADA INF ;1;74,0000
9422; TIPOIA ESTABILIZ TAM G;1;75,0000
2387;" TIPOIA ESTABILIZADORA ""M""";2;75,0000
10099; TIPOIA ESTABILIZADORA TAM P;1;75,0000
20377; TIPOIA ESTOF IMOBILIZADORA TE1;1;60,0000
30282; TIPOIA INF AZUL TAM G KESTAL;1;65,0000
32919; TIPOIA ORT SUPORTE DUPLO;3;52,0000
34807; TIPOIA ORTOP SIM AZUL G DIREI;1;45,0000
34808; TIPOIA ORTOP SIMP AZUL M DIRE;1;45,0000
34809; TIPOIA ORTOPEDICA SIMPLES P;1;45,0000
8645; TIPOIA ORTOPEDICA TAM G MERCUR;4;52,0000
2110; TIPOIA ORTOPEDICA TAM M MERCUR;1;52,0000
8646; TIPOIA ORTOPEDICA TAM P MERCUR;4;52,0000
34251; TIPOIA VELPEAU ESTOFADA BILATE;1;77,0000
7872; TIRA LEITE AMARELO MERCUR;1;39,0000
20792; TIRA LEITE BL 1UND ;3;31,0000
34973; TIRA LEITE BOMBA MANUAL G-TECH;1;86,0000
29593; TIRA MANCHAS SABONETE LIQ 100;8;9,0000
22693; TIRAS ON CALL PLUS II C/ 50 NO;47;47,0000
17378; TIRAS REAG FREE LITE AUTO CODE;3;89,0000
29575; TO DE CACHO MASCARA MATIZADORA;2;56,0000
30404; TO DE CACHO MASCARA MATIZADORA;3;30,0000
30405; TO DE CACHO MASCARA MATIZADORA;2;30,0000
32806; TOALHAS UMEDECIDAS PEQUENIN AL;2;14,0000
12105; TOBRACIN 0,3%   C/3,5G POM. OF;4;54,2500
21518; TOBRACORT COL 5ML G;2;43,4500
24112; TOBRACORT PDA 3,5G;2;46,8400
1095; TOBRADEX COLIRIO 5ML;1;52,1600
1096; TOBREX COLIRIO 5ML;5;41,9000
30033; TODECACH MAIONESE CAP 300GR MA;3;30,0000
22897; TOLREST 25 MG 30 CP REV C1;1;67,5400
31671; TON CAP NOT SL 100ML SOS BOMBA;3;17,0000
37495; TON FAC ADSTRINGENTE PAYOT 220;1;61,0000
37378; TON FAC REVITALIZANTE PAYOT 22;2;49,0000
32965; TON KASKEL 744 LOIRO MEDIO COB;2;33,0000
11699; TONAL BC 6.34 CHOCOLATE;2;21,0000
11793; TONAL BC 8.0 LOURO CLARO;1;21,0000
29823; TONALIZ BEAUTY COLOR ORANGE;1;27,0000
23021; TONALIZANTE 834 LOURO CLARO DO;2;33,0000
34205; TONALIZANTE BOT HAIR 710 LOURO;1;31,0000
37193; TONICO CAP PANTENE 52ML BIOTIN;2;40,0000
37126; TONICO CAPILAR CRESCE CABELO F;1;32,0000
32486; TONICO CAPILAR NIELYEGOLD SALV;1;20,5000
37315; TONICO CAPILAR VIGORI ALECRIM;2;18,5000
37316; TONICO CAPILAR VIGORI ALHO FIO;3;18,5000
25284; TONICO FORT CRAVO 100 ML;2;13,0000
16232; TONICO FORT CRES 100ML BOMBA;3;17,5000
25283; TONICO FORT RICINO 100 ML;4;13,0000
1572; TONICO GOTA DOURADA 100ML;5;14,5000
30777; TONICO HASKELL CAVALO FORTE 12;4;43,5000
33576; TONICO OH MY DIAS DE QUEDA 90M;1;25,0000
12874; TONICO P/ FORTALECIMENTO 100ML;1;13,0000
16355; TONICO SOS BOMBA 100ML;1;17,5000
17849; TOPCOID (MUCOPOLISSACARIDEO) G;1;38,3700
23816; TOPERMA C/10 EMPLASTROS;2;212,3300
18812; TOPIRAMATO 100MG C/60 COMP EUR;3;89,9800
10278; TOPIRAMATO 25MG C/60COMP EURO;8;31,6900
14235; TOPIRAMATO 50MG 60COMP;2;53,2400
4932; TOPISON CREME C/20G;1;81,2300
24355; TORAGESIC SOL OFTALMO 5ML ;2;55,2700
3266; TORANTE XPE 100ML;3;71,0000
26016; TORMIV SL C/ 10;2;37,6000
37394; TORNEIRA 3 VIAS D S/TUBO UN;11;5,0000
29914; TORNEIRA DESCARTAVEL 3 VIA 1UN;12;5,0000
33708; TORNEIRA PL.JARDIM1128X1/2 HER;4;32,0000
11740; TORSILAX ENV C/ 10 COMP;209;6,0000
3342; TORSILAX ENV C/4 CPS;336;2,5000
36227; TOSSEXPEC XPE 120ML OXOMEMAZIN;13;32,0000
33072; TOTACEF 500MG 14CP;2;99,5500
34570; TOTACEF 500MG C/20 COMP REV;1;142,1800
32226; TOTTI 10MG 10CP SUBL;11;30,9600
36641; TOUCA DESC BRANCA SANFONADA SO;3;18,0000
33439; TOUCA N.VISUAL REF 2118 CETIM;1;10,5000
17761; TOUCA NERO P/ CABELO SANTA CLA;2;6,0000
8950; TOUCA P/ REFLEXO COLORCAP;6;6,5000
37159; TOUCA REF 3402 BANHO CETIM COL;2;14,5000
8471; TOUCA RICCA 1UND;8;4,0000
36312; TOUCA SANFONADA AZUL PCT/100;3;43,0000
30201; TRAMADOL 100 MG C/10CPS EMS C1;1;92,0000
27428; TRAMADOL 100MG 10ML EUROFARMA ;8;32,0000
32113; TRAMADOL+PAR 37,5MG+325MG 10CP;2;19,6800
4287; TRAMAL 50MG C/10 COMP;2;97,0500
1105; TRANSAMIN C/12 CPS;3;89,5500
4083; TRANSPULMIN XPE INF MEL 150ML;1;41,9200
21519; TRATURIL 5,631G 2ENV ;1;135,4500
20799; TRATURIL 5,631G/8G ENV APSE;4;71,2200
14301; TRAVAPROSTA 2,5ML NOVA QUIMI;3;54,2300
866; TRAVATAN COL 2,5ML;3;201,8900
15126; TRAXONOL 100MG C/ 15 CAPS GEOL;4;27,6900
21029; TRAXONOL 100MG C/04 CAP;4;16,0000
15421; TRAYENTA 5MG C/30;1;348,5900
27979; TRAZODONA 100MG 30CP;5;61,1200
33175; TRAZODONA 150MG 30CP REV L.P;3;81,2300
37602; TREONIF (MAG TREONATO) 500MG 6;2;40,0000
24229; TREZETE 20MG+10MG 30CPR;1;138,3600
31188; TREZETE 20MG+10MG 60CP REV;2;250,2600
35344; TREZETE 5MG+10MG C 30 COMP;2;81,6000
9749; TREZOR 10MG C/ 30 COMP;2;44,3800
11469; TREZOR 20MG 30 COMP;1;75,0400
22589; TREZOR 40MG 30COMP;1;134,4800
20302; TREZOR 5MG C 30COMP;2;40,4400
35780; TRIADE C 1 AMPOLA 3ML;2;30,2500
9802; TRIANCINOLONA ACETONID 10G GER;4;10,0000
8340; TRIANCINOLONA ACETONIDA 10G;13;10,0000
10786; TRIAXIN 1G IM C/ AMP DILUENTE.;17;50,0100
6966; TRIAXIN 500MG IM 500MG;9;30,6800
7620; TRIAZOL 150MG C/2 CAPS;1;72,0300
31208; TRIFAMOX IBL BD 200/50MG 30ML;1;136,3900
1531; TRILEPTAL 300MG C/20COMP REV;3;90,2700
7777; TRILEPTAL 300MG C/60 COMP;1;259,2900
9166; TRILEPTAL 600MG C/20CPR;2;173,6400
1259; TRILEPTAL 600MG C/60 COMP;3;521,1900
7189; TRILEPTAL 60MG/ML C/ 100ML;7;103,1000
34754; TRIMEBUTINA 200MG CX 30 CAP;1;82,5600
33263; TRIMETAZIDINA 35MG 60CP REV;1;89,2300
37073; TRIMETAZIDINA 35MG 60CPR LP BS;9;60,0100
22478; TRIMUSK 15CPR;2;25,8800
22795; TRIPLENEX SOL OFT 5ML;3;286,2200
25605; TRIPLO A 150MG 10CPR;2;60,2400
33518; TRIPTOFANO 860MG C/60 CATAR;1;60,0000
31271; TRIQUILAR COM 63 COMP;2;42,1400
3916; TRISORB SOL OFT 15ML;1;43,9100
15370; TRIVAGEL - N CR VAGINAL C/ 60G;2;104,6700
1750; TROK CREME 10GR;6;21,6800
2241; TROK N CREME 30G;1;44,7500
12571; TROK POMADA C/ 10G ;3;21,0500
6955; TROK-G CREME 30G;2;34,8300
4917; TROK-G POMADA 30G;3;34,8300
3258; TROK-N CREME 10GR;2;23,3000
4092; TROK-N POMADA 10GR;3;22,1900
25262; TROL PAR 37,5+325MG 10CP (C1);1;40,8600
1125; TROMBOFOB GEL 40GR;4;47,4600
32278; TROMETAMOL CETOROLACO 10MG 10C;2;23,0000
31863; TROMETAMOL CETOROLACO 10MG COM;1;19,2500
3941; TROPINAL C/20 COMP;1;28,2500
3354; TROPINAL SOL 15ML;1;30,4400
35642; TUA D (VITAMINA D3) 50.000UI 4;16;15,0000
35640; TUA D (VITAMINA D3) 50.000UI 8;13;23,1200
26642; TYFLEN 500MG C/10 COMP;39;4,0000
14302; TYFLEN ENV 750MG C/ 10 COMP;33;4,0000
34543; TYLENOL 500MG COM 10 COMP;1;24,0900
33965; TYLENOL 750MG 10CPR;1;27,3700
1128; TYLENOL GOTAS 15ML;1;46,4400
1164; TYLENOL SUSP P/CRIANCA 60ML;1;57,9000
36474; ULTROX 10MG C 10 COMP SUBL;2;37,9500
27645; UMBI GTS C/ 8ML;1;159,4700
37291; UMIDIFICADOR FIO RESTORE MARRO;3;24,0000
37283; UMIDIFICADOR MAX CAPI KIDS  FI;2;40,5000
37284; UMIDIFICADOR MAX CAPI KIDS FIO;2;41,0000
20845; UMIDIFICADOR ULTRA SONICO 3L;2;210,0000
34560; UNHASANA 2,5ML;1;105,0500
29736; UNICLARIN COL.15ML;1;13,4000
15793; UNINALTREX 50MG COM REVX30 C1;3;192,6200
24027; UNIZINCO 20MG C/14 CPR;2;47,2200
32229; UNIZINCO PRE 0,5MG/ML GTS 10ML;1;33,0000
6736; UNOPROST 4MG C/30 COMP;2;58,9700
1132; URBANIL 10MG C/20 CPS;1;20,5400
5781; URBANIL 20MG C/20 COMP;3;36,6100
35678; UREADERME LOCAO HIDRATANTE 3%;4;18,7500
4939; UREADIN 20 CREME 50GR;1;88,0500
35345; UREADIN LOCAO HIDRAT 10% 100ML;2;39,5000
32037; UREADIN RX 10 LOC PLUS 400ML;2;160,0100
4067; UTROGESTAN 100MG C/30 CAPS;1;91,3700
4076; UTROGESTAN 200MG C/14 CAPS;1;85,3200
36127; VABENE LUVA PLASTICA C/100;2;1,0000
16394; VAGIDRAT ORIG GEL VAG 30G+10A;1;140,0000
35159; VALACICLOVIR 500MG 10CPR (EURO;2;86,4300
35950; VALASKI 500MG C 42 CPR;1;428,5000
37083; VALDA FRIENDS FRUT AMARELAS;26;6,0000
36650; VALDA FRIENDS LIMAO SACH;7;6,3000
29902; VALDA FRIENDS MOR PTE 50G;8;11,5000
31054; VALDA FRIENDS MORANGO 25G;10;5,5000
36338; VALDA FRIENDS MORANGO UNIDADE;1;5,6900
10049; VALDA FRIENDS PAST C/25G DIET;113;6,0000
36999; VALDA FRIENDS UVA SACH 25G;15;6,0000
36826; VALE BET+GENT+CLIO+TOL PM 20 E;1;23,5600
9215; VALERATO DE BETAMETASONSA GERM;1;18,2600
6447; VALERIMED 50MG C/20 COMP;2;20,0000
33641; VALSARTANA 160MG 30CP;1;46,5900
16144; VALSARTANA 160MG C/ 30 COMP;5;49,2300
37415; VALSARTANA 160MG COMP REV 2BL;1;28,5700
27518; VALSARTANA 320MG 30 CP EURO G;1;70,0000
17772; VALSARTANA 320MG 30 CPR;4;67,5600
34161; VALSARTANA 320MG 30CP REV;4;60,2300
35976; VALSARTANA 320MG COMP REV 3BL;1;52,3600
11851; VALSARTANA 80MG C/ 30 COMP GER;2;29,5600
37660; VALSARTANA 80MG C/30 CP (G EMS;2;29,5600
30589; VALSARTANA(GEN) 80MG COMP REV;2;23,5400
37482; VALSARTANA+HIDROC 160+12,5MG 3;2;61,2300
37483; VALSARTANA+HIDROC 160+25MG 30C;1;62,2900
34782; VANLURE 500MG 10CP REV;1;119,3900
37405; VARICELL CR 150GR   FQM SS:;1;43,0000
13393; VARICELL GEL P/PERNAS 300G ;2;70,0000
24472; VARICELL PHYTO C 30 CAPS;1;66,9700
10846; VARICOSS C/ 20 COMP;1;17,1100
22892; VARINAX 300MG C/30 CPR;5;54,5600
25963; VARIPLEX CREME 300G;6;40,0000
14598; VARIVAX(CASTANHA DA INDIA)COMP;3;41,0000
22431; VASELINA SOLIDA 25G UNIPHAR;2;7,0000
37598; VASELINA SOLIDA POTE 70G BELLA;3;17,0000
22864; VASEMAX 25G VASELINA;1;6,0000
14568; VASENOL REC INTENSA REP. 200ML;3;25,0000
6543; VASLIP 20MG C/30 COMP;1;51,8500
3128; VASOPRIL 10MG C/30 CPS;1;42,0200
4163; VASOPRIL 20MG C/30 CPS;2;125,8600
12197; VAST 10MG C/ 30 COMP;1;103,8400
12198; VAST 20MG C/ 30 COMP;1;104,8100
14530; VAST 40MG C/30 COMP;1;209,6000
2300; VASTAREL MR 35MG C/30 COMP;2;106,5400
15565; VATIS 150MG C/60COMP;1;96,3100
23770; VATIS 300MG 60COMP ;1;192,5200
10561; VECASTEN 26,7MG 30 COMP.;2;163,3400
18684; VECASTEN GEL 150G;1;71,0000
18688; VELIJA 30MG C/ 60 COMP;1;143,5500
11881; VELIJA 60MG C/ 30 CAPS;1;172,2200
33436; VENAFALON 450+50MG CX 60 COMP;3;63,4800
33241; VENAFLON 450+50MG 30 CP;5;39,1200
25413; VENAFLON 900+100MG 30CAPS;5;70,1200
27420; VENAFLON 900/100 C/60 CPR;2;122,5600
9934; VENALOT C/ 60 COMPRIMIDOS;5;146,4600
18337; VENLAFAXINA 37,5MG C/30 ;9;33,6300
26552; VENLAFAXINA TORRENT 37,50 30C;2;21,0000
30560; VENLAFAXINA XR 75MG C/30CPS (N;13;46,5600
9291; VENLAXIN 37,5MG C/30 CAPSULAS;1;57,0400
16795; VENLAXIN 75MG CPS 1X30 ;1;133,6800
26889; VENOSAN 4000 20-30 AD XX-G;1;246,0000
13659; VENOSAN 4000 20-30 AGH M PE;6;333,0000
13658; VENOSAN 4000 20-30 AGH P PE;7;333,0000
14864; VENOSAN 4000 20-30 AGH X-G PE;2;333,0000
14863; VENOSAN 4000 20-30 AT ME PE AB;1;331,0000
13653; VENOSAN 4000 COMP 20-30 AD M P;5;246,0000
13654; VENOSAN 4000 COMP 20-30 AD M P;6;246,0000
13655; VENOSAN 4000 CP 20-30 AD G PE;9;246,0000
13660; VENOSAN 400020-30 AGH G PE;6;333,0000
14862; VENOSAN 4000COMP 20-30 AD X-G;2;246,0000
36161; VENOSAN 6000 AGH 20-30 G PE AB;2;259,0000
13697; VENOSAN 6000AD 20-30 G ABERTO;1;175,0000
13706; VENOSAN 6000AGH 20-30 G BRONZE;1;155,0000
13699; VENOSAN 6000AGH 20-30 M ABERTO;3;259,0000
13698; VENOSAN 6000AGH 20-30 P ABERTO;3;259,0000
21587; VENOSAN AES AD 18MM M BRANCA A;4;133,0000
21586; VENOSAN AES AD 18MMHG P PE BRA;2;133,0000
28110; VENOSAN AES AD 18MMHG XX-G PE;3;133,0000
31423; VENOSAN AES AGH 18MMHG XXG PE;2;180,0000
21588; VENOSAN AES G PE ABERT;3;133,0000
21589; VENOSAN AES G PE ABERT BRNCA;2;170,0000
21651; VENOSAN COMF. COTTON 20-30 AD ;1;185,0000
21611; VENOSAN COMF. COTTON COM ZIPER;3;258,0000
24878; VENOSAN COMFCOT AD BG 20-30 XG;2;245,0000
13693; VENOSAN COMFORTLIN20-30 AGH M ;1;322,0000
13684; VENOSAN COMFORTLINE 20-30 AD M;2;245,0000
13670; VENOSAN COMFORTLINE 20-30 P C;1;245,0000
13694; VENOSAN COMFORTLINE20-30 AGH G;2;322,0000
36163; VENOSAN LEG 15-23 M PE FECHA;1;182,0000
33343; VENOSAN LEGLINE  AGH 15-23 G P;1;182,0000
33340; VENOSAN LEGLINE 3/4 M PE ABERT;1;108,0000
33339; VENOSAN LEGLINE AD 15-23 P PE;2;108,0000
33337; VENOSAN MEIA 3/4 SOFTLI;1;125,0000
30095; VENOSAN MEIAS COMPR. ULCERCOMF;1;370,0000
14861; VENOSAN ULCER AD X-GRANDE 40;2;346,0000
18770; VENOSAN ULCERAID 30-45 AD P BE;4;346,0000
14860; VENOSAN ULCERAID AD GRANDE 40;6;346,0000
14859; VENOSAN ULCERAID AD MED BEGE40;4;346,0000
22654; VENOSAN ULCERCOMFORT AD G;1;370,0000
18231; VENOSAN ULTRA 4000 20-30 G BEG;3;312,0000
23138; VENOSAN ULTRAL AD BG 30-40 XG;1;232,0000
23140; VENOSAN ULTRAL AGH BG 30-40 P;1;310,0000
23143; VENOSAN ULTRAL AGH BG 30-40 XG;2;310,0000
22972; VENOSAN ULTRAL AT BG 20-30 XG;2;312,0000
29184; VENOSAN ULTRALINE 4000  30-40G;2;310,0000
33341; VENOSAN VLA2230L;1;182,0000
33982; VENOXIDE 1000MG 30CP REV;2;126,3000
32500; VENOXIDE 500MG CX 30COMP;1;74,3000
27400; VENTUS SPRAY NASAL 60ATOM;2;50,8900
16151; VENULA 200MG 30CAP BIO;2;48,4600
18614; VENUS 3 L4P3 SIMPLY TAVEL GILL;4;32,0000
27139; VENUS AP SENSI SIMPLY 3 L4P3;5;32,0000
25688; VENUS AP SENSIT SIMPLY 2 UN;3;20,0000
17637; VENZER 16MG 30CPR LIB;1;98,6100
15568; VENZER HCT 16MG + 12,5MG 30;1;101,0400
33664; VERICAL C/ 60CAPS;1;238,0000
2982; VERTIGIUM 10MG C/50 COMP;7;22,0000
23660; VERTIX ESC CAB ALUMINUM 1421;2;48,0000
32826; VERTIX ESP MAD. C/100;4;13,0000
28277; VERTIX PENTE BLUEPRO 1632;3;8,0000
19005; VERTIZAN 10MG C/50 CPR;5;16,3500
5665; VERUTEX B CREME 15GR;1;112,9200
1145; VERUTEX CREME 15GR;1;92,1900
2278; VI-FERRIN C/60 DRAGEAS;3;81,3700
950; VI-FERRIN GOTAS 20ML;2;43,3500
16935; VIBRAL XPE ADU 3MG/ML 120ML;1;35,5400
2127; VICK INALADOR 5GR;5;24,5000
1447; VICK VAPORUB 12GR;11;23,8000
3627; VICK VAPORUB 30GR;2;56,0600
12717; VICK VAPORUB C/50G POTE;3;83,9600
3005; VICK XPE EXPEC 44E 120ML;1;46,3600
9210; VICOG 5MG C/30 COMP;1;37,6800
13005; VIDISIC GEL GEL OFTALMI 10G;1;66,2400
2674; VIGADEXA COLIRIO 5ML;2;56,4700
5238; VIGAMOX COLIRIO 5ML;1;57,7300
23592; VINAGRE DE MACA  ALMAROMI 400M;12;7,0000
27573; VINAGRE DE MACA 250ML;8;26,0000
23058; VINAGRE MACA  ALMAROMI 400ML;12;30,0000
29632; VINAGRE ROSANI 500ML MACA;3;8,0000
32070; VIOFTA 0,15% SOL OFT 10ML;1;69,1300
30281; VIOFTA 0,40% 10 ML;1;93,0000
22356; VIOLETA GENCIANA C/30 ML;5;7,0000
34801; VIT B12 BIOVITON 30GOMAS;3;42,0000
32654; VIT K2 MENAQUINONA 125MCG 60CP;1;64,0000
36499; VITA D3 + C + K2 MENTA GTS 20M;1;89,0000
25768; VITA SEIVA ARGAN 30ML;7;8,0000
32204; VITA SEIVA BALS RS MOSQUET 250;1;22,0000
34723; VITA SUPRAZ 1 FLAC A D E 3ML;3;16,0100
2988; VITACID CREME 25G;1;68,2900
36803; VITAMINA B12 2000MCG/MG INJ 2,;6;46,0500
36903; VITAMINA B12 60 CPR ORODISP (E;1;40,0000
33540; VITAMINA B12 GOTAS FRASCO 20ML;3;52,5900
36986; VITAMINA B12 PLUS 60CAPS;3;37,0000
37360; VITAMINA C INJETAVEL 500MG F/A;130;8,0000
30651; VITAMINA D 2000UI 30CPR;4;31,0000
30513; VITAMINA D 50 000UI 04 CAP;1;39,4100
34893; VITAMINA D C/60CP;1;31,2300
35985; VITAMINA D DEGEN 7.000UI CAP X;7;12,5600
23784; VITAMINA D2000 60CP;2;28,0000
37455; VITAMINA D3 10.000UI 8CAPS (CO;3;26,2400
33131; VITAMINA D3 1000 C/30 BIOL GEN;4;12,0000
33859; VITAMINA D3 15.000UI 10CAP;3;60,2300
32186; VITAMINA D3 5.000UI 30CAP MOLE;3;20,0000
37578; VITAMINA D3 50.000UI 12CAPS (C;5;34,5300
31075; VITAMINA D3 50000 UI CAP MOLE;1;52,2300
35984; VITAMINA D3 5000UI C 30 CAPS G;1;51,1200
30494; VITAMINA D3 7.000UI 10CAP MOLE;1;12,8900
31595; VITAMINA D3 7.000UI 30CAP MOLE;4;16,8800
31968; VITAMINA D3 BIOLAB 15.000UI 4C;1;38,4600
36661; VITAMINA K2 60CAPS (UNILIFE);1;55,0000
22544; VITANOL-A 0,05% CRE 30G;1;67,4600
31868; VITAXON C + ZINCO GOTAS;2;10,0100
22147; VITAXON C 1G 10CP EFERVECENTES;55;10,0000
23540; VITAXON C GTS 20ML VITAMINA C;6;6,0000
23384; VITAXON C TRIPLA ACAO C/10CPR;9;14,0000
23000; VITAXON C ZINCO 10COMP EFERV ;2;15,0000
33914; VITER C 500MG 20 COMP;10;15,0000
33506; VITERGAN COG 60CPR;1;206,4700
30078; VITERGAN MASTER N 30CPR;1;109,0000
13059; VITERGAN ZINCO C/ 30 COMP;2;118,2000
11443; VITERGAN ZINCO PL C/ 30 COMP;1;138,9800
37621; VITTA ARTIX 500 30 CAPSULAS;7;120,0000
33535; VIVENCIA PATCH 9MG 30ADES;2;417,0500
33777; VODOL CREME 28G;2;41,0000
30566; VOEXTOR 10MG 30CP REV;1;172,2700
31530; VOEXTOR 5MG 30CP REV;3;103,0400
37004; VOLATA 50MCG SOL OFT 2,5ML;1;91,2100
1171; VOLTAREN 75MG C/ 1 AMP;5;6,0600
34035; VORIC 10MG 10CPR SUBL;1;37,4900
31879; VULT PO COMP FPS90 01 CLARO;1;90,0000
31880; VULT PO COMP FPS90 02 MD CLARO;1;90,0000
32073; VULT PO COMP FPS90 04 MD ESCUR;1;90,0000
29224; VULT PROTETOR LABIAL MORANGO;3;19,0000
32918; VYNAXA 10 MG C/30 CPR REV;1;54,7300
37342; WEGOVY 1MG+4AG NOVOFINE;1;1347,2400
33033; WELLA - CT  7.73 LR MD MR DR60;1;32,0000
16941; WHEY 100% PURE BAUNILHA 900G;2;194,0000
16942; WHEY 100% PURE CHOCOLATE 900G;1;194,0000
16510; WHEY 100% PURE MORANGO 900G;1;194,0000
34157; WM7701-408M24 LIP GLOSS 2 EM 1;10;12,0000
27534; XAFAC 2,5 C/60;4;155,4700
10634; XAMPU T XUXA CABELOS CACHEADOS;2;13,5000
10635; XAMPU T XUXA CAMOMILA ;3;13,5000
10636; XAMPU T XUXA NEUTRO;1;13,5000
26746; XANTCLER FLACONETE 10ML;114;1,5000
28288; XANTCLER FRUTAS VERMELHAS UNI;60;1,5000
1180; XANTINON B12 ENV C/10 CPS;9;6,5000
32620; XANTINON CAPSGEL X 20 (AL);1;18,0000
27959; XANTINON COMPLEX C/ 100 ML;1;19,2500
2172; XANTINON COMPLEX C/1 FLAC;1;3,6000
9747; XEFO 8MG C/ 20 COMP;1;38,9200
19220; XIGDUO XR 10MG 1000MG C 30;1;271,7700
20204; XO INSETO  SPRAY FR 200ML;26;22,0000
18994; XO INSETO 15% LOC FR 200 ML;29;20,0000
26305; XO INSETO ICARIDINA 100ML BABY;5;37,0000
19914; XO INSETO ICARIDINA 25% SOL SP;2;37,0000
33887; XO INSETO ICARIDINA SONO GEL B;4;35,0000
23836; YAMA YAMASTEROL QUERATINA 200G;4;7,0000
34789; YAMASTEROL CREME COLAGENO 320M;1;12,0000
26677; YAMASTEROL HIALURONICO 320G;3;12,0000
24066; YAMASTEROL QUERATINA COWASH;5;12,0000
37672; YLPGL013 LIP GLOSS YASMIMJU;23;15,0000
10890; YOMAX 5,4MG C/ 60 COMP ;1;112,5600
21214; ZAP 10MG C 30 COMP C1 ;1;168,8700
2047; ZAP 5 MG C/ 30 COMP;1;167,3300
4709; ZART 50MG C/30 COMP;15;15,7800
9355; ZART H 100MG C/30 COMP;2;106,8400
32637; ZASTAT 20MG 10CP;2;26,1800
1184; ZELIX 150MG C/1 CPS;1;54,5900
2095; ZERO CAL 100ML;11;10,0000
2096; ZERO CAL 200ML;7;16,0000
8635; ZETIA 10MG C/30COMP;1;131,2100
17213; ZETSIM 10/10MG 30CPR ;1;121,1400
17147; ZETSIM 10/20MG COM 30CP;1;122,5900
6578; ZINA 5MG C/10 COMP;1;64,0300
36589; ZINCO 2MG 0,5ML SUSP OR 75ML;1;39,0000
31737; ZINCO BIOLAB 20MG C/30CPRXXX;1;18,0000
36987; ZINCO QUELATO 60CAPS (UNILIFE);2;27,9900
12746; ZINNAT 500MG C/14 COMP;1;365,9800
33334; ZINPASS EZE 20MG+10MG COMP REV;1;133,4800
17018; ZIRVIT BABY 30ML+SER DOSAD;2;66,0000
34563; ZIRVIT KIDS MAX SN;1;89,3200
20566; ZIRVIT KIDS SUSP 100ML ;1;75,0000
30649; ZIRVIT MULTI MAX 30CPR REVEST;1;164,0000
18646; ZIRVIT PLUS 30CPR REV;1;165,0000
21457; ZIRVIT VITA MOLES 30;1;87,0000
24564; ZOLPIDEM (B-1) SL 5MG C/ 30CP ;4;53,2600
34557; ZOLPIDEM 5MG 30CP SUBL;6;42,6900
36955; ZOLPIDEM HEMIT SUBLINGUAL 5MG;1;39,2500
28229; ZOLPIDEM HEMITARTARATO 10MG 30;3;15,1200
31398; ZYAD DIARIO 5MG 60CPR SN;1;124,6100
6748; ZYLORIC 100MG C/30 COMP;1;25,0700
2114; ZYPRED SOL OFT 6ML;1;102,1600
;;;
